{"type": "FeatureCollection", "features": [{"type": "Feature", "properties": {"name": "Erie Canal", "type": "canal", "source": "OpenStreetMap"}, "geometry": {"type": "LineString", "coordinates": [[-76.761149, 42.998741], [-76.7599391, 42.9987943], [-76.7575536, 42.9987351], [-76.7562318, 42.9986974], [-76.7546783, 42.9988167], [-76.7537856, 42.9989736], [-76.7506614, 42.9997018], [-76.7465244, 43.0006308], [-76.7438722, 43.0012585], [-76.7398725, 43.0021499], [-76.7366132, 43.0027956], [-76.7345854, 43.0032339], [-76.7335686, 43.0034537], [-76.7286432, 43.0046967]]}}, {"type": "Feature", "properties": {"name": "Erie Canal", "type": "canal", "source": "OpenStreetMap"}, "geometry": {"type": "LineString", "coordinates": [[-77.6441082, 43.122352], [-77.645034, 43.1228499], [-77.6502875, 43.1255924]]}}, {"type": "Feature", "properties": {"name": "Erie Canal", "type": "canal", "source": "OpenStreetMap"}, "geometry": {"type": "LineString", "coordinates": [[-77.7134208, 43.184189], [-77.7152313, 43.1837318], [-77.716857, 43.1834753], [-77.7188262, 43.1833283], [-77.7213025, 43.1833117], [-77.7234953, 43.1836048], [-77.7251363, 43.1837944], [-77.7263354, 43.1841374], [-77.7278226, 43.1849102], [-77.7287808, 43.1857812], [-77.7294905, 43.1863716], [-77.7295521, 43.1864276], [-77.7296228, 43.1864919], [-77.7299662, 43.1867817], [-77.7321511, 43.1885156], [-77.7340836, 43.1893652], [-77.7360891, 43.1897563], [-77.7385199, 43.1897208], [-77.7532638, 43.1875577], [-77.7544663, 43.1873813], [-77.7560747, 43.1873163], [-77.7581612, 43.1875231], [-77.7598355, 43.1876005], [-77.7623344, 43.1877082], [-77.7634469, 43.1878426], [-77.7645955, 43.1880758], [-77.7656494, 43.1883881], [-77.7666098, 43.1887393], [-77.7682313, 43.1895283], [-77.7692997, 43.1900848], [-77.7706558, 43.1905006], [-77.7755191, 43.1911035], [-77.7775223, 43.191383], [-77.7782594, 43.1913546], [-77.7793861, 43.1911703], [-77.7819206, 43.1906673], [-77.7827696, 43.190567], [-77.7847974, 43.1904052], [-77.7876784, 43.1899846], [-77.7883747, 43.1898974], [-77.7891922, 43.1897963], [-77.7906822, 43.1897136], [-77.7937738, 43.1898708], [-77.794522, 43.1899801], [-77.7952853, 43.1901585], [-77.7962021, 43.1905625], [-77.8018272, 43.1942865], [-77.8030031, 43.1948684], [-77.8042734, 43.1952563], [-77.8053205, 43.1953815], [-77.809509, 43.1955191], [-77.812004, 43.1956271], [-77.8180894, 43.1958308], [-77.8200748, 43.1958519], [-77.8243234, 43.1960019], [-77.8266637, 43.1960045], [-77.8276883, 43.1960983], [-77.8286579, 43.1962575], [-77.8297308, 43.1966204], [-77.8309925, 43.1971648], [-77.8339708, 43.1984537], [-77.8355587, 43.1990857], [-77.836574, 43.1994494], [-77.8375671, 43.1996801], [-77.8389661, 43.2000242], [-77.8401506, 43.2001493], [-77.8410754, 43.2002166], [-77.8420051, 43.2002073], [-77.8433271, 43.2000007], [-77.8444518, 43.199544], [-77.8458508, 43.1986067], [-77.8472937, 43.1975172], [-77.8479784, 43.1968832], [-77.8487337, 43.1963826], [-77.8495405, 43.1959697], [-77.8502271, 43.1957819], [-77.8513944, 43.1955504], [-77.8524845, 43.1955504], [-77.8533493, 43.1956595], [-77.8545101, 43.1957657], [-77.8552493, 43.1958834], [-77.8559, 43.1959631], [-77.8567016, 43.1961718], [-77.858424, 43.1968644], [-77.8611534, 43.1980533], [-77.8650587, 43.1996801], [-77.8675478, 43.2007312], [-77.8696764, 43.2016197], [-77.8711355, 43.2022453], [-77.8716505, 43.2024518], [-77.8723371, 43.2027208], [-77.8733413, 43.202921], [-77.874543, 43.2030587], [-77.8758733, 43.2030336], [-77.8779762, 43.2030587], [-77.8797357, 43.2030587], [-77.8811948, 43.2030774], [-77.8823364, 43.2031588], [-77.8835552, 43.203409], [-77.8845422, 43.2038032], [-77.8856838, 43.2043913], [-77.8865764, 43.205067], [-77.8880184, 43.2064433], [-77.8896062, 43.2083326], [-77.8904388, 43.2092272], [-77.8912971, 43.2099154], [-77.8922241, 43.2104909], [-77.8935115, 43.211104], [-77.8942669, 43.2113354], [-77.8957431, 43.2116169], [-77.8973911, 43.2118171], [-77.9005067, 43.2118796], [-77.9032791, 43.2118984], [-77.9043262, 43.211961], [-77.9056566, 43.2121799], [-77.9077165, 43.2126929], [-77.9102888, 43.2133232], [-77.9118331, 43.2136139], [-77.9156366, 43.2141008], [-77.9196881, 43.2146148], [-77.9216925, 43.2148898], [-77.9238121, 43.2151576], [-77.9245998, 43.2152316], [-77.9254498, 43.2152342], [-77.9263008, 43.2151555], [-77.9271704, 43.2149901], [-77.9289118, 43.2145863], [-77.9305438, 43.2142709], [-77.9320733, 43.2142539], [-77.9332775, 43.2144331], [-77.9343069, 43.2147884], [-77.9359119, 43.2156767], [-77.9369676, 43.2162396], [-77.9377744, 43.2165399], [-77.9387565, 43.216831], [-77.9393233, 43.2168971], [-77.9399137, 43.2169298], [-77.9404615, 43.2169114], [-77.9410718, 43.2168417], [-77.9419682, 43.2166551], [-77.9439029, 43.2160696], [-77.9448769, 43.2157748], [-77.9470105, 43.2151217], [-77.948486, 43.2146966], [-77.9496592, 43.2145511], [-77.9548539, 43.2144083], [-77.9587531, 43.2143563], [-77.9644074, 43.2141499], [-77.9694116, 43.2139252], [-77.9741924, 43.2138001], [-77.9787843, 43.2136312], [-77.9801576, 43.2136312], [-77.9815309, 43.2138188], [-77.9829042, 43.2141942], [-77.9843633, 43.2149761], [-77.9853933, 43.2156642], [-77.9869983, 43.2168401], [-77.9888866, 43.2181036], [-77.990629, 43.2190293], [-77.992646, 43.2198112], [-77.9945514, 43.2205555], [-77.9968987, 43.2215483], [-77.9997528, 43.2225757], [-78.0003237, 43.2228632], [-78.0020015, 43.223245], [-78.0045335, 43.2235327], [-78.013314, 43.2245771], [-78.0149362, 43.2247397], [-78.016052, 43.2250149], [-78.017391, 43.2254903], [-78.0189703, 43.2264096], [-78.0207985, 43.2278168], [-78.0220001, 43.2290675], [-78.0229013, 43.2301494], [-78.0234163, 43.2308686], [-78.0238454, 43.2317441], [-78.0241201, 43.2332012], [-78.0243433, 43.2347645], [-78.0247467, 43.2356524], [-78.0252788, 43.2362903], [-78.026017, 43.236853], [-78.0268016, 43.2372418], [-78.0338275, 43.240017], [-78.0352438, 43.2405547], [-78.0364454, 43.24123], [-78.0371492, 43.2419303], [-78.0389516, 43.2440873], [-78.039767, 43.2449189], [-78.0407541, 43.2456504], [-78.0439298, 43.2480136], [-78.0456464, 43.2492327], [-78.0471056, 43.2499517], [-78.05144, 43.2513583], [-78.0567615, 43.253265], [-78.0589931, 43.2540151], [-78.0604093, 43.254484], [-78.0610578, 43.2546696], [-78.061725, 43.254796], [-78.0624111, 43.254865], [-78.0630674, 43.2548752], [-78.0638137, 43.2548142], [-78.0656783, 43.2544735], [-78.0667568, 43.2542887], [-78.0675684, 43.2540875], [-78.0683708, 43.253814], [-78.0701724, 43.2530251], [-78.0709009, 43.2528184], [-78.0716176, 43.2526845], [-78.0723055, 43.2526288], [-78.07305, 43.2526419], [-78.0737058, 43.2526919], [-78.0747593, 43.2528309], [-78.0753868, 43.2529524], [-78.075887, 43.2531108], [-78.0769746, 43.253515], [-78.0788629, 43.2542026], [-78.0801933, 43.2542652], [-78.0819528, 43.2541401], [-78.0840986, 43.2537025], [-78.0853431, 43.2534525], [-78.0866735, 43.2532337], [-78.087918, 43.2531399], [-78.0896347, 43.253265], [-78.0915229, 43.2537338], [-78.0931537, 43.2541401], [-78.0942266, 43.2542339], [-78.096029, 43.2542026], [-78.1014364, 43.25364], [-78.104655, 43.2533275], [-78.1089466, 43.2527648], [-78.111779, 43.2522647], [-78.1138389, 43.2519522], [-78.1150405, 43.2518271], [-78.1169288, 43.2517021], [-78.1195467, 43.2516083], [-78.1207483, 43.2515771], [-78.1226366, 43.251327], [-78.1267564, 43.2507331], [-78.1347391, 43.2494296], [-78.1356674, 43.2492915], [-78.1364986, 43.2492186], [-78.1378397, 43.2491482], [-78.145587, 43.2491599], [-78.157054, 43.2492662], [-78.160719, 43.2493162], [-78.1625643, 43.2493162], [-78.1637831, 43.2491787], [-78.1654139, 43.2488786], [-78.166667, 43.2486285], [-78.1681262, 43.248366], [-78.1692162, 43.2481409], [-78.170332, 43.2479096], [-78.1709586, 43.2478283], [-78.1718169, 43.2478033], [-78.172761, 43.2477658], [-78.1735077, 43.2477658], [-78.1743403, 43.2478033], [-78.1750956, 43.2478783], [-78.1762801, 43.2479533], [-78.1773959, 43.2480346], [-78.1780997, 43.2480784], [-78.1788722, 43.2480659], [-78.1796275, 43.2479721], [-78.1805888, 43.2478158], [-78.1823054, 43.2475345], [-78.1836358, 43.2473907], [-78.184537, 43.2473907], [-78.1856528, 43.2474907], [-78.1871977, 43.2478158], [-78.1891289, 43.2482659], [-78.190631, 43.2485973], [-78.1923047, 43.2489224], [-78.1932488, 43.2490474], [-78.1941243, 43.2490974], [-78.1955233, 43.2491099], [-78.1965104, 43.2490849], [-78.1974373, 43.2489599], [-78.1986561, 43.2487848], [-78.202879, 43.2480971], [-78.2046814, 43.247797], [-78.2061062, 43.2475845], [-78.2069989, 43.2475345], [-78.2080546, 43.247547], [-78.2094165, 43.2476336], [-78.2106724, 43.2478345], [-78.2118741, 43.2481409], [-78.2132302, 43.248616], [-78.2144661, 43.2492224], [-78.2153655, 43.2497131], [-78.2177792, 43.2509729], [-78.2193585, 43.2520357], [-78.2207575, 43.2532672], [-78.221942, 43.2542924], [-78.2228604, 43.255005], [-78.2237788, 43.2556051], [-78.2249632, 43.256024], [-78.2262679, 43.2562302], [-78.2276927, 43.2561802], [-78.2286969, 43.2561052], [-78.2313576, 43.2557739], [-78.2367907, 43.2550863], [-78.2399407, 43.25468], [-78.2429705, 43.2542924], [-78.2456055, 43.2539611], [-78.2473479, 43.253711], [-78.248498, 43.2535235], [-78.2492962, 43.2532922], [-78.2504979, 43.2528671], [-78.2521029, 43.2522545], [-78.2529612, 43.2519606], [-78.2538882, 43.2517106], [-78.2546778, 43.2515668], [-78.2563601, 43.2515543], [-78.2581111, 43.2515418], [-78.2601967, 43.2515543], [-78.2635441, 43.2515668], [-78.2655783, 43.2516293], [-78.267149, 43.2516106], [-78.2683507, 43.2514855], [-78.2698699, 43.2512792], [-78.2715521, 43.2508291], [-78.2728568, 43.250329], [-78.2748995, 43.2494225], [-78.2763587, 43.2488161], [-78.2775088, 43.2483409], [-78.2780912, 43.2479883], [-78.2789254, 43.2477551], [-78.2797498, 43.247625], [-78.2808732, 43.2476162], [-78.2831994, 43.2478345], [-78.2864008, 43.2479721], [-78.2893792, 43.2481909], [-78.2909499, 43.2482972], [-78.2920657, 43.2483159], [-78.2930699, 43.2482347], [-78.2944689, 43.2479096], [-78.2959881, 43.247547], [-78.2988635, 43.2468592], [-78.3011981, 43.2462028], [-78.3029833, 43.2457026], [-78.3043738, 43.2452525], [-78.3062277, 43.2444397], [-78.3086052, 43.2434268], [-78.3100215, 43.2428641], [-78.3113776, 43.2424514], [-78.3127852, 43.2419512], [-78.3139267, 43.2417199], [-78.3161154, 43.241426], [-78.3202181, 43.2409821], [-78.3231965, 43.2405632], [-78.3243123, 43.2403881], [-78.3257456, 43.2400004], [-78.3294192, 43.2388124], [-78.3340111, 43.237293], [-78.3363286, 43.2364488], [-78.337616, 43.2361049], [-78.3400193, 43.2356359], [-78.3447829, 43.2350731], [-78.3495894, 43.2345416], [-78.3535805, 43.2339976], [-78.36071, 43.2329166], [-78.3613, 43.2328107], [-78.3617904, 43.2327049], [-78.3622878, 43.2325805], [-78.3682745, 43.2308517], [-78.3697308, 43.2303723], [-78.3707854, 43.2300865], [-78.3767915, 43.2284027], [-78.3771937, 43.228276], [-78.377571, 43.2281413], [-78.3779264, 43.227979], [-78.3782846, 43.227765], [-78.3785822, 43.2275667], [-78.3788976, 43.2273539], [-78.379142, 43.2271572], [-78.3793398, 43.2269596], [-78.3795014, 43.2267746], [-78.3796543, 43.2265222], [-78.379756, 43.2262982], [-78.380202, 43.2248544], [-78.3803215, 43.2244818], [-78.3805945, 43.223906], [-78.3808357, 43.2234521], [-78.3812425, 43.2228437], [-78.3813822, 43.2226808], [-78.3815234, 43.2225557], [-78.3817293, 43.2224307], [-78.383243, 43.2216527]]}}, {"type": "Feature", "properties": {"name": "Erie Canal", "type": "canal", "source": "OpenStreetMap"}, "geometry": {"type": "LineString", "coordinates": [[-73.716806, 42.8079554], [-73.7166811, 42.8077823], [-73.7150727, 42.8061559], [-73.714747, 42.8057888], [-73.7134364, 42.8048635], [-73.7106729, 42.8037837], [-73.7088171, 42.8033952], [-73.7035061, 42.8031539], [-73.702375, 42.8029494]]}}, {"type": "Feature", "properties": {"name": "Erie Canal", "type": "canal", "source": "OpenStreetMap"}, "geometry": {"type": "LineString", "coordinates": [[-77.6328565, 43.116614], [-77.6289382, 43.1146085], [-77.6280403, 43.1142046], [-77.6271123, 43.1138286], [-77.6260179, 43.1134449], [-77.6248538, 43.1130689], [-77.6226276, 43.1123993], [-77.6204443, 43.1117179], [-77.6140392, 43.1097441], [-77.6115018, 43.1089726], [-77.6097745, 43.1084439], [-77.6080793, 43.107923], [-77.6063419, 43.1074491], [-77.6029026, 43.1063388], [-77.5906558, 43.1026157], [-77.5714918, 43.0967479], [-77.5712271, 43.0966597], [-77.5709543, 43.096554], [-77.5705427, 43.096355], [-77.5703031, 43.0962517], [-77.5700481, 43.0961613]]}}, {"type": "Feature", "properties": {"name": "Erie Canal", "type": "canal", "source": "OpenStreetMap"}, "geometry": {"type": "LineString", "coordinates": [[-73.6859129, 42.7944405], [-73.6855049, 42.7937108], [-73.6845188, 42.7919473], [-73.6830053, 42.7903703], [-73.6822114, 42.789543]]}}, {"type": "Feature", "properties": {"name": "Erie Canal", "type": "canal", "source": "OpenStreetMap"}, "geometry": {"type": "LineString", "coordinates": [[-73.6863543, 42.7953198], [-73.6859129, 42.7944405]]}}, {"type": "Feature", "properties": {"name": "Erie Canal", "type": "canal", "source": "OpenStreetMap"}, "geometry": {"type": "LineString", "coordinates": [[-78.383243, 43.2216527], [-78.3834488, 43.2215813], [-78.3836656, 43.2215346], [-78.3839287, 43.2214879], [-78.3841911, 43.2214688], [-78.3845278, 43.2214775], [-78.3848553, 43.2215155], [-78.3851166, 43.2215834], [-78.3853482, 43.2216964], [-78.3855583, 43.2218181], [-78.3857457, 43.2219629], [-78.3859037, 43.2221088], [-78.3864729, 43.2227999], [-78.3881777, 43.2244829], [-78.3886055, 43.2248099], [-78.3891293, 43.2250972], [-78.3896137, 43.2252735], [-78.3900987, 43.2253902], [-78.3905697, 43.2254357], [-78.3910723, 43.2254664], [-78.3919271, 43.2254635], [-78.3982424, 43.2251891], [-78.3990562, 43.2251236], [-78.3997746, 43.2250359], [-78.4003487, 43.2249449], [-78.4011046, 43.2247544], [-78.4058304, 43.2232422], [-78.4067686, 43.2229594], [-78.4077401, 43.2227325], [-78.4086152, 43.2226468], [-78.4156361, 43.2224154], [-78.4180565, 43.2223528], [-78.4193268, 43.2223153], [-78.4199724, 43.2222896], [-78.4204134, 43.2222418], [-78.4213179, 43.2220211], [-78.4218668, 43.2218158], [-78.422358, 43.2215742], [-78.4230176, 43.2211019], [-78.4252062, 43.2195632], [-78.4268799, 43.2184249], [-78.4273949, 43.2180371], [-78.4279271, 43.2177055], [-78.428897, 43.2172051], [-78.4317465, 43.2157977], [-78.4332915, 43.2150596], [-78.4349738, 43.2142464], [-78.4363642, 43.2137835], [-78.4374629, 43.2136084], [-78.438613, 43.2135771], [-78.4399262, 43.2137648], [-78.4409526, 43.2141525], [-78.4431131, 43.215599], [-78.4467853, 43.2180258], [-78.4473058, 43.218345], [-78.4476684, 43.2185516], [-78.4480176, 43.2187213], [-78.4483797, 43.2188575], [-78.4487428, 43.2189832], [-78.4491167, 43.2190913], [-78.4495417, 43.2191829], [-78.449983, 43.2192459], [-78.450459, 43.2192782], [-78.4509217, 43.2192821], [-78.4514358, 43.2192567], [-78.4519173, 43.2192055], [-78.4524167, 43.2191336], [-78.4529148, 43.219036], [-78.4533579, 43.218931], [-78.4538191, 43.2187993], [-78.4542721, 43.2186454], [-78.4547144, 43.2184851], [-78.4551047, 43.2183188], [-78.455466, 43.2181563], [-78.4558646, 43.2179486], [-78.458835, 43.2162502], [-78.4592538, 43.2160185], [-78.4596665, 43.215813], [-78.4601101, 43.2156283], [-78.4605288, 43.2154639], [-78.4609594, 43.2153316], [-78.4614617, 43.2152007], [-78.4620231, 43.2150926], [-78.4626695, 43.2150058], [-78.4725855, 43.2139304], [-78.4729649, 43.2138745], [-78.4733182, 43.213812], [-78.4736667, 43.2137375], [-78.4739975, 43.2136499], [-78.4781449, 43.2123893], [-78.4785241, 43.2122835], [-78.4789039, 43.2121962], [-78.4792886, 43.2121235], [-78.4797393, 43.2120613], [-78.4801823, 43.2120119], [-78.4805959, 43.2119794], [-78.4810276, 43.2119697], [-78.4814567, 43.2119757], [-78.4819041, 43.2120103], [-78.4879856, 43.2126576], [-78.4884757, 43.2127221], [-78.4889166, 43.2128022], [-78.4893647, 43.2129078], [-78.4897673, 43.213019], [-78.4901268, 43.213136], [-78.4904895, 43.2132725], [-78.4907876, 43.2134043], [-78.4910786, 43.2135565], [-78.4924546, 43.2143903], [-78.4930726, 43.2146405], [-78.493639, 43.2147656], [-78.4945317, 43.2148282], [-78.4967032, 43.214922], [-78.4991923, 43.2149721], [-78.5023251, 43.2149095], [-78.5034838, 43.214872], [-78.5039731, 43.2148595], [-78.5044537, 43.2147656], [-78.5053292, 43.2145342], [-78.5077496, 43.2137022], [-78.5092321, 43.2132061], [-78.5097495, 43.2130329], [-78.5113802, 43.2126388], [-78.5136376, 43.212057], [-78.5152855, 43.2116692], [-78.5170022, 43.211419], [-78.5187874, 43.2113564], [-78.5216745, 43.2113565], [-78.5335693, 43.2099677], [-78.5362387, 43.2096549], [-78.5377141, 43.2094876], [-78.5408135, 43.2091232], [-78.5413848, 43.2089699], [-78.5418976, 43.208793], [-78.5453367, 43.2071213], [-78.5469246, 43.2062705], [-78.5498428, 43.2049129], [-78.5527682, 43.2034842], [-78.5539245, 43.202988], [-78.5556192, 43.2024353], [-78.5572368, 43.2020094], [-78.5586152, 43.201716], [-78.5600384, 43.2014805], [-78.5606194, 43.2014194], [-78.5629749, 43.201159], [-78.5659962, 43.2009212], [-78.5680769, 43.2007877], [-78.5699398, 43.2006015], [-78.5750084, 43.199745], [-78.5781155, 43.1992694], [-78.5809736, 43.1987188], [-78.5842266, 43.1981745], [-78.5852995, 43.1981932], [-78.5869818, 43.1985061], [-78.5896854, 43.1990192], [-78.5904064, 43.1991068], [-78.5910244, 43.1991193], [-78.591814, 43.1990004], [-78.5930586, 43.1987063], [-78.5952044, 43.1979555], [-78.5968609, 43.1971921], [-78.5999336, 43.1961722], [-78.602869, 43.1953212], [-78.6059761, 43.1943826], [-78.6074781, 43.1939258], [-78.6083365, 43.1937569], [-78.6093763, 43.1937056], [-78.6121817, 43.1940009], [-78.6159754, 43.1943889], [-78.6267729, 43.1940009], [-78.629983, 43.1939008], [-78.6404629, 43.1926305], [-78.6420507, 43.1925242], [-78.6453981, 43.1922113], [-78.6459732, 43.1921425], [-78.6495953, 43.1912226], [-78.6563244, 43.1895392], [-78.6631308, 43.1880123], [-78.6639376, 43.1877432], [-78.6646843, 43.1871362], [-78.665225, 43.1866293], [-78.6665468, 43.1860034], [-78.6705208, 43.1849333], [-78.6728177, 43.18431], [-78.673542, 43.1841134], [-78.6744089, 43.1837755], [-78.6755762, 43.183231], [-78.6770182, 43.1824487], [-78.6817818, 43.1793193], [-78.6846914, 43.177354], [-78.6868372, 43.1759582], [-78.6884508, 43.1748252], [-78.6893177, 43.1742807], [-78.6913776, 43.1721023], [-78.6922567, 43.1713542]]}}, {"type": "Feature", "properties": {"name": "Enlarged Erie Canal", "type": "canal", "source": "OpenStreetMap"}, "geometry": {"type": "LineString", "coordinates": [[-75.679401, 43.1072955], [-75.6723226, 43.1145553], [-75.6720632, 43.1148508], [-75.6714769, 43.1155689]]}}, {"type": "Feature", "properties": {"name": "Erie Canal", "type": "canal", "source": "OpenStreetMap"}, "geometry": {"type": "LineString", "coordinates": [[-77.642996, 43.1218008], [-77.6432333, 43.1219156], [-77.6437824, 43.1221811], [-77.6441082, 43.122352]]}}, {"type": "Feature", "properties": {"name": "Enlarged Erie Canal", "type": "canal", "source": "OpenStreetMap"}, "geometry": {"type": "LineString", "coordinates": [[-76.0501829, 43.0434405], [-76.0501063, 43.0433823], [-76.0499321, 43.0432682], [-76.0497855, 43.0432128], [-76.0493026, 43.0429245], [-76.048462, 43.042572], [-76.046219, 43.042088], [-76.044697, 43.042066], [-76.040008, 43.043602], [-76.0391413, 43.0438633], [-76.038658, 43.0439462], [-76.0381947, 43.0439827], [-76.0375477, 43.0440006], [-76.0356327, 43.0439054], [-76.0349939, 43.0438688], [-76.033324, 43.0437731], [-76.0306343, 43.0436381], [-76.0238739, 43.0432322], [-76.0213574, 43.043255], [-76.0151729, 43.0430754], [-76.0149343, 43.0430555], [-76.0132994, 43.0429195], [-76.0118939, 43.0433037], [-76.0108149, 43.0438925], [-76.0107155, 43.0439508], [-76.0106592, 43.0439639], [-76.0105863, 43.0439663], [-76.0105293, 43.0439827], [-76.0105149, 43.0439912]]}}, {"type": "Feature", "properties": {"name": "Enlarged Erie Canal", "type": "canal", "source": "OpenStreetMap"}, "geometry": {"type": "LineString", "coordinates": [[-76.0508158, 43.0439602], [-76.050445, 43.043645], [-76.050405, 43.0436128]]}}, {"type": "Feature", "properties": {"name": "Enlarged Erie Canal", "type": "canal", "source": "OpenStreetMap"}, "geometry": {"type": "LineString", "coordinates": [[-75.6797617, 43.1068978], [-75.679401, 43.1072955]]}}, {"type": "Feature", "properties": {"name": "Erie Canal", "type": "canal", "source": "OpenStreetMap"}, "geometry": {"type": "LineString", "coordinates": [[-77.5688717, 43.0957978], [-77.5681023, 43.0955645], [-77.5647649, 43.0945907], [-77.564205, 43.0944394], [-77.5636841, 43.0943144], [-77.560691, 43.0937069], [-77.5515575, 43.0922715], [-77.5473069, 43.0915759], [-77.5455206, 43.091295]]}}, {"type": "Feature", "properties": {"name": "Erie Canal", "type": "canal", "source": "OpenStreetMap"}, "geometry": {"type": "LineString", "coordinates": [[-74.7606443, 43.0031166], [-74.7490023, 43.0001438], [-74.7396829, 42.9970226], [-74.7322447, 42.9933622], [-74.7285465, 42.9922456], [-74.726912, 42.9921486], [-74.7138629, 42.9923149]]}}, {"type": "Feature", "properties": {"name": "Erie Canal", "type": "canal", "source": "OpenStreetMap"}, "geometry": {"type": "LineString", "coordinates": [[-74.9963549, 43.0160096], [-74.9944298, 43.0153662], [-74.9941207, 43.0152601], [-74.9914374, 43.0142818]]}}, {"type": "Feature", "properties": {"name": "Enlarged Erie Canal", "type": "derelict_canal", "source": "OpenStreetMap"}, "geometry": {"type": "LineString", "coordinates": [[-73.7020318, 42.7623803], [-73.7019206, 42.7621548]]}}, {"type": "Feature", "properties": {"name": "Enlarged Erie Canal", "type": "derelict_canal", "source": "OpenStreetMap"}, "geometry": {"type": "LineString", "coordinates": [[-73.9874297, 42.822059], [-73.9873256, 42.8216298]]}}, {"type": "Feature", "properties": {"name": "Enlarged Erie Canal", "type": "canal", "source": "OpenStreetMap"}, "geometry": {"type": "LineString", "coordinates": [[-75.4808626, 43.2189757], [-75.4818589, 43.2195076], [-75.4820292, 43.219559], [-75.482123, 43.2196192], [-75.4839985, 43.2206673], [-75.487006, 43.2224168], [-75.4931649, 43.2250501], [-75.4951894, 43.2256521], [-75.4967009, 43.2258635], [-75.4980668, 43.2258988], [-75.5026577, 43.2257239], [-75.5088756, 43.2254239]]}}, {"type": "Feature", "properties": {"name": "Enlarged Erie Canal", "type": "canal", "source": "OpenStreetMap"}, "geometry": {"type": "LineString", "coordinates": [[-76.9496367, 43.0764385], [-76.949139, 43.0764963]]}}, {"type": "Feature", "properties": {"name": "Enlarged Erie Canal", "type": "derelict_canal", "source": "OpenStreetMap"}, "geometry": {"type": "LineString", "coordinates": [[-73.7048712, 42.7467898], [-73.704766, 42.7465575]]}}, {"type": "Feature", "properties": {"name": "Enlarged Erie Canal", "type": "derelict_canal", "source": "OpenStreetMap"}, "geometry": {"type": "LineString", "coordinates": [[-73.7018161, 42.7599187], [-73.703419, 42.7560315]]}}, {"type": "Feature", "properties": {"name": "Erie Canal", "type": "canal", "source": "OpenStreetMap"}, "geometry": {"type": "LineString", "coordinates": [[-77.5700481, 43.0961613], [-77.5688717, 43.0957978]]}}, {"type": "Feature", "properties": {"name": "Enlarged Erie Canal", "type": "canal", "source": "OpenStreetMap"}, "geometry": {"type": "LineString", "coordinates": [[-78.693641, 43.1705974], [-78.6925901, 43.1714375], [-78.6921912, 43.1717557]]}}, {"type": "Feature", "properties": {"name": "Enlarged Erie Canal", "type": "derelict_canal", "source": "OpenStreetMap"}, "geometry": {"type": "LineString", "coordinates": [[-73.8223955, 42.7860981], [-73.8222295, 42.7860403], [-73.8218714, 42.7859813], [-73.8213957, 42.7859864]]}}, {"type": "Feature", "properties": {"name": "Enlarged Erie Canal", "type": "derelict_canal", "source": "OpenStreetMap"}, "geometry": {"type": "LineString", "coordinates": [[-77.253391, 43.0648193], [-77.252269, 43.0647076], [-77.2508311, 43.0643256], [-77.2500432, 43.0640173]]}}, {"type": "Feature", "properties": {"name": "Erie Canal", "type": "canal", "source": "OpenStreetMap"}, "geometry": {"type": "LineString", "coordinates": [[-76.3373543, 43.1576519], [-76.3362352, 43.1566088], [-76.335022, 43.1560936], [-76.3339663, 43.1558794], [-76.333464, 43.1558638]]}}, {"type": "Feature", "properties": {"name": "Enlarged Erie Canal", "type": "canal", "source": "OpenStreetMap"}, "geometry": {"type": "LineString", "coordinates": [[-75.9494737, 43.0697775], [-75.9493009, 43.0698715], [-75.948179, 43.070966], [-75.9470804, 43.071721], [-75.9372635, 43.0763214], [-75.9368039, 43.0765162], [-75.936331, 43.0766781], [-75.9357423, 43.0767899], [-75.93515, 43.0768386], [-75.9345538, 43.0768294], [-75.9340038, 43.0767739], [-75.9332402, 43.0765957], [-75.930553, 43.0754838], [-75.92995, 43.0751677], [-75.9298097, 43.0750942], [-75.9287993, 43.0745645], [-75.9280475, 43.0741703], [-75.9252258, 43.0736373], [-75.9171256, 43.0746953], [-75.9104844, 43.0753693], [-75.9095482, 43.0753316], [-75.9087034, 43.0751969], [-75.9082861, 43.0751449], [-75.9077276, 43.0749881], [-75.9074354, 43.0749623], [-75.8943375, 43.0719288], [-75.8895383, 43.0708543], [-75.8889862, 43.0706687], [-75.8880862, 43.0701086], [-75.8826539, 43.0646673], [-75.8822657, 43.0643059], [-75.881441, 43.063538], [-75.8808833, 43.0631337], [-75.8803183, 43.0628724], [-75.8778922, 43.062155]]}}, {"type": "Feature", "properties": {"name": "Erie Canal", "type": "canal", "source": "OpenStreetMap"}, "geometry": {"type": "LineString", "coordinates": [[-76.8384278, 43.0594996], [-76.8379835, 43.0586265]]}}, {"type": "Feature", "properties": {"name": "Erie Canal", "type": "river", "source": "OpenStreetMap"}, "geometry": {"type": "LineString", "coordinates": [[-76.9949012, 43.0618782], [-76.9942489, 43.0616713], [-76.993382, 43.0614205], [-76.9926439, 43.0612511], [-76.9915452, 43.0610442], [-76.9902921, 43.0608874], [-76.9887128, 43.0608122], [-76.9868331, 43.0607432], [-76.9858804, 43.0606993], [-76.9847045, 43.0606366], [-76.9840007, 43.0605049], [-76.9833999, 43.0603042], [-76.982945, 43.0601286], [-76.9822154, 43.05979], [-76.9814601, 43.0594137], [-76.9807048, 43.0588368], [-76.9799495, 43.0581469], [-76.9794689, 43.0574571], [-76.9789882, 43.0566857], [-76.9781986, 43.0553812], [-76.9772802, 43.0539011], [-76.9764991, 43.0527659], [-76.9759412, 43.0519317], [-76.9746623, 43.049887], [-76.9737783, 43.0484821], [-76.973186, 43.04756], [-76.9728513, 43.0471649], [-76.9725509, 43.0468512], [-76.9720016, 43.0465313], [-76.9711175, 43.0461424], [-76.9703965, 43.0458414], [-76.9692979, 43.0454399], [-76.9680276, 43.0448879], [-76.9670234, 43.0442544], [-76.9659677, 43.0435706], [-76.9643283, 43.0425795], [-76.9606805, 43.0402397], [-76.9592128, 43.0391921], [-76.9586377, 43.0385898], [-76.9581914, 43.0377618], [-76.9575649, 43.0361683], [-76.957007, 43.0347504], [-76.9557914, 43.0326456]]}}, {"type": "Feature", "properties": {"name": "Erie Canal", "type": "canal", "source": "OpenStreetMap"}, "geometry": {"type": "LineString", "coordinates": [[-75.6455497, 43.2094731], [-75.646724, 43.209463], [-75.6501144, 43.2092782], [-75.652818, 43.2087778], [-75.6611635, 43.2073474], [-75.6806486, 43.2040075], [-75.6858628, 43.2033505], [-75.7005184, 43.2027405], [-75.7090157, 43.2025372], [-75.7132214, 43.2023338], [-75.7153078, 43.2022717], [-75.7169336, 43.2021059]]}}, {"type": "Feature", "properties": {"name": "Erie Canal", "type": "canal", "source": "OpenStreetMap"}, "geometry": {"type": "LineString", "coordinates": [[-75.7169336, 43.2021059], [-75.7180277, 43.2015501], [-75.7188004, 43.2011764], [-75.7209247, 43.2003161], [-75.7250016, 43.1975005], [-75.7264393, 43.1966245], [-75.7280057, 43.1951697], [-75.7289284, 43.1950132], [-75.7312922, 43.1934436]]}}, {"type": "Feature", "properties": {"name": "Erie Canal", "type": "canal", "source": "OpenStreetMap"}, "geometry": {"type": "LineString", "coordinates": [[-76.7184949, 43.0362072], [-76.7144224, 43.0423463], [-76.7113745, 43.0474692], [-76.7105516, 43.0484987], [-76.7095327, 43.0495538], [-76.7031341, 43.0542891], [-76.6997553, 43.0565813], [-76.6976332, 43.0578103], [-76.6940002, 43.0587306], [-76.6851937, 43.0594652], [-76.6816449, 43.0598622], [-76.675687, 43.0630509], [-76.6683634, 43.0674395], [-76.6621895, 43.0708618], [-76.6539938, 43.0752302], [-76.6485921, 43.0775639], [-76.6450811, 43.0792051], [-76.644718, 43.0793714]]}}, {"type": "Feature", "properties": {"name": "Erie Canal", "type": "canal", "source": "OpenStreetMap"}, "geometry": {"type": "LineString", "coordinates": [[-75.452708, 43.2012101], [-75.453482, 43.2012518], [-75.4583686, 43.2014892], [-75.46575, 43.2017395], [-75.4889672, 43.2028344], [-75.5292218, 43.20468], [-75.5525685, 43.2058749], [-75.5780704, 43.2070285], [-75.6045383, 43.2083086], [-75.6165975, 43.2088716], [-75.6174558, 43.2087465], [-75.617913, 43.2087435]]}}, {"type": "Feature", "properties": {"name": "Erie Canal", "type": "canal", "source": "OpenStreetMap"}, "geometry": {"type": "LineString", "coordinates": [[-74.8656286, 43.0355527], [-74.8637651, 43.0364962], [-74.8622528, 43.0375454], [-74.8610985, 43.0383596], [-74.8599411, 43.0390021]]}}, {"type": "Feature", "properties": {"name": "Erie Canal", "type": "canal", "source": "OpenStreetMap"}, "geometry": {"type": "LineString", "coordinates": [[-76.7773714, 43.006099], [-76.7760343, 43.0050946], [-76.7724538, 43.0019114], [-76.771338, 43.0009698], [-76.7701364, 42.9999968], [-76.7692781, 42.9995574], [-76.7679477, 42.9993377], [-76.7659722, 42.9991083], [-76.7649436, 42.9990238], [-76.7635703, 42.998892], [-76.7630725, 42.9988292], [-76.7624135, 42.998804]]}}, {"type": "Feature", "properties": {"name": "Erie Canal", "type": "canal", "source": "OpenStreetMap"}, "geometry": {"type": "LineString", "coordinates": [[-77.2481188, 43.065349], [-77.2464473, 43.0656219], [-77.2443874, 43.0659041], [-77.2439855, 43.0659614], [-77.242276, 43.0662051], [-77.2388256, 43.0665813], [-77.2371478, 43.0667642], [-77.2361219, 43.066876], [-77.2350872, 43.0670061], [-77.2332294, 43.0672397], [-77.2330603, 43.0672569], [-77.2316844, 43.0673965], [-77.2310771, 43.0674519], [-77.2308605, 43.0674717], [-77.2302253, 43.0674905], [-77.229334, 43.0673612], [-77.229058, 43.0673212], [-77.2289654, 43.0672993], [-77.2281826, 43.0671143], [-77.2268522, 43.0667569], [-77.2248013, 43.0661922], [-77.2246206, 43.0661424], [-77.2224147, 43.0655153], [-77.2221185, 43.0654273], [-77.221359, 43.0652018], [-77.2212284, 43.0651594], [-77.2205469, 43.0649381], [-77.2196596, 43.06465], [-77.2187214, 43.0644], [-77.2182004, 43.0642612], [-77.2167928, 43.0639226], [-77.2158659, 43.0636717], [-77.2151792, 43.0635087], [-77.2147169, 43.0634144], [-77.2145956, 43.0633896], [-77.2141235, 43.063283], [-77.2133338, 43.063145], [-77.2124155, 43.0630948], [-77.2118061, 43.063076], [-77.2106044, 43.0630697], [-77.2088661, 43.063083], [-77.2073343, 43.0630948], [-77.2055455, 43.0630672], [-77.2048967, 43.0630572], [-77.2034204, 43.0630321], [-77.2020128, 43.0630008], [-77.2006996, 43.0630196], [-77.1998241, 43.0630321], [-77.19888, 43.063076], [-77.1979015, 43.0631387], [-77.1967943, 43.0632579], [-77.1958501, 43.0634146], [-77.1953975, 43.0635024], [-77.1944597, 43.0636843], [-77.1924512, 43.0640919], [-77.19046, 43.0646249], [-77.1892412, 43.064951], [-77.1853788, 43.066017], [-77.1843402, 43.0661737], [-77.1831729, 43.0662991], [-77.182246, 43.0663117], [-77.1818082, 43.0662991], [-77.1810443, 43.0662113], [-77.1804864, 43.0660985], [-77.1797998, 43.0658978], [-77.1791561, 43.0656595], [-77.178478, 43.0653335], [-77.1778944, 43.0649635], [-77.1771047, 43.0643239], [-77.1765468, 43.0636968], [-77.1761348, 43.0630886], [-77.1757743, 43.0625932], [-77.1751564, 43.0614268], [-77.1747272, 43.0606554], [-77.1741865, 43.0597649], [-77.1733196, 43.0583288], [-77.1728475, 43.0573944], [-77.1718347, 43.0555945], [-77.1712854, 43.0546286], [-77.1698606, 43.0521826], [-77.1685131, 43.0498118], [-77.1669595, 43.047052], [-77.1659553, 43.045164], [-77.1654661, 43.0444802], [-77.1646249, 43.0435895], [-77.1635435, 43.0425858], [-77.1625478, 43.0419272], [-77.1606338, 43.0407729], [-77.1594665, 43.0402899], [-77.1582526, 43.0403495], [-77.1573359, 43.040456], [-77.1563154, 43.0404755], [-77.1545445, 43.0408177], [-77.1536276, 43.0408446], [-77.1519095, 43.0408047], [-77.1485746, 43.0411681], [-77.146446, 43.0418833], [-77.1435707, 43.0429309], [-77.1413648, 43.0439094], [-77.1376741, 43.0463997], [-77.1339233, 43.0493853], [-77.1320416, 43.0510723], [-77.1318805, 43.0512168], [-77.131048, 43.0518251], [-77.1302755, 43.0521387], [-77.1294773, 43.0523081], [-77.1286275, 43.0524461], [-77.1282241, 43.0525401], [-77.1277349, 43.0525715], [-77.1272113, 43.0525025], [-77.1267822, 43.0523269], [-77.1260955, 43.0520948], [-77.1253145, 43.0517499], [-77.1243947, 43.0512211]]}}, {"type": "Feature", "properties": {"name": "Erie Canal", "type": "canal", "source": "OpenStreetMap"}, "geometry": {"type": "LineString", "coordinates": [[-75.113532, 43.0733926], [-75.1127628, 43.0724956], [-75.1105956, 43.0701443], [-75.1080421, 43.0686395], [-75.1035789, 43.0674795], [-75.096455, 43.0653162], [-75.0925711, 43.0631998], [-75.0881079, 43.0596567], [-75.084782, 43.0565211], [-75.0811556, 43.0541849], [-75.0808833, 43.05403], [-75.0790722, 43.0529997], [-75.0713709, 43.0486185], [-75.0641397, 43.0452941], [-75.0625304, 43.0440552], [-75.0622245, 43.0437345]]}}, {"type": "Feature", "properties": {"name": "Erie Canal", "type": "canal", "source": "OpenStreetMap"}, "geometry": {"type": "LineString", "coordinates": [[-77.5366367, 43.0903973], [-77.5328517, 43.0904489], [-77.5301279, 43.0907242], [-77.5289219, 43.0910498], [-77.52779, 43.0914669], [-77.526096, 43.0922039], [-77.5252703, 43.0926038], [-77.5242939, 43.0929409], [-77.5229477, 43.0932237], [-77.5210272, 43.0937016], [-77.5198792, 43.0939758], [-77.5189244, 43.0940463], [-77.5179051, 43.0940541], [-77.5165211, 43.0936702], [-77.5154911, 43.0932158], [-77.5143646, 43.0924559], [-77.5130986, 43.0916489], [-77.5123278, 43.0908616], [-77.5103306, 43.0882798], [-77.5083886, 43.0859213], [-77.5060605, 43.0830691], [-77.5056528, 43.0824971], [-77.5043761, 43.0813295], [-77.5010739, 43.079118], [-77.4962462, 43.0760581], [-77.4947441, 43.0751176], [-77.4931992, 43.073707], [-77.4901951, 43.0695376], [-77.4891651, 43.0680515], [-77.4888218, 43.0675624], [-77.4880922, 43.0665905], [-77.487191, 43.0654618], [-77.4862297, 43.0648097], [-77.4852341, 43.0642892], [-77.4840325, 43.063681], [-77.4825562, 43.0629536], [-77.4809082, 43.0627215], [-77.4789341, 43.0627215], [-77.4777785, 43.0627001], [-77.4774661, 43.0627033], [-77.4768015, 43.062767], [-77.4751747, 43.0631291], [-77.4734753, 43.0635367], [-77.472617, 43.0639945], [-77.4714713, 43.0646997], [-77.4707318, 43.0655001], [-77.4685186, 43.0683425], [-77.4663949, 43.0713726], [-77.4651952, 43.0728983], [-77.4630595, 43.0758652], [-77.4619139, 43.0775815], [-77.4610451, 43.0786319], [-77.4603726, 43.0796486], [-77.4602364, 43.0799129], [-77.4598969, 43.0805719], [-77.4597252, 43.0814183], [-77.4595965, 43.0828914], [-77.4592531, 43.0841138], [-77.4586523, 43.0849601], [-77.4571932, 43.0862451], [-77.4571322, 43.0863172], [-77.456292, 43.0873108], [-77.4557092, 43.0883748], [-77.4556912, 43.0884077], [-77.4555195, 43.0896927], [-77.4555388, 43.090505], [-77.4555579, 43.09131], [-77.4555218, 43.0935778], [-77.4555141, 43.0947211], [-77.4554666, 43.0959602], [-77.4555612, 43.0969923], [-77.4559618, 43.0989401], [-77.4561167, 43.0998124], [-77.4561289, 43.100429], [-77.4558906, 43.1008942], [-77.4557779, 43.1012106], [-77.455604, 43.1015844], [-77.4551259, 43.1021551], [-77.4546156, 43.1026366], [-77.4536503, 43.1031924], [-77.4524721, 43.1036017], [-77.4507432, 43.1040757], [-77.4491423, 43.1045024], [-77.4481981, 43.1045651], [-77.4475544, 43.1045149], [-77.4466274, 43.1043144], [-77.4454601, 43.1039259], [-77.4446362, 43.1035123], [-77.4438122, 43.1028981], [-77.4429711, 43.102284], [-77.4422501, 43.1017826], [-77.4416149, 43.1014756], [-77.4404047, 43.1010118], [-77.4386795, 43.1002974], [-77.4371689, 43.0996268], [-77.4349545, 43.0984423], [-77.4337528, 43.0976715], [-77.4324568, 43.096888], [-77.4313238, 43.0961109], [-77.4300879, 43.09534], [-77.4295471, 43.094989], [-77.4245175, 43.0922876], [-77.4237364, 43.0918614], [-77.422818, 43.0913913], [-77.4217537, 43.0910152], [-77.4206207, 43.0907959], [-77.4197624, 43.090752], [-77.4173592, 43.0906893], [-77.4161404, 43.0906768], [-77.41269, 43.0905828], [-77.4110335, 43.0905138], [-77.4102009, 43.0904762], [-77.4093855, 43.090332], [-77.40851, 43.0901189], [-77.4078234, 43.0898431], [-77.4069479, 43.0894733], [-77.4026821, 43.0877809], [-77.4010084, 43.0870914], [-77.394614, 43.0845965], [-77.3879021, 43.0818633], [-77.381173, 43.079293], [-77.3742979, 43.0765596], [-77.3708389, 43.0752305], [-77.3693283, 43.0748042], [-77.3681439, 43.0746035], [-77.3669594, 43.0745471], [-77.3656805, 43.0745534], [-77.3635519, 43.0748167], [-77.3620928, 43.0749923], [-77.3604363, 43.0752481], [-77.358754, 43.0754089], [-77.3548672, 43.0759478], [-77.3525346, 43.0763182], [-77.3490132, 43.0767522], [-77.3459267, 43.0771323], [-77.3443384, 43.0772952], [-77.3418679, 43.077541], [-77.3389443, 43.0779075], [-77.3362835, 43.0782085], [-77.3344982, 43.0783589], [-77.3330391, 43.0785219], [-77.331992, 43.0785658], [-77.33055, 43.0785031], [-77.3289192, 43.0784091], [-77.3272885, 43.0782837], [-77.3265243, 43.0781284]]}}, {"type": "Feature", "properties": {"name": "Erie Canal", "type": "canal", "source": "OpenStreetMap"}, "geometry": {"type": "LineString", "coordinates": [[-77.0193359, 43.0622369], [-77.0189188, 43.0620601], [-77.0184724, 43.0619347], [-77.0179918, 43.0618281], [-77.0176656, 43.0617278], [-77.0172279, 43.0614707], [-77.0160863, 43.0609063], [-77.0157618, 43.0608155], [-77.0152795, 43.0606805], [-77.013829, 43.060461], [-77.0129106, 43.0604485], [-77.0117691, 43.0605488], [-77.0103099, 43.0608248], [-77.0079067, 43.0615083], [-77.0056935, 43.0620171], [-77.0046675, 43.0623124], [-77.0034614, 43.0626733], [-77.0029069, 43.0628735]]}}, {"type": "Feature", "properties": {"name": "Erie Canal", "type": "canal", "source": "OpenStreetMap"}, "geometry": {"type": "LineString", "coordinates": [[-75.4386093, 43.2007728], [-75.4114192, 43.2000189], [-75.3919356, 43.1995183], [-75.3901886, 43.1994828], [-75.3890514, 43.1994614], [-75.376057, 43.1990178], [-75.3728973, 43.1984586], [-75.352196, 43.1897569], [-75.346617, 43.1872537], [-75.3384149, 43.1801233], [-75.3367465, 43.1788673], [-75.3293651, 43.1723263], [-75.3148168, 43.1601188], [-75.3046887, 43.15176], [-75.3022451, 43.1501638], [-75.3010358, 43.1493739], [-75.300998, 43.1493492], [-75.2937362, 43.1446321], [-75.2925008, 43.1438384], [-75.2920716, 43.1433687], [-75.2916525, 43.143072]]}}, {"type": "Feature", "properties": {"name": "Erie Canal", "type": "canal", "source": "OpenStreetMap"}, "geometry": {"type": "LineString", "coordinates": [[-77.0853162, 43.0470492], [-77.0840693, 43.0468881]]}}, {"type": "Feature", "properties": {"name": "Erie Canal", "type": "canal", "source": "OpenStreetMap"}, "geometry": {"type": "LineString", "coordinates": [[-73.702375, 42.8029494], [-73.701136, 42.8027865]]}}, {"type": "Feature", "properties": {"name": "Erie Canal", "type": "canal", "source": "OpenStreetMap"}, "geometry": {"type": "LineString", "coordinates": [[-74.7092456, 42.9922773], [-74.7079665, 42.9922861]]}}, {"type": "Feature", "properties": {"name": "Erie Canal", "type": "canal", "source": "OpenStreetMap"}, "geometry": {"type": "LineString", "coordinates": [[-73.6969462, 42.8022565], [-73.6957025, 42.8020943]]}}, {"type": "Feature", "properties": {"name": "Erie Canal", "type": "canal", "source": "OpenStreetMap"}, "geometry": {"type": "LineString", "coordinates": [[-75.1142032, 43.0741789], [-75.113532, 43.0733926]]}}, {"type": "Feature", "properties": {"name": "Erie Canal", "type": "canal", "source": "OpenStreetMap"}, "geometry": {"type": "LineString", "coordinates": [[-73.692011, 42.8010597], [-73.6909428, 42.800553]]}}, {"type": "Feature", "properties": {"name": "Erie Canal", "type": "canal", "source": "OpenStreetMap"}, "geometry": {"type": "LineString", "coordinates": [[-77.6502875, 43.1255924], [-77.651264, 43.1260897]]}}, {"type": "Feature", "properties": {"name": "Erie Canal", "type": "canal", "source": "OpenStreetMap"}, "geometry": {"type": "LineString", "coordinates": [[-75.6442729, 43.2095537], [-75.6455497, 43.2094731]]}}, {"type": "Feature", "properties": {"name": "Erie Canal", "type": "canal", "source": "OpenStreetMap"}, "geometry": {"type": "LineString", "coordinates": [[-77.5455206, 43.091295], [-77.5442875, 43.0911021]]}}, {"type": "Feature", "properties": {"name": "Erie Canal", "type": "canal", "source": "OpenStreetMap"}, "geometry": {"type": "LineString", "coordinates": [[-76.333464, 43.1558638], [-76.3321899, 43.1558251]]}}, {"type": "Feature", "properties": {"name": "Erie Canal", "type": "canal", "source": "OpenStreetMap"}, "geometry": {"type": "LineString", "coordinates": [[-73.701136, 42.8027865], [-73.6969462, 42.8022565]]}}, {"type": "Feature", "properties": {"name": "Erie Canal", "type": "canal", "source": "OpenStreetMap"}, "geometry": {"type": "LineString", "coordinates": [[-73.6822114, 42.789543], [-73.6814469, 42.7887953]]}}, {"type": "Feature", "properties": {"name": "Erie Canal", "type": "canal", "source": "OpenStreetMap"}, "geometry": {"type": "LineString", "coordinates": [[-77.3025347, 43.0734663], [-77.3013003, 43.0732309]]}}, {"type": "Feature", "properties": {"name": "Erie Canal", "type": "canal", "source": "OpenStreetMap"}, "geometry": {"type": "LineString", "coordinates": [[-77.0204021, 43.062736], [-77.0193359, 43.0622369]]}}, {"type": "Feature", "properties": {"name": "Erie Canal", "type": "canal", "source": "OpenStreetMap"}, "geometry": {"type": "LineString", "coordinates": [[-76.7624135, 42.998804], [-76.761149, 42.998741]]}}, {"type": "Feature", "properties": {"name": "Erie Canal", "type": "canal", "source": "OpenStreetMap"}, "geometry": {"type": "LineString", "coordinates": [[-77.2493678, 43.0651975], [-77.2481188, 43.065349]]}}, {"type": "Feature", "properties": {"name": "Erie Canal", "type": "canal", "source": "OpenStreetMap"}, "geometry": {"type": "LineString", "coordinates": [[-75.2916525, 43.143072], [-75.2906934, 43.1424511]]}}, {"type": "Feature", "properties": {"name": "Erie Canal", "type": "canal", "source": "OpenStreetMap"}, "geometry": {"type": "LineString", "coordinates": [[-73.6814469, 42.7887953], [-73.6806863, 42.7881054], [-73.6793687, 42.7866555]]}}, {"type": "Feature", "properties": {"name": "Erie Canal", "type": "canal", "source": "OpenStreetMap"}, "geometry": {"type": "LineString", "coordinates": [[-74.9175539, 43.0162243], [-74.9162903, 43.0161806]]}}, {"type": "Feature", "properties": {"name": "Erie Canal", "type": "canal", "source": "OpenStreetMap"}, "geometry": {"type": "LineString", "coordinates": [[-74.8473007, 43.0384625], [-74.8461048, 43.0382293]]}}, {"type": "Feature", "properties": {"name": "Erie Canal", "type": "canal", "source": "OpenStreetMap"}, "geometry": {"type": "LineString", "coordinates": [[-75.617913, 43.2087435], [-75.6191829, 43.208798]]}}, {"type": "Feature", "properties": {"name": "Erie Canal", "type": "canal", "source": "OpenStreetMap"}, "geometry": {"type": "LineString", "coordinates": [[-75.2906934, 43.1424511], [-75.2895396, 43.1418343], [-75.2873939, 43.1405191], [-75.279712, 43.13554], [-75.2770513, 43.1345378], [-75.2727814, 43.1331306], [-75.2437919, 43.1235757], [-75.2430509, 43.1233346], [-75.241798, 43.1229269], [-75.2299302, 43.119065], [-75.2289863, 43.1187604], [-75.2279355, 43.1183735], [-75.226703, 43.1179351], [-75.2146212, 43.1115577], [-75.2145365, 43.111513], [-75.2128628, 43.1106827], [-75.2112535, 43.1101188], [-75.2094177, 43.1097627], [-75.2081207, 43.1095862], [-75.1942161, 43.1074713], [-75.1833585, 43.1058108], [-75.1807192, 43.1049178], [-75.1662782, 43.0985099], [-75.1582212, 43.0949137], [-75.1577427, 43.0947002], [-75.1422671, 43.0877921], [-75.1203803, 43.0782949], [-75.1166895, 43.0765709], [-75.1156651, 43.0758801], [-75.1155737, 43.0758185], [-75.1142032, 43.0741789]]}}, {"type": "Feature", "properties": {"name": "Erie Canal", "type": "canal", "source": "OpenStreetMap"}, "geometry": {"type": "LineString", "coordinates": [[-77.651264, 43.1260897], [-77.6544523, 43.1276938], [-77.6557872, 43.1284263], [-77.6568696, 43.1293216], [-77.6580288, 43.1305852], [-77.6634461, 43.137232], [-77.6660029, 43.1404085], [-77.6685322, 43.1434861], [-77.6697613, 43.1453851], [-77.6707071, 43.1477495], [-77.6727714, 43.1540758], [-77.6757578, 43.1631806], [-77.6774582, 43.1684189], [-77.6777917, 43.1692148], [-77.6782315, 43.1699196], [-77.679079, 43.1709936], [-77.6811565, 43.1725977], [-77.683923, 43.1741225], [-77.6922223, 43.178515], [-77.6950124, 43.1799408], [-77.6978165, 43.1815064], [-77.7006133, 43.1823351], [-77.703444, 43.1830287], [-77.7091482, 43.1844309], [-77.7105559, 43.1845996], [-77.7119321, 43.1844885], [-77.7134208, 43.184189]]}}, {"type": "Feature", "properties": {"name": "Erie Canal", "type": "canal", "source": "OpenStreetMap"}, "geometry": {"type": "LineString", "coordinates": [[-74.9162903, 43.0161806], [-74.915202, 43.0161979], [-74.9141291, 43.0163391]]}}, {"type": "Feature", "properties": {"name": "Erie Canal", "type": "canal", "source": "OpenStreetMap"}, "geometry": {"type": "LineString", "coordinates": [[-77.5442875, 43.0911021], [-77.54292, 43.0909055], [-77.5393368, 43.0904209], [-77.5380752, 43.0903781], [-77.5366367, 43.0903973]]}}, {"type": "Feature", "properties": {"name": "Erie Canal", "type": "canal", "source": "OpenStreetMap"}, "geometry": {"type": "LineString", "coordinates": [[-76.581737, 43.0780466], [-76.5780039, 43.0780425], [-76.575814, 43.0777533], [-76.573729, 43.0777193], [-76.5678787, 43.078478]]}}, {"type": "Feature", "properties": {"name": "Erie Canal", "type": "canal", "source": "OpenStreetMap"}, "geometry": {"type": "LineString", "coordinates": [[-74.8461048, 43.0382293], [-74.8448776, 43.0379631], [-74.8440836, 43.0378188]]}}, {"type": "Feature", "properties": {"name": "Erie Canal", "type": "canal", "source": "OpenStreetMap"}, "geometry": {"type": "LineString", "coordinates": [[-78.6922567, 43.1713542], [-78.6931465, 43.1706665]]}}, {"type": "Feature", "properties": {"name": "Erie Canal", "type": "canal", "source": "OpenStreetMap"}, "geometry": {"type": "LineString", "coordinates": [[-74.7079665, 42.9922861], [-74.7068668, 42.9923781]]}}, {"type": "Feature", "properties": {"name": "Erie Canal", "type": "canal", "source": "OpenStreetMap"}, "geometry": {"type": "LineString", "coordinates": [[-73.6957025, 42.8020943], [-73.6940137, 42.8018827], [-73.692011, 42.8010597]]}}, {"type": "Feature", "properties": {"name": "Erie Canal", "type": "canal", "source": "OpenStreetMap"}, "geometry": {"type": "LineString", "coordinates": [[-76.2613059, 43.124108], [-76.2597756, 43.125181], [-76.257348, 43.1270493], [-76.2561881, 43.1281008], [-76.2555711, 43.1287876], [-76.2543696, 43.1295166]]}}, {"type": "Feature", "properties": {"name": "Erie Canal", "type": "canal", "source": "OpenStreetMap"}, "geometry": {"type": "LineString", "coordinates": [[-76.8176368, 43.035857], [-76.8123651, 43.0311869], [-76.8099304, 43.0294259]]}}, {"type": "Feature", "properties": {"name": "Erie Canal", "type": "canal", "source": "OpenStreetMap"}, "geometry": {"type": "LineString", "coordinates": [[-78.6941305, 43.1698993], [-78.6963558, 43.1682275], [-78.6987248, 43.1664121], [-78.7027245, 43.1630627], [-78.7049131, 43.1611783], [-78.7088614, 43.1566954], [-78.7113676, 43.1539154], [-78.7142687, 43.1505779], [-78.7183285, 43.1444848], [-78.7264051, 43.1319335], [-78.7313747, 43.1241785], [-78.7324905, 43.1225058], [-78.7335205, 43.1208331], [-78.7339239, 43.1201753], [-78.7349024, 43.1185652], [-78.7364054, 43.1162738], [-78.7366944, 43.1159009], [-78.7378635, 43.113722], [-78.7387648, 43.1121869], [-78.739254, 43.1113285], [-78.7397604, 43.1102696], [-78.7399321, 43.1094487], [-78.7401123, 43.1086341], [-78.7401884, 43.1078383], [-78.7401466, 43.1069861], [-78.7398215, 43.1059474], [-78.7392025, 43.1046675], [-78.7387734, 43.1040785], [-78.7377262, 43.103151], [-78.7358208, 43.101672], [-78.7346964, 43.1007947], [-78.7336063, 43.0994222], [-78.7331772, 43.0987892], [-78.7326279, 43.0974731], [-78.7320099, 43.0960128], [-78.7316666, 43.0954487], [-78.731489, 43.0929474], [-78.7340634, 43.0841807]]}}, {"type": "Feature", "properties": {"name": "Erie Canal", "type": "canal", "source": "OpenStreetMap"}, "geometry": {"type": "LineString", "coordinates": [[-76.9557914, 43.0326456], [-76.9552903, 43.0325546], [-76.954961, 43.0323978], [-76.9544664, 43.0321593], [-76.9533248, 43.0317704], [-76.9526296, 43.031601], [-76.9517284, 43.0314629], [-76.9508958, 43.0314567], [-76.9499259, 43.0315821], [-76.9493509, 43.0317327], [-76.9485956, 43.032015], [-76.9460893, 43.0333075], [-76.9437118, 43.034625], [-76.9415145, 43.0358546], [-76.9396262, 43.0368521], [-76.9374805, 43.0381193], [-76.9366565, 43.0387216], [-76.935987, 43.0394744], [-76.9355922, 43.040064], [-76.9350686, 43.041601], [-76.9341331, 43.0441603], [-76.9326139, 43.0485009], [-76.9301248, 43.0552119], [-76.9279361, 43.0617026], [-76.9263912, 43.0659981], [-76.9260049, 43.0670954], [-76.9257045, 43.0679733], [-76.9252324, 43.0690706], [-76.9244565, 43.0700962], [-76.9243312, 43.0702619], [-76.9233442, 43.0712965], [-76.9219709, 43.0721742], [-76.9191385, 43.073679], [-76.912787, 43.0772213], [-76.9069505, 43.0804499], [-76.9017577, 43.083553], [-76.8982816, 43.0854023], [-76.8966937, 43.0861858], [-76.8953204, 43.0867186]]}}, {"type": "Feature", "properties": {"name": "Erie Canal", "type": "canal", "source": "OpenStreetMap"}, "geometry": {"type": "LineString", "coordinates": [[-77.3013003, 43.0732309], [-77.3008097, 43.0731615], [-77.2999857, 43.0730424], [-77.2987927, 43.0728919], [-77.2979, 43.0727477], [-77.2968958, 43.0724781], [-77.2955139, 43.072196], [-77.2941454, 43.0719358]]}}, {"type": "Feature", "properties": {"name": "Erie Canal", "type": "canal", "source": "OpenStreetMap"}, "geometry": {"type": "LineString", "coordinates": [[-76.381911, 43.1588813], [-76.378543, 43.1592371], [-76.3761626, 43.1594218], [-76.3717846, 43.1598301]]}}, {"type": "Feature", "properties": {"name": "Erie Canal", "type": "canal", "source": "OpenStreetMap"}, "geometry": {"type": "LineString", "coordinates": [[-73.6909428, 42.800553], [-73.6897306, 42.8000219], [-73.6886145, 42.7995329], [-73.6880047, 42.798669], [-73.6867131, 42.7961503], [-73.6863543, 42.7953198]]}}, {"type": "Feature", "properties": {"name": "Erie Canal", "type": "canal", "source": "OpenStreetMap"}, "geometry": {"type": "LineString", "coordinates": [[-76.3321899, 43.1558251], [-76.3319585, 43.1558182], [-76.3314838, 43.1558831], [-76.3304055, 43.1559295], [-76.3290616, 43.1557356], [-76.3279339, 43.1552347], [-76.3271825, 43.1547926], [-76.3255766, 43.1530392], [-76.3245098, 43.1513767]]}}, {"type": "Feature", "properties": {"name": "Erie Canal", "type": "canal", "source": "OpenStreetMap"}, "geometry": {"type": "LineString", "coordinates": [[-76.8037645, 43.0253094], [-76.80228, 43.0243791], [-76.8009925, 43.0232497], [-76.799233, 43.0216182], [-76.7965293, 43.0191081], [-76.7934715, 43.0164511]]}}, {"type": "Feature", "properties": {"name": "Erie Canal", "type": "canal", "source": "OpenStreetMap"}, "geometry": {"type": "LineString", "coordinates": [[-77.0563409, 43.060668], [-77.0556629, 43.0610129], [-77.054796, 43.0613829], [-77.0539033, 43.0617968], [-77.0514057, 43.062844], [-77.0487535, 43.0639602], [-77.0464275, 43.0649321], [-77.0450027, 43.0655529], [-77.0431917, 43.066274], [-77.0405996, 43.0673149], [-77.0390546, 43.0679733], [-77.0378273, 43.0685], [-77.0368574, 43.0688386], [-77.0360162, 43.0690706], [-77.0351837, 43.069196], [-77.0342052, 43.0692713], [-77.0332267, 43.0692963], [-77.0323341, 43.0692336], [-77.031244, 43.0690644], [-77.0306003, 43.0689013], [-77.0291326, 43.0684749], [-77.0282915, 43.0680611], [-77.0275877, 43.0675532], [-77.026901, 43.0669889], [-77.0260255, 43.066343], [-77.0251071, 43.0656156], [-77.0243261, 43.0649698], [-77.0237854, 43.0646249], [-77.0223176, 43.0639226], [-77.0216053, 43.0635338], [-77.0210559, 43.0632453], [-77.0208757, 43.0630948], [-77.0207202, 43.0629132], [-77.0204021, 43.062736]]}}, {"type": "Feature", "properties": {"name": "Erie Canal", "type": "canal", "source": "OpenStreetMap"}, "geometry": {"type": "LineString", "coordinates": [[-75.6191829, 43.208798], [-75.619846, 43.2088542], [-75.6205886, 43.209028], [-75.639643, 43.2099351], [-75.6425613, 43.2097787], [-75.6437629, 43.209591], [-75.6442729, 43.2095537]]}}, {"type": "Feature", "properties": {"name": "Erie Canal", "type": "canal", "source": "OpenStreetMap"}, "geometry": {"type": "LineString", "coordinates": [[-76.8352711, 43.0529652], [-76.8348098, 43.0519192], [-76.8339944, 43.0506021], [-76.8327928, 43.0491908], [-76.8297887, 43.0466192], [-76.8239093, 43.04135], [-76.821034, 43.0388721], [-76.8190685, 43.0371277]]}}, {"type": "Feature", "properties": {"name": "Erie Canal", "type": "canal", "source": "OpenStreetMap"}, "geometry": {"type": "LineString", "coordinates": [[-74.7861157, 43.012944], [-74.7843883, 43.0126312], [-74.7789759, 43.0124628], [-74.7780053, 43.0123184], [-74.7760312, 43.0116929], [-74.7731455, 43.009994], [-74.7728233, 43.0098043], [-74.7721023, 43.0094558], [-74.7633891, 43.0043825], [-74.7606443, 43.0031166]]}}, {"type": "Feature", "properties": {"name": "Erie Canal", "type": "canal", "source": "OpenStreetMap"}, "geometry": {"type": "LineString", "coordinates": [[-74.2891725, 42.9454009], [-74.2880252, 42.9457941]]}}, {"type": "Feature", "properties": {"name": "Erie Canal", "type": "canal", "source": "OpenStreetMap"}, "geometry": {"type": "LineString", "coordinates": [[-74.2106363, 42.946965], [-74.2095976, 42.94629]]}}, {"type": "Feature", "properties": {"name": "Erie Canal", "type": "canal", "source": "OpenStreetMap"}, "geometry": {"type": "LineString", "coordinates": [[-74.0417588, 42.8789892], [-74.0407532, 42.8783996]]}}, {"type": "Feature", "properties": {"name": "Erie Canal", "type": "canal", "source": "OpenStreetMap"}, "geometry": {"type": "LineString", "coordinates": [[-73.9917593, 42.8297303], [-73.9910505, 42.8289712]]}}, {"type": "Feature", "properties": {"name": "Erie Canal", "type": "canal", "source": "OpenStreetMap"}, "geometry": {"type": "LineString", "coordinates": [[-74.7068668, 42.9923781], [-74.7056933, 42.9925229]]}}, {"type": "Feature", "properties": {"name": "Enlarged Erie Canal", "type": "derelict_canal", "source": "OpenStreetMap"}, "geometry": {"type": "LineString", "coordinates": [[-78.8758489, 43.0215717], [-78.87706, 43.0211033], [-78.8872231, 43.0188259], [-78.8913701, 43.0163666], [-78.8957912, 43.0147096], [-78.9030801, 43.0117483], [-78.9061356, 43.0106972], [-78.9155391, 43.0075303], [-78.9217499, 43.0046665], [-78.9313286, 42.9975511], [-78.9336011, 42.9947736], [-78.9357147, 42.9906231], [-78.9362597, 42.9883962], [-78.936263, 42.9877707], [-78.9362642, 42.987542], [-78.9362762, 42.9852717], [-78.9353626, 42.981511], [-78.932126, 42.9747656], [-78.9282003, 42.9704488], [-78.92276, 42.9658903], [-78.9178845, 42.9601245], [-78.9123948, 42.9564021], [-78.9108713, 42.9550201], [-78.9097233, 42.9529157], [-78.909337, 42.9516357], [-78.9091439, 42.9502654], [-78.9090581, 42.9491777], [-78.9088274, 42.9465194], [-78.9086236, 42.9453924], [-78.9083983, 42.944721], [-78.9080909, 42.9439842]]}}, {"type": "Feature", "properties": {"name": "Enlarged Erie Canal", "type": "canal", "source": "OpenStreetMap"}, "geometry": {"type": "LineString", "coordinates": [[-75.5804031, 43.2062865], [-75.5796888, 43.2065018]]}}, {"type": "Feature", "properties": {"name": "Enlarged Erie Canal", "type": "canal", "source": "OpenStreetMap"}, "geometry": {"type": "LineString", "coordinates": [[-75.5796888, 43.2065018], [-75.5780704, 43.2070285]]}}, {"type": "Feature", "properties": {"name": "Enlarged Erie Canal", "type": "derelict_canal", "source": "OpenStreetMap"}, "geometry": {"type": "LineString", "coordinates": [[-73.7059059, 42.7800783], [-73.7044482, 42.7791601], [-73.7038213, 42.7786638], [-73.7036363, 42.7784607]]}}, {"type": "Feature", "properties": {"name": "Abandoned Erie Canal", "type": "derelict_canal", "source": "OpenStreetMap"}, "geometry": {"type": "LineString", "coordinates": [[-73.7116219, 42.7844336], [-73.711851, 42.7834368], [-73.7118416, 42.7831744], [-73.7117858, 42.7831074], [-73.7116346, 42.7829258], [-73.7113241, 42.7827669], [-73.7108742, 42.7826855]]}}, {"type": "Feature", "properties": {"name": "Enlarged Erie Canal", "type": "derelict_canal", "source": "OpenStreetMap"}, "geometry": {"type": "LineString", "coordinates": [[-73.7048712, 42.7467898], [-73.7046028, 42.7466279]]}}, {"type": "Feature", "properties": {"name": "Enlarged Erie Canal", "type": "derelict_canal", "source": "OpenStreetMap"}, "geometry": {"type": "LineString", "coordinates": [[-73.7043854, 42.7463676], [-73.7042675, 42.7460813]]}}, {"type": "Feature", "properties": {"name": "Enlarged Erie Canal", "type": "derelict_canal", "source": "OpenStreetMap"}, "geometry": {"type": "LineString", "coordinates": [[-73.8206513, 42.7859597], [-73.8202356, 42.7860303]]}}, {"type": "Feature", "properties": {"name": "Enlarged Erie Canal", "type": "derelict_canal", "source": "OpenStreetMap"}, "geometry": {"type": "LineString", "coordinates": [[-73.7114118, 42.7853705], [-73.7113838, 42.7850209]]}}, {"type": "Feature", "properties": {"name": "Enlarged Erie Canal", "type": "derelict_canal", "source": "OpenStreetMap"}, "geometry": {"type": "LineString", "coordinates": [[-73.8213964, 42.7861304], [-73.8204326, 42.7860826]]}}, {"type": "Feature", "properties": {"name": "Enlarged Erie Canal", "type": "derelict_canal", "source": "OpenStreetMap"}, "geometry": {"type": "LineString", "coordinates": [[-73.7045496, 42.7462997], [-73.7042675, 42.7460813]]}}, {"type": "Feature", "properties": {"name": "Enlarged Erie Canal", "type": "derelict_canal", "source": "OpenStreetMap"}, "geometry": {"type": "LineString", "coordinates": [[-73.7020899, 42.7618448], [-73.7019528, 42.7615534]]}}, {"type": "Feature", "properties": {"name": "Enlarged Erie Canal", "type": "derelict_canal", "source": "OpenStreetMap"}, "geometry": {"type": "LineString", "coordinates": [[-73.7114118, 42.7853705], [-73.7115672, 42.7850469]]}}, {"type": "Feature", "properties": {"name": "Enlarged Erie Canal", "type": "derelict_canal", "source": "OpenStreetMap"}, "geometry": {"type": "LineString", "coordinates": [[-73.7020318, 42.7623803], [-73.7020992, 42.7621492]]}}, {"type": "Feature", "properties": {"name": "Enlarged Erie Canal", "type": "derelict_canal", "source": "OpenStreetMap"}, "geometry": {"type": "LineString", "coordinates": [[-73.7019206, 42.7621548], [-73.701904, 42.7618545]]}}, {"type": "Feature", "properties": {"name": "Enlarged Erie Canal", "type": "derelict_canal", "source": "OpenStreetMap"}, "geometry": {"type": "LineString", "coordinates": [[-73.8204326, 42.7860826], [-73.8202356, 42.7860303]]}}, {"type": "Feature", "properties": {"name": "Enlarged Erie Canal", "type": "derelict_canal", "source": "OpenStreetMap"}, "geometry": {"type": "LineString", "coordinates": [[-73.7115672, 42.7850469], [-73.711639, 42.7847386]]}}, {"type": "Feature", "properties": {"name": "Enlarged Erie Canal", "type": "derelict_canal", "source": "OpenStreetMap"}, "geometry": {"type": "LineString", "coordinates": [[-73.7113838, 42.7850209], [-73.7114466, 42.7847296]]}}, {"type": "Feature", "properties": {"name": "Enlarged Erie Canal", "type": "derelict_canal", "source": "OpenStreetMap"}, "geometry": {"type": "LineString", "coordinates": [[-73.8418472, 42.8069645], [-73.841646, 42.8067892], [-73.8414699, 42.8062075], [-73.8413033, 42.8051636], [-73.8416129, 42.8040307], [-73.8418893, 42.8026241], [-73.8418634, 42.8019334], [-73.8415784, 42.8013314], [-73.8401793, 42.7993671], [-73.8396698, 42.7989806], [-73.8387976, 42.7986321], [-73.8367594, 42.797916], [-73.8358008, 42.7974344], [-73.8346349, 42.7964965], [-73.8330977, 42.7953685], [-73.8327129, 42.7951281], [-73.8322544, 42.7948956], [-73.8312064, 42.7945004], [-73.8295858, 42.79393], [-73.8280197, 42.7933787], [-73.8271733, 42.7929414], [-73.8265915, 42.7924643], [-73.8264392, 42.7923394], [-73.8257743, 42.7915092], [-73.8254115, 42.7906409], [-73.8250143, 42.788277], [-73.8246861, 42.7875608], [-73.824237, 42.7871171], [-73.8235115, 42.7866036], [-73.8229165, 42.7862744], [-73.8225728, 42.7861457], [-73.8223955, 42.7860981]]}}, {"type": "Feature", "properties": {"name": "Enlarged Erie Canal", "type": "derelict_canal", "source": "OpenStreetMap"}, "geometry": {"type": "LineString", "coordinates": [[-73.7046028, 42.7466279], [-73.7043854, 42.7463676]]}}, {"type": "Feature", "properties": {"name": "Enlarged Erie Canal", "type": "derelict_canal", "source": "OpenStreetMap"}, "geometry": {"type": "LineString", "coordinates": [[-73.8213957, 42.7859864], [-73.8206513, 42.7859597]]}}, {"type": "Feature", "properties": {"name": "Enlarged Erie Canal", "type": "derelict_canal", "source": "OpenStreetMap"}, "geometry": {"type": "LineString", "coordinates": [[-73.711639, 42.7847386], [-73.7116219, 42.7844336]]}}, {"type": "Feature", "properties": {"name": "Enlarged Erie Canal", "type": "derelict_canal", "source": "OpenStreetMap"}, "geometry": {"type": "LineString", "coordinates": [[-73.704766, 42.7465575], [-73.7045496, 42.7462997]]}}, {"type": "Feature", "properties": {"name": "Enlarged Erie Canal", "type": "derelict_canal", "source": "OpenStreetMap"}, "geometry": {"type": "LineString", "coordinates": [[-73.701904, 42.7618545], [-73.7019528, 42.7615534]]}}, {"type": "Feature", "properties": {"name": "Enlarged Erie Canal", "type": "derelict_canal", "source": "OpenStreetMap"}, "geometry": {"type": "LineString", "coordinates": [[-73.7020992, 42.7621492], [-73.7020899, 42.7618448]]}}, {"type": "Feature", "properties": {"name": "Enlarged Erie Canal", "type": "derelict_canal", "source": "OpenStreetMap"}, "geometry": {"type": "LineString", "coordinates": [[-73.7062385, 42.7803373], [-73.7059059, 42.7800783]]}}, {"type": "Feature", "properties": {"name": "Enlarged Erie Canal", "type": "derelict_canal", "source": "OpenStreetMap"}, "geometry": {"type": "LineString", "coordinates": [[-73.7114466, 42.7847296], [-73.7116219, 42.7844336]]}}, {"type": "Feature", "properties": {"name": "Enlarged Erie Canal", "type": "canal", "source": "OpenStreetMap"}, "geometry": {"type": "LineString", "coordinates": [[-73.8202356, 42.7860303], [-73.8195993, 42.786048], [-73.8188793, 42.7862022], [-73.8178068, 42.7866526], [-73.8164418, 42.7873076], [-73.8154443, 42.7876763], [-73.8145965, 42.787911], [-73.8145826, 42.7879137], [-73.810893, 42.788622], [-73.8070909, 42.7893086], [-73.8039057, 42.7898837], [-73.8016119, 42.7907113], [-73.7954668, 42.7929283], [-73.7940278, 42.7934474], [-73.789042, 42.7952926], [-73.7875369, 42.7958496], [-73.7866419, 42.7960323], [-73.7859631, 42.7960129], [-73.7850721, 42.7958183], [-73.7832223, 42.7952517], [-73.7768201, 42.7937636], [-73.7756799, 42.7933588], [-73.7727524, 42.7920707], [-73.7719039, 42.7917477], [-73.7713099, 42.7915998], [-73.7706682, 42.7915959], [-73.7701711, 42.7917047], [-73.7699362, 42.7917562], [-73.7696553, 42.7918177], [-73.7638428, 42.793281]]}}, {"type": "Feature", "properties": {"name": "Enlarged Erie Canal", "type": "derelict_canal", "source": "OpenStreetMap"}, "geometry": {"type": "LineString", "coordinates": [[-73.7416651, 42.6606262], [-73.7418792, 42.6602661], [-73.7419161, 42.6602041]]}}, {"type": "Feature", "properties": {"name": "Erie Canal", "type": "canal", "source": "OpenStreetMap"}, "geometry": {"type": "LineString", "coordinates": [[-74.8484413, 43.0385473], [-74.8473007, 43.0384625]]}}, {"type": "Feature", "properties": {"name": "Erie Canal", "type": "canal", "source": "OpenStreetMap"}, "geometry": {"type": "LineString", "coordinates": [[-74.9407607, 43.0182275], [-74.9346433, 43.017031]]}}, {"type": "Feature", "properties": {"name": "Erie Canal", "type": "canal", "source": "OpenStreetMap"}, "geometry": {"type": "LineString", "coordinates": [[-74.7138629, 42.9923149], [-74.7092456, 42.9922773]]}}, {"type": "Feature", "properties": {"name": "Erie Canal", "type": "canal", "source": "OpenStreetMap"}, "geometry": {"type": "LineString", "coordinates": [[-74.9659836, 43.0192149], [-74.9614208, 43.0194286], [-74.95465, 43.0197457], [-74.9493197, 43.0197121], [-74.9472617, 43.0194471], [-74.9407607, 43.0182275]]}}, {"type": "Feature", "properties": {"name": "Erie Canal", "type": "canal", "source": "OpenStreetMap"}, "geometry": {"type": "LineString", "coordinates": [[-74.9346433, 43.017031], [-74.9329739, 43.0167986], [-74.9314009, 43.0166593], [-74.9216608, 43.0164175], [-74.9188713, 43.016292], [-74.9175539, 43.0162243]]}}, {"type": "Feature", "properties": {"name": "Erie Canal", "type": "canal", "source": "OpenStreetMap"}, "geometry": {"type": "LineString", "coordinates": [[-74.8599411, 43.0390021], [-74.8586811, 43.0393769], [-74.855194, 43.0397624], [-74.8524249, 43.0398802], [-74.8503298, 43.0396446], [-74.8484413, 43.0385473]]}}, {"type": "Feature", "properties": {"name": "Erie Canal", "type": "canal", "source": "OpenStreetMap"}, "geometry": {"type": "LineString", "coordinates": [[-74.9914374, 43.0142818], [-74.9899696, 43.0140508], [-74.9883512, 43.0140955], [-74.985983, 43.014811], [-74.9856572, 43.0149681], [-74.9839524, 43.01579], [-74.9786654, 43.0175801], [-74.977027, 43.0178886], [-74.9678894, 43.0190383], [-74.9659836, 43.0192149]]}}, {"type": "Feature", "properties": {"name": "Enlarged Erie Canal", "type": "canal", "source": "OpenStreetMap"}, "geometry": {"type": "LineString", "coordinates": [[-74.0428457, 42.8694079], [-74.0427743, 42.8693033], [-74.0422848, 42.8685858], [-74.0413718, 42.8675103], [-74.0362326, 42.8633324], [-74.0347052, 42.8619631], [-74.0336732, 42.8608038], [-74.0335787, 42.8606682], [-74.0334086, 42.8604238], [-74.0328693, 42.8596496], [-74.0319238, 42.8584007]]}}, {"type": "Feature", "properties": {"name": "Enlarged Erie Canal", "type": "derelict_canal", "source": "OpenStreetMap"}, "geometry": {"type": "LineString", "coordinates": [[-75.159713, 43.0849673], [-75.1589319, 43.0847942], [-75.1571768, 43.084439], [-75.1560632, 43.0841507], [-75.1547733, 43.0836668], [-75.1521654, 43.0825909], [-75.1510769, 43.082177], [-75.1503692, 43.0819768], [-75.1484254, 43.0816091], [-75.147623, 43.0814271], [-75.1469103, 43.0811723], [-75.1459135, 43.0806372], [-75.1451858, 43.0803314], [-75.1439049, 43.0799455], [-75.1415326, 43.0793485], [-75.1400075, 43.0789153], [-75.1352976, 43.0772662], [-75.133917, 43.0767602], [-75.1328455, 43.0763415], [-75.1300255, 43.0748765], [-75.1275764, 43.0736431], [-75.1187606, 43.0680611], [-75.115906, 43.0662382], [-75.1138268, 43.065059], [-75.1107889, 43.0634884], [-75.106151, 43.0611608], [-75.1006321, 43.058591], [-75.0996031, 43.0581018], [-75.0989476, 43.0576331], [-75.0967203, 43.0550529], [-75.0960789, 43.054507], [-75.0951626, 43.054028], [-75.0915961, 43.0528025], [-75.0887353, 43.0519102], [-75.0876737, 43.051455], [-75.086981, 43.0510653], [-75.0851072, 43.0495826], [-75.0835222, 43.0481184], [-75.0825653, 43.0473827], [-75.0808508, 43.0465085], [-75.0795849, 43.0459476], [-75.0784486, 43.0451754], [-75.0775415, 43.044345], [-75.076445, 43.042735], [-75.0750794, 43.041176], [-75.074196, 43.0403369]]}}, {"type": "Feature", "properties": {"name": "Enlarged Erie Canal", "type": "derelict_canal", "source": "OpenStreetMap"}, "geometry": {"type": "LineString", "coordinates": [[-74.9659836, 43.0192149], [-74.9628351, 43.0188425], [-74.960601, 43.0185735], [-74.9585552, 43.0184938], [-74.9573083, 43.0185071], [-74.9559961, 43.0186646], [-74.9547418, 43.0193874], [-74.9530304, 43.0206153], [-74.9515422, 43.0209417], [-74.9490547, 43.0209961], [-74.9474314, 43.0207699], [-74.9463871, 43.0205071], [-74.9444184, 43.0195433], [-74.9428195, 43.0188906], [-74.9407607, 43.0182275]]}}, {"type": "Feature", "properties": {"name": "Enlarged Erie Canal", "type": "derelict_canal", "source": "OpenStreetMap"}, "geometry": {"type": "LineString", "coordinates": [[-74.7138629, 42.9923149], [-74.7065874, 42.9918653], [-74.7059522, 42.991826], [-74.7039796, 42.9916865], [-74.7027166, 42.991426], [-74.7019474, 42.9913312], [-74.698134, 42.9915089], [-74.6937458, 42.9917221], [-74.6870177, 42.9920359], [-74.6832933, 42.9922847], [-74.6800709, 42.9926755], [-74.6784031, 42.9929302], [-74.6769943, 42.993019], [-74.6759418, 42.9929835], [-74.674533, 42.9928117], [-74.67005, 42.9918169], [-74.6666551, 42.9910415]]}}, {"type": "Feature", "properties": {"name": "Enlarged Erie Canal", "type": "derelict_canal", "source": "OpenStreetMap"}, "geometry": {"type": "LineString", "coordinates": [[-74.2734235, 42.945954], [-74.2729873, 42.946162], [-74.2705492, 42.9476859], [-74.2697311, 42.9481957], [-74.2673276, 42.9497162], [-74.2627672, 42.9518192], [-74.2616291, 42.952157], [-74.2603079, 42.9522969], [-74.2554291, 42.9517784], [-74.2537578, 42.9517085], [-74.2518954, 42.9518774], [-74.2501445, 42.9520289], [-74.2478523, 42.952157], [-74.2458149, 42.9525182], [-74.2440468, 42.9527558], [-74.2414597, 42.9528283], [-74.2392018, 42.9528078], [-74.2383258, 42.9527004]]}}, {"type": "Feature", "properties": {"name": "Enlarged Erie Canal", "type": "derelict_canal", "source": "OpenStreetMap"}, "geometry": {"type": "LineString", "coordinates": [[-73.9871601, 42.8216715], [-73.9870444, 42.8213964]]}}, {"type": "Feature", "properties": {"name": "Enlarged Erie Canal", "type": "derelict_canal", "source": "OpenStreetMap"}, "geometry": {"type": "LineString", "coordinates": [[-74.2740707, 42.9454411], [-74.2736852, 42.9456224]]}}, {"type": "Feature", "properties": {"name": "Enlarged Erie Canal", "type": "derelict_canal", "source": "OpenStreetMap"}, "geometry": {"type": "LineString", "coordinates": [[-74.2383258, 42.9527004], [-74.2380495, 42.9526867]]}}, {"type": "Feature", "properties": {"name": "Enlarged Erie Canal", "type": "derelict_canal", "source": "OpenStreetMap"}, "geometry": {"type": "LineString", "coordinates": [[-74.2736852, 42.9456224], [-74.2732997, 42.9458716]]}}, {"type": "Feature", "properties": {"name": "Enlarged Erie Canal", "type": "derelict_canal", "source": "OpenStreetMap"}, "geometry": {"type": "LineString", "coordinates": [[-74.6653617, 42.9908105], [-74.6649245, 42.9906358]]}}, {"type": "Feature", "properties": {"name": "Enlarged Erie Canal", "type": "derelict_canal", "source": "OpenStreetMap"}, "geometry": {"type": "LineString", "coordinates": [[-74.2737921, 42.9457006], [-74.2734235, 42.945954]]}}, {"type": "Feature", "properties": {"name": "Enlarged Erie Canal", "type": "derelict_canal", "source": "OpenStreetMap"}, "geometry": {"type": "LineString", "coordinates": [[-74.6662393, 42.9909002], [-74.6654064, 42.9906975]]}}, {"type": "Feature", "properties": {"name": "Enlarged Erie Canal", "type": "derelict_canal", "source": "OpenStreetMap"}, "geometry": {"type": "LineString", "coordinates": [[-73.8223955, 42.7860981], [-73.8213964, 42.7861304]]}}, {"type": "Feature", "properties": {"name": "Enlarged Erie Canal", "type": "derelict_canal", "source": "OpenStreetMap"}, "geometry": {"type": "LineString", "coordinates": [[-74.0444653, 42.871687], [-74.044291, 42.8713022]]}}, {"type": "Feature", "properties": {"name": "Enlarged Erie Canal", "type": "canal", "source": "OpenStreetMap"}, "geometry": {"type": "LineString", "coordinates": [[-73.8844161, 42.8527621], [-73.8839978, 42.8526905]]}}, {"type": "Feature", "properties": {"name": "Enlarged Erie Canal", "type": "canal", "source": "OpenStreetMap"}, "geometry": {"type": "LineString", "coordinates": [[-74.0319238, 42.8584007], [-74.0318573, 42.8583243]]}}, {"type": "Feature", "properties": {"name": "Enlarged Erie Canal", "type": "derelict_canal", "source": "OpenStreetMap"}, "geometry": {"type": "LineString", "coordinates": [[-73.9873256, 42.8216298], [-73.9870906, 42.821075]]}}, {"type": "Feature", "properties": {"name": "Enlarged Erie Canal", "type": "derelict_canal", "source": "OpenStreetMap"}, "geometry": {"type": "LineString", "coordinates": [[-74.2740707, 42.9454411], [-74.2737921, 42.9457006]]}}, {"type": "Feature", "properties": {"name": "Enlarged Erie Canal", "type": "derelict_canal", "source": "OpenStreetMap"}, "geometry": {"type": "LineString", "coordinates": [[-74.6666551, 42.9910415], [-74.6659204, 42.9909452]]}}, {"type": "Feature", "properties": {"name": "Enlarged Erie Canal", "type": "derelict_canal", "source": "OpenStreetMap"}, "geometry": {"type": "LineString", "coordinates": [[-74.6659204, 42.9909452], [-74.6653617, 42.9908105]]}}, {"type": "Feature", "properties": {"name": "Enlarged Erie Canal", "type": "derelict_canal", "source": "OpenStreetMap"}, "geometry": {"type": "LineString", "coordinates": [[-74.0441425, 42.8713558], [-74.0438658, 42.8709756]]}}, {"type": "Feature", "properties": {"name": "Enlarged Erie Canal", "type": "derelict_canal", "source": "OpenStreetMap"}, "geometry": {"type": "LineString", "coordinates": [[-74.0444653, 42.871687], [-74.0441425, 42.8713558]]}}, {"type": "Feature", "properties": {"name": "Enlarged Erie Canal", "type": "derelict_canal", "source": "OpenStreetMap"}, "geometry": {"type": "LineString", "coordinates": [[-74.0440092, 42.8709111], [-74.0436513, 42.870521]]}}, {"type": "Feature", "properties": {"name": "Enlarged Erie Canal", "type": "derelict_canal", "source": "OpenStreetMap"}, "geometry": {"type": "LineString", "coordinates": [[-74.2732997, 42.9458716], [-74.2729873, 42.946162]]}}, {"type": "Feature", "properties": {"name": "Enlarged Erie Canal", "type": "derelict_canal", "source": "OpenStreetMap"}, "geometry": {"type": "LineString", "coordinates": [[-73.9870444, 42.8213964], [-73.986914, 42.8208424]]}}, {"type": "Feature", "properties": {"name": "Enlarged Erie Canal", "type": "derelict_canal", "source": "OpenStreetMap"}, "geometry": {"type": "LineString", "coordinates": [[-73.9874297, 42.822059], [-73.9871601, 42.8216715]]}}, {"type": "Feature", "properties": {"name": "Enlarged Erie Canal", "type": "derelict_canal", "source": "OpenStreetMap"}, "geometry": {"type": "LineString", "coordinates": [[-73.9870906, 42.821075], [-73.9870386, 42.8209871], [-73.986914, 42.8208424]]}}, {"type": "Feature", "properties": {"name": "Enlarged Erie Canal", "type": "derelict_canal", "source": "OpenStreetMap"}, "geometry": {"type": "LineString", "coordinates": [[-74.0438658, 42.8709756], [-74.0436513, 42.870521]]}}, {"type": "Feature", "properties": {"name": "Enlarged Erie Canal", "type": "derelict_canal", "source": "OpenStreetMap"}, "geometry": {"type": "LineString", "coordinates": [[-74.6666551, 42.9910415], [-74.6662393, 42.9909002]]}}, {"type": "Feature", "properties": {"name": "Enlarged Erie Canal", "type": "derelict_canal", "source": "OpenStreetMap"}, "geometry": {"type": "LineString", "coordinates": [[-74.6654064, 42.9906975], [-74.6649245, 42.9906358]]}}, {"type": "Feature", "properties": {"name": "Enlarged Erie Canal", "type": "derelict_canal", "source": "OpenStreetMap"}, "geometry": {"type": "LineString", "coordinates": [[-74.044291, 42.8713022], [-74.0440092, 42.8709111]]}}, {"type": "Feature", "properties": {"name": "Enlarged Erie Canal", "type": "derelict_canal", "source": "OpenStreetMap"}, "geometry": {"type": "LineString", "coordinates": [[-74.0274804, 42.855096], [-74.025563, 42.8540394], [-74.0253961, 42.8540025], [-74.0252271, 42.8538865], [-74.0249763, 42.8537056], [-74.0247276, 42.8535597], [-74.0246303, 42.853448], [-74.0244252, 42.8532337], [-74.0242697, 42.8530015], [-74.0241124, 42.8528835], [-74.0226609, 42.8515676], [-74.0200196, 42.8496121], [-74.0166869, 42.8473839], [-74.0160217, 42.8470349], [-74.0150608, 42.8467127], [-74.0145311, 42.8465873]]}}, {"type": "Feature", "properties": {"name": "Enlarged Erie Canal", "type": "derelict_canal", "source": "OpenStreetMap"}, "geometry": {"type": "LineString", "coordinates": [[-74.8484413, 43.0385473], [-74.8463989, 43.037787], [-74.8446176, 43.0374798], [-74.8444448, 43.0374083]]}}, {"type": "Feature", "properties": {"name": "Enlarged Erie Canal", "type": "derelict_canal", "source": "OpenStreetMap"}, "geometry": {"type": "LineString", "coordinates": [[-74.9346433, 43.017031], [-74.9322248, 43.0164029], [-74.9313795, 43.0160373], [-74.9301398, 43.0153019], [-74.928987, 43.0148928], [-74.9278851, 43.0147255], [-74.926639, 43.0147875], [-74.9240368, 43.0155374], [-74.9231044, 43.0157233], [-74.9219516, 43.0158225], [-74.9182813, 43.0158596], [-74.9170777, 43.0157481], [-74.9152468, 43.01537], [-74.9142398, 43.0151977], [-74.9094688, 43.0150663], [-74.9078026, 43.0151364], [-74.9052228, 43.0156011], [-74.9030105, 43.0157932], [-74.9007812, 43.0160783], [-74.8995097, 43.0163386], [-74.8984332, 43.0167476], [-74.8945171, 43.0186131], [-74.8930762, 43.0191894], [-74.8888295, 43.0201624], [-74.8840827, 43.0215877], [-74.8822566, 43.0221491], [-74.8810652, 43.0227775], [-74.8802599, 43.0230936], [-74.878963, 43.023484], [-74.8776746, 43.0241148], [-74.8764419, 43.024766], [-74.8743871, 43.0259995], [-74.8725003, 43.0267766], [-74.8698941, 43.028645], [-74.8673181, 43.0309419], [-74.8639606, 43.0343426], [-74.8616558, 43.0366178], [-74.8613048, 43.0371696], [-74.8608346, 43.0380216], [-74.860477, 43.0385299], [-74.8599411, 43.0390021]]}}, {"type": "Feature", "properties": {"name": "Enlarged Erie Canal", "type": "derelict_canal", "source": "OpenStreetMap"}, "geometry": {"type": "LineString", "coordinates": [[-74.6649245, 42.9906358], [-74.663902, 42.9903121], [-74.6633925, 42.9900734], [-74.6627055, 42.9896002], [-74.659717, 42.9868488], [-74.6522402, 42.9805415], [-74.6468014, 42.975465], [-74.6458625, 42.9743256], [-74.6451869, 42.9729768], [-74.6441564, 42.9701116], [-74.6433664, 42.96826], [-74.6426107, 42.9670368], [-74.6411336, 42.9654532], [-74.6397596, 42.9642383], [-74.6382711, 42.9633082], [-74.6367597, 42.9623362], [-74.6348819, 42.9608112], [-74.6336682, 42.959747], [-74.6325461, 42.9580124], [-74.6318133, 42.9563029], [-74.6307942, 42.9524313], [-74.630153, 42.9495064], [-74.6293515, 42.9444106], [-74.6289622, 42.9419966], [-74.6286416, 42.9406387], [-74.6282523, 42.9395407], [-74.6269495, 42.9373874], [-74.6229248, 42.9315298], [-74.620885, 42.9298438], [-74.6204174, 42.9294063], [-74.6140082, 42.9216113], [-74.6091489, 42.9167376], [-74.6074875, 42.9151833], [-74.606095, 42.9142197], [-74.601687, 42.9121167], [-74.5933429, 42.9081367], [-74.5890496, 42.906163], [-74.5880214, 42.905768], [-74.586959, 42.9054792], [-74.5857854, 42.9052997], [-74.5846325, 42.9051828]]}}, {"type": "Feature", "properties": {"name": "Enlarged Erie Canal", "type": "canal", "source": "OpenStreetMap"}, "geometry": {"type": "LineString", "coordinates": [[-73.8839978, 42.8526905], [-73.882807, 42.8525025], [-73.882245, 42.8523594], [-73.8817138, 42.8521251], [-73.8813778, 42.8519265]]}}, {"type": "Feature", "properties": {"name": "Enlarged Erie Canal", "type": "canal", "source": "OpenStreetMap"}, "geometry": {"type": "LineString", "coordinates": [[-74.0318573, 42.8583243], [-74.0309761, 42.8573765], [-74.0302848, 42.8568028], [-74.0296261, 42.8563343], [-74.0274804, 42.855096]]}}, {"type": "Feature", "properties": {"name": "Enlarged Erie Canal", "type": "derelict_canal", "source": "OpenStreetMap"}, "geometry": {"type": "LineString", "coordinates": [[-74.1937918, 42.9329058], [-74.1936217, 42.9327916], [-74.1909403, 42.9300662], [-74.1901978, 42.9295808], [-74.1868242, 42.9280059], [-74.1826522, 42.9254328], [-74.1810701, 42.9246157], [-74.1772561, 42.9231827], [-74.174683, 42.9221217], [-74.171019, 42.9204752], [-74.1693562, 42.9196746], [-74.1660975, 42.9185421], [-74.1641073, 42.9176579], [-74.162242, 42.9168285], [-74.1607347, 42.9164016], [-74.1588694, 42.916182], [-74.1572206, 42.9161637], [-74.1539753, 42.916393], [-74.1517848, 42.9165482], [-74.1466149, 42.9166689], [-74.1438238, 42.9165051], [-74.14181, 42.9162205], [-74.1395725, 42.9155995], [-74.1283964, 42.9116234], [-74.1156188, 42.9069569], [-74.1124509, 42.9059908], [-74.1114167, 42.9057034], [-74.1098248, 42.9053992], [-74.1023819, 42.9044985], [-74.0996732, 42.9039205], [-74.097577, 42.9032304], [-74.0953394, 42.9019192], [-74.0864716, 42.895121], [-74.0843165, 42.8939736], [-74.0792348, 42.892341], [-74.0776609, 42.8918164], [-74.0763369, 42.8912002], [-74.0735587, 42.888894], [-74.0696315, 42.885634], [-74.0675472, 42.8839674]]}}, {"type": "Feature", "properties": {"name": "Enlarged Erie Canal", "type": "defunct_canal", "source": "OpenStreetMap"}, "geometry": {"type": "LineString", "coordinates": [[-74.571637, 42.906925], [-74.5567181, 42.9038303], [-74.5533566, 42.9030382], [-74.5493829, 42.9017688], [-74.5450703, 42.8999555], [-74.5401976, 42.8975217], [-74.5322109, 42.8940951], [-74.5277942, 42.8924342], [-74.5259571, 42.8918806], [-74.5241852, 42.8916038], [-74.5180877, 42.8913365], [-74.5178921, 42.8913304]]}}, {"type": "Feature", "properties": {"name": "Erie Canal", "type": "canal", "source": "OpenStreetMap"}, "geometry": {"type": "LineString", "coordinates": [[-77.0876606, 43.0472778], [-77.0864847, 43.0471774], [-77.0853162, 43.0470492]]}}, {"type": "Feature", "properties": {"name": "Erie Canal", "type": "canal", "source": "OpenStreetMap"}, "geometry": {"type": "LineString", "coordinates": [[-77.1243947, 43.0512211], [-77.1235206, 43.0507213], [-77.1228426, 43.0503449], [-77.1222246, 43.0500188], [-77.1214521, 43.0497428], [-77.1201475, 43.0495045], [-77.1190746, 43.0495045], [-77.1179931, 43.0495923], [-77.1168172, 43.0496926], [-77.1160448, 43.0497303], [-77.1151779, 43.0496675], [-77.1142766, 43.049517], [-77.1133497, 43.0493163], [-77.1122425, 43.0490278], [-77.1110923, 43.0487769], [-77.1098392, 43.0484758], [-77.1089723, 43.0482437], [-77.1078479, 43.0479678], [-77.1067665, 43.0477169], [-77.1055648, 43.047397], [-77.1048439, 43.0472213], [-77.1041486, 43.0470583], [-77.1034706, 43.0469955], [-77.1025693, 43.0470269], [-77.1006982, 43.0470896], [-77.0992134, 43.0471774], [-77.0981405, 43.0472339], [-77.0965183, 43.0473029], [-77.0947673, 43.0473593], [-77.0936, 43.0474785], [-77.0921752, 43.0476165], [-77.0912998, 43.0476981], [-77.090699, 43.047673], [-77.089257, 43.0475224], [-77.0883987, 43.0473907], [-77.0876606, 43.0472778]]}}, {"type": "Feature", "properties": {"name": "Erie Canal", "type": "canal", "source": "OpenStreetMap"}, "geometry": {"type": "LineString", "coordinates": [[-77.253391, 43.0648193], [-77.2515886, 43.0650513], [-77.2500865, 43.0651642], [-77.2493678, 43.0651975]]}}, {"type": "Feature", "properties": {"name": "Enlarged Erie Canal", "type": "canal", "source": "OpenStreetMap"}, "geometry": {"type": "LineString", "coordinates": [[-76.949139, 43.0764963], [-76.9470617, 43.0768501]]}}, {"type": "Feature", "properties": {"name": "Enlarged Erie Canal", "type": "derelict_canal", "source": "OpenStreetMap"}, "geometry": {"type": "LineString", "coordinates": [[-76.233287, 43.0684182], [-76.2330251, 43.0682683]]}}, {"type": "Feature", "properties": {"name": "Enlarged Erie Canal", "type": "derelict_canal", "source": "OpenStreetMap"}, "geometry": {"type": "LineString", "coordinates": [[-77.083706, 43.0460895], [-77.0833098, 43.0459784]]}}, {"type": "Feature", "properties": {"name": "Enlarged Erie Canal", "type": "derelict_canal", "source": "OpenStreetMap"}, "geometry": {"type": "LineString", "coordinates": [[-77.0810607, 43.0456507], [-77.0806726, 43.045599]]}}, {"type": "Feature", "properties": {"name": "Enlarged Erie Canal", "type": "derelict_canal", "source": "OpenStreetMap"}, "geometry": {"type": "LineString", "coordinates": [[-77.0273711, 43.0662366], [-77.0269953, 43.0660116]]}}, {"type": "Feature", "properties": {"name": "Enlarged Erie Canal", "type": "derelict_canal", "source": "OpenStreetMap"}, "geometry": {"type": "LineString", "coordinates": [[-77.0264909, 43.0658044], [-77.0260157, 43.0656981]]}}, {"type": "Feature", "properties": {"name": "Enlarged Erie Canal", "type": "derelict_canal", "source": "OpenStreetMap"}, "geometry": {"type": "LineString", "coordinates": [[-76.2330251, 43.0682683], [-76.2322233, 43.0680139]]}}, {"type": "Feature", "properties": {"name": "Enlarged Erie Canal", "type": "canal", "source": "OpenStreetMap"}, "geometry": {"type": "LineString", "coordinates": [[-76.9495967, 43.0763655], [-76.949139, 43.0764963]]}}, {"type": "Feature", "properties": {"name": "Enlarged Erie Canal", "type": "canal", "source": "OpenStreetMap"}, "geometry": {"type": "LineString", "coordinates": [[-76.9499774, 43.0762954], [-76.9495967, 43.0763655]]}}, {"type": "Feature", "properties": {"name": "Enlarged Erie Canal", "type": "derelict_canal", "source": "OpenStreetMap"}, "geometry": {"type": "LineString", "coordinates": [[-77.0833098, 43.0459784], [-77.0828792, 43.0459306]]}}, {"type": "Feature", "properties": {"name": "Enlarged Erie Canal", "type": "derelict_canal", "source": "OpenStreetMap"}, "geometry": {"type": "LineString", "coordinates": [[-77.0810607, 43.0456507], [-77.0807044, 43.0457329]]}}, {"type": "Feature", "properties": {"name": "Enlarged Erie Canal", "type": "derelict_canal", "source": "OpenStreetMap"}, "geometry": {"type": "LineString", "coordinates": [[-76.2321559, 43.0681322], [-76.2318994, 43.0679871]]}}, {"type": "Feature", "properties": {"name": "Enlarged Erie Canal", "type": "derelict_canal", "source": "OpenStreetMap"}, "geometry": {"type": "LineString", "coordinates": [[-77.0840745, 43.0462584], [-77.0836335, 43.0462099]]}}, {"type": "Feature", "properties": {"name": "Enlarged Erie Canal", "type": "derelict_canal", "source": "OpenStreetMap"}, "geometry": {"type": "LineString", "coordinates": [[-77.0801489, 43.0458218], [-77.079778, 43.0458301]]}}, {"type": "Feature", "properties": {"name": "Enlarged Erie Canal", "type": "canal", "source": "OpenStreetMap"}, "geometry": {"type": "LineString", "coordinates": [[-76.2853956, 43.0590579], [-76.2688529, 43.0632141]]}}, {"type": "Feature", "properties": {"name": "Enlarged Erie Canal", "type": "derelict_canal", "source": "OpenStreetMap"}, "geometry": {"type": "LineString", "coordinates": [[-77.0273711, 43.0662366], [-77.0269322, 43.0661268]]}}, {"type": "Feature", "properties": {"name": "Enlarged Erie Canal", "type": "derelict_canal", "source": "OpenStreetMap"}, "geometry": {"type": "LineString", "coordinates": [[-77.0836335, 43.0462099], [-77.0832458, 43.0461014]]}}, {"type": "Feature", "properties": {"name": "Enlarged Erie Canal", "type": "canal", "source": "OpenStreetMap"}, "geometry": {"type": "LineString", "coordinates": [[-76.9504905, 43.0762418], [-76.9500224, 43.0763709]]}}, {"type": "Feature", "properties": {"name": "Enlarged Erie Canal", "type": "derelict_canal", "source": "OpenStreetMap"}, "geometry": {"type": "LineString", "coordinates": [[-77.0832458, 43.0461014], [-77.0828792, 43.0459306]]}}, {"type": "Feature", "properties": {"name": "Enlarged Erie Canal", "type": "derelict_canal", "source": "OpenStreetMap"}, "geometry": {"type": "LineString", "coordinates": [[-76.2322233, 43.0680139], [-76.2318994, 43.0679871]]}}, {"type": "Feature", "properties": {"name": "Enlarged Erie Canal", "type": "derelict_canal", "source": "OpenStreetMap"}, "geometry": {"type": "LineString", "coordinates": [[-77.0801102, 43.0456892], [-77.079778, 43.0458301]]}}, {"type": "Feature", "properties": {"name": "Enlarged Erie Canal", "type": "canal", "source": "OpenStreetMap"}, "geometry": {"type": "LineString", "coordinates": [[-76.9500224, 43.0763709], [-76.9496367, 43.0764385]]}}, {"type": "Feature", "properties": {"name": "Enlarged Erie Canal", "type": "derelict_canal", "source": "OpenStreetMap"}, "geometry": {"type": "LineString", "coordinates": [[-77.0269953, 43.0660116], [-77.0264909, 43.0658044]]}}, {"type": "Feature", "properties": {"name": "Enlarged Erie Canal", "type": "derelict_canal", "source": "OpenStreetMap"}, "geometry": {"type": "LineString", "coordinates": [[-77.0264133, 43.0659107], [-77.0260157, 43.0656981]]}}, {"type": "Feature", "properties": {"name": "Enlarged Erie Canal", "type": "derelict_canal", "source": "OpenStreetMap"}, "geometry": {"type": "LineString", "coordinates": [[-77.0807044, 43.0457329], [-77.0801489, 43.0458218]]}}, {"type": "Feature", "properties": {"name": "Enlarged Erie Canal", "type": "derelict_canal", "source": "OpenStreetMap"}, "geometry": {"type": "LineString", "coordinates": [[-76.233287, 43.0684182], [-76.2329603, 43.0683945]]}}, {"type": "Feature", "properties": {"name": "Enlarged Erie Canal", "type": "derelict_canal", "source": "OpenStreetMap"}, "geometry": {"type": "LineString", "coordinates": [[-77.0840745, 43.0462584], [-77.083706, 43.0460895]]}}, {"type": "Feature", "properties": {"name": "Enlarged Erie Canal", "type": "derelict_canal", "source": "OpenStreetMap"}, "geometry": {"type": "LineString", "coordinates": [[-77.0806726, 43.045599], [-77.0801102, 43.0456892]]}}, {"type": "Feature", "properties": {"name": "Enlarged Erie Canal", "type": "canal", "source": "OpenStreetMap"}, "geometry": {"type": "LineString", "coordinates": [[-76.9504905, 43.0762418], [-76.9499774, 43.0762954]]}}, {"type": "Feature", "properties": {"name": "Enlarged Erie Canal", "type": "derelict_canal", "source": "OpenStreetMap"}, "geometry": {"type": "LineString", "coordinates": [[-77.0269322, 43.0661268], [-77.0264133, 43.0659107]]}}, {"type": "Feature", "properties": {"name": "Enlarged Erie Canal", "type": "derelict_canal", "source": "OpenStreetMap"}, "geometry": {"type": "LineString", "coordinates": [[-76.2329603, 43.0683945], [-76.2321559, 43.0681322]]}}, {"type": "Feature", "properties": {"name": "Enlarged Erie Canal", "type": "derelict_canal", "source": "OpenStreetMap"}, "geometry": {"type": "LineString", "coordinates": [[-77.0550273, 43.0615516], [-77.0544672, 43.0619284], [-77.0533529, 43.0626896], [-77.0505597, 43.064787], [-77.0492503, 43.0655664], [-77.0449403, 43.0669547]]}}, {"type": "Feature", "properties": {"name": "Enlarged Erie Canal", "type": "canal", "source": "OpenStreetMap"}, "geometry": {"type": "LineString", "coordinates": [[-76.3761933, 43.0853165], [-76.3700852, 43.0852397], [-76.3669365, 43.0846529], [-76.3511591, 43.0816656], [-76.3322949, 43.0779916], [-76.3314501, 43.0777722], [-76.3304755, 43.0774088], [-76.3296724, 43.0770871], [-76.3293369, 43.0769379]]}}, {"type": "Feature", "properties": {"name": "Enlarged Erie Canal", "type": "derelict_canal", "source": "OpenStreetMap"}, "geometry": {"type": "LineString", "coordinates": [[-77.0876606, 43.0472778], [-77.0856758, 43.0466987], [-77.0840745, 43.0462584]]}}, {"type": "Feature", "properties": {"name": "Enlarged Erie Canal", "type": "derelict_canal", "source": "OpenStreetMap"}, "geometry": {"type": "LineString", "coordinates": [[-77.0828792, 43.0459306], [-77.0821469, 43.0457605], [-77.0815553, 43.0456648], [-77.0810607, 43.0456507]]}}, {"type": "Feature", "properties": {"name": "Enlarged Erie Canal", "type": "derelict_canal", "source": "OpenStreetMap"}, "geometry": {"type": "LineString", "coordinates": [[-77.171846, 43.0568594], [-77.1682612, 43.0512019], [-77.1679119, 43.0499743], [-77.167546, 43.0465222], [-77.1672882, 43.0453857], [-77.1666232, 43.0438263], [-77.1657416, 43.0426289], [-77.1645274, 43.0412796], [-77.1631801, 43.0401307], [-77.161575, 43.0391947], [-77.15908, 43.0383984], [-77.1580072, 43.0381613], [-77.1565767, 43.0381248], [-77.1517947, 43.0385017], [-77.1448919, 43.0401551], [-77.1430789, 43.0409209], [-77.1341673, 43.0465455], [-77.1329245, 43.0473685], [-77.1311147, 43.048867], [-77.1290594, 43.0507077], [-77.1277412, 43.0513499], [-77.1266318, 43.0515746], [-77.1258519, 43.0515666], [-77.1243947, 43.0512211]]}}, {"type": "Feature", "properties": {"name": "Enlarged Erie Canal", "type": "derelict_canal", "source": "OpenStreetMap"}, "geometry": {"type": "LineString", "coordinates": [[-76.2318994, 43.0679871], [-76.2208952, 43.0645435]]}}, {"type": "Feature", "properties": {"name": "Enlarged Erie Canal", "type": "canal", "source": "OpenStreetMap"}, "geometry": {"type": "LineString", "coordinates": [[-75.580769, 43.2061806], [-75.5804031, 43.2062865]]}}, {"type": "Feature", "properties": {"name": "Erie Canal Oxbow", "type": "canal", "source": "OpenStreetMap"}, "geometry": {"type": "LineString", "coordinates": [[-77.4571322, 43.0863172], [-77.4564996, 43.086536], [-77.4560758, 43.0868694], [-77.4554696, 43.0874371], [-77.4547561, 43.0875668], [-77.4539622, 43.0878253], [-77.4536703, 43.0881081], [-77.4534365, 43.0883346], [-77.4527552, 43.0888474], [-77.4524011, 43.0890747], [-77.4521758, 43.0893802], [-77.4521436, 43.089631], [-77.4524441, 43.0898582], [-77.4531629, 43.0899835], [-77.4539354, 43.0901324], [-77.4546864, 43.0903126], [-77.4555388, 43.090505]]}}, {"type": "Feature", "properties": {"name": "Erie Canal Oxbow", "type": "canal", "source": "OpenStreetMap"}, "geometry": {"type": "LineString", "coordinates": [[-77.4557092, 43.0883748], [-77.4549868, 43.088299], [-77.4542465, 43.0881736], [-77.4536703, 43.0881081]]}}, {"type": "Feature", "properties": {"name": "Enlarged Erie Canal", "type": "derelict_canal", "source": "OpenStreetMap"}, "geometry": {"type": "LineString", "coordinates": [[-75.3300958, 43.1564221], [-75.3300357, 43.1563425], [-75.3299842, 43.1562809], [-75.3299316, 43.1562141], [-75.3298771, 43.1561426]]}}, {"type": "Feature", "properties": {"name": "Enlarged Erie Canal", "type": "derelict_canal", "source": "OpenStreetMap"}, "geometry": {"type": "LineString", "coordinates": [[-75.3298771, 43.1561426], [-75.3275012, 43.1535905], [-75.3267431, 43.1528803], [-75.3260967, 43.1524902], [-75.3250864, 43.1520853], [-75.3236193, 43.151653], [-75.3213228, 43.1510479], [-75.3205271, 43.1507885], [-75.318919, 43.1500558], [-75.3163403, 43.1486437], [-75.3123847, 43.1466264], [-75.3109402, 43.1458607], [-75.3086425, 43.1443609], [-75.3073532, 43.1434348], [-75.3065161, 43.1427221], [-75.3060872, 43.142234], [-75.3057891, 43.1417195], [-75.3054983, 43.1410245], [-75.3053166, 43.1403879], [-75.3051439, 43.1388111]]}}, {"type": "Feature", "properties": {"name": "Enlarged Erie Canal", "type": "derelict_canal", "source": "OpenStreetMap"}, "geometry": {"type": "LineString", "coordinates": [[-73.7097187, 42.7827449], [-73.7090541, 42.7826387]]}}, {"type": "Feature", "properties": {"name": "Enlarged Erie Canal", "type": "derelict_canal", "source": "OpenStreetMap"}, "geometry": {"type": "LineString", "coordinates": [[-73.7103678, 42.7826203], [-73.7097287, 42.7826051]]}}, {"type": "Feature", "properties": {"name": "Enlarged Erie Canal", "type": "derelict_canal", "source": "OpenStreetMap"}, "geometry": {"type": "LineString", "coordinates": [[-73.7036363, 42.7784607], [-73.7034418, 42.7781852]]}}, {"type": "Feature", "properties": {"name": "Enlarged Erie Canal", "type": "derelict_canal", "source": "OpenStreetMap"}, "geometry": {"type": "LineString", "coordinates": [[-73.7097287, 42.7826051], [-73.7090541, 42.7826387]]}}, {"type": "Feature", "properties": {"name": "Enlarged Erie Canal", "type": "derelict_canal", "source": "OpenStreetMap"}, "geometry": {"type": "LineString", "coordinates": [[-73.710349, 42.7827595], [-73.7097187, 42.7827449]]}}, {"type": "Feature", "properties": {"name": "Enlarged Erie Canal", "type": "derelict_canal", "source": "OpenStreetMap"}, "geometry": {"type": "LineString", "coordinates": [[-73.7108742, 42.7826855], [-73.7103678, 42.7826203]]}}, {"type": "Feature", "properties": {"name": "Enlarged Erie Canal", "type": "derelict_canal", "source": "OpenStreetMap"}, "geometry": {"type": "LineString", "coordinates": [[-73.7108742, 42.7826855], [-73.710349, 42.7827595]]}}, {"type": "Feature", "properties": {"name": "Enlarged Erie Canal", "type": "derelict_canal", "source": "OpenStreetMap"}, "geometry": {"type": "LineString", "coordinates": [[-73.7034418, 42.7781852], [-73.7032551, 42.7779088], [-73.7032154, 42.7773322], [-73.7035708, 42.7767279], [-73.7044071, 42.775418], [-73.7044377, 42.7749416], [-73.704429, 42.7745957]]}}, {"type": "Feature", "properties": {"name": "Enlarged Erie Canal", "type": "derelict_canal", "source": "OpenStreetMap"}, "geometry": {"type": "LineString", "coordinates": [[-73.7090541, 42.7826387], [-73.707948, 42.7825997], [-73.7075151, 42.7825444], [-73.707167, 42.7823925], [-73.70696, 42.7820679], [-73.7068325, 42.7815759], [-73.7067525, 42.7811063], [-73.7065719, 42.7807309], [-73.7062385, 42.7803373]]}}, {"type": "Feature", "properties": {"name": "Enlarged Erie Canal", "type": "derelict_canal", "source": "OpenStreetMap"}, "geometry": {"type": "LineString", "coordinates": [[-74.2383293, 42.9528272], [-74.238053, 42.9528135]]}}, {"type": "Feature", "properties": {"name": "Enlarged Erie Canal", "type": "derelict_canal", "source": "OpenStreetMap"}, "geometry": {"type": "LineString", "coordinates": [[-74.2868105, 42.9385927], [-74.2860746, 42.9396834]]}}, {"type": "Feature", "properties": {"name": "Enlarged Erie Canal", "type": "derelict_canal", "source": "OpenStreetMap"}, "geometry": {"type": "LineString", "coordinates": [[-74.2392018, 42.9528078], [-74.2383293, 42.9528272]]}}, {"type": "Feature", "properties": {"name": "Enlarged Erie Canal", "type": "derelict_canal", "source": "OpenStreetMap"}, "geometry": {"type": "LineString", "coordinates": [[-74.2366135, 42.9526432], [-74.2373827, 42.9527753], [-74.238053, 42.9528135]]}}, {"type": "Feature", "properties": {"name": "Enlarged Erie Canal", "type": "derelict_canal", "source": "OpenStreetMap"}, "geometry": {"type": "LineString", "coordinates": [[-74.2857302, 42.940245], [-74.2854882, 42.9405581], [-74.2848501, 42.9409506], [-74.2839825, 42.9412994], [-74.2837197, 42.9414015]]}}, {"type": "Feature", "properties": {"name": "Enlarged Erie Canal", "type": "derelict_canal", "source": "OpenStreetMap"}, "geometry": {"type": "LineString", "coordinates": [[-74.8444448, 43.0374083], [-74.8441327, 43.037219]]}}, {"type": "Feature", "properties": {"name": "Enlarged Erie Canal", "type": "derelict_canal", "source": "OpenStreetMap"}, "geometry": {"type": "LineString", "coordinates": [[-74.8441327, 43.037219], [-74.8436838, 43.0370151], [-74.8426076, 43.0365262], [-74.8424469, 43.0364582], [-74.8417335, 43.0361563], [-74.8383521, 43.0354082], [-74.8358908, 43.0348449], [-74.8334296, 43.0340967], [-74.8315779, 43.033441], [-74.8301755, 43.0325487], [-74.8277781, 43.0301872], [-74.8270001, 43.0295993], [-74.8263275, 43.029229], [-74.8255307, 43.0289289], [-74.8248692, 43.0288465], [-74.8238094, 43.0288712], [-74.8219002, 43.029146], [-74.8204194, 43.0292476], [-74.8191567, 43.029168], [-74.8179352, 43.0289564], [-74.8124857, 43.0272585], [-74.8102432, 43.0264342], [-74.8076092, 43.0250376], [-74.8031467, 43.0224479], [-74.8011455, 43.021111], [-74.7995542, 43.0194571], [-74.7984418, 43.0182563], [-74.7924509, 43.0138253], [-74.7885577, 43.011334], [-74.7870228, 43.0106787], [-74.7862749, 43.0105385], [-74.7850946, 43.0105204], [-74.7838509, 43.0107847], [-74.7819428, 43.0111928], [-74.780258, 43.0113288], [-74.7789292, 43.0112822], [-74.7771328, 43.0107264], [-74.7752062, 43.0099487], [-74.7645716, 43.0044724], [-74.762978, 43.0037408], [-74.7606443, 43.0031166]]}}, {"type": "Feature", "properties": {"name": "Enlarged Erie Canal", "type": "derelict_canal", "source": "OpenStreetMap"}, "geometry": {"type": "LineString", "coordinates": [[-76.6346681, 43.0371778], [-76.635327, 43.0371051], [-76.6357407, 43.0370111], [-76.6362589, 43.036879], [-76.6367443, 43.0367084]]}}, {"type": "Feature", "properties": {"name": "Enlarged Erie Canal", "type": "derelict_canal", "source": "OpenStreetMap"}, "geometry": {"type": "LineString", "coordinates": [[-77.3265243, 43.0781284], [-77.3238066, 43.0774312], [-77.3213297, 43.0767624], [-77.318448, 43.0761016], [-77.3141873, 43.0750145], [-77.3110721, 43.0744123], [-77.3088469, 43.0741831]]}}, {"type": "Feature", "properties": {"name": "Enlarged Erie Canal", "type": "canal", "source": "OpenStreetMap"}, "geometry": {"type": "LineString", "coordinates": [[-77.2988738, 43.0715771], [-77.2985859, 43.0716689], [-77.2981655, 43.0717047], [-77.297629, 43.0717349], [-77.2972523, 43.0717001]]}}, {"type": "Feature", "properties": {"name": "Enlarged Erie Canal", "type": "canal", "source": "OpenStreetMap"}, "geometry": {"type": "LineString", "coordinates": [[-77.2988738, 43.0715771], [-77.2986401, 43.0715332], [-77.2980726, 43.0715747], [-77.2977322, 43.0716011], [-77.2975439, 43.0716237], [-77.2972523, 43.0717001]]}}, {"type": "Feature", "properties": {"name": "Enlarged Erie Canal", "type": "canal", "source": "OpenStreetMap"}, "geometry": {"type": "LineString", "coordinates": [[-77.2972523, 43.0717001], [-77.2965685, 43.0717519], [-77.2941454, 43.0719358]]}}, {"type": "Feature", "properties": {"name": "Erie Canal", "type": "canal", "source": "OpenStreetMap"}, "geometry": {"type": "LineString", "coordinates": [[-77.3265243, 43.0781284], [-77.3221815, 43.0773872], [-77.3194607, 43.0768731], [-77.3113068, 43.0751615], [-77.3095987, 43.0749108], [-77.3094603, 43.0748866], [-77.307556, 43.0745534], [-77.3057449, 43.0742524], [-77.3046806, 43.074033], [-77.3037708, 43.0737948], [-77.3025347, 43.0734663]]}}, {"type": "Feature", "properties": {"name": "Erie Canal", "type": "canal", "source": "OpenStreetMap"}, "geometry": {"type": "LineString", "coordinates": [[-77.2795037, 43.0686072], [-77.2789342, 43.0683495], [-77.2778184, 43.0677539], [-77.2761018, 43.0666879], [-77.2749174, 43.0659354], [-77.2738187, 43.0651328], [-77.273072, 43.0645246], [-77.2722309, 43.0638348], [-77.2713726, 43.0631889], [-77.2706859, 43.0627248], [-77.2700679, 43.0623611], [-77.2693985, 43.0620476], [-77.2687118, 43.0618595], [-77.2678192, 43.0617215], [-77.2667634, 43.0616588], [-77.2657077, 43.0617215], [-77.2647464, 43.0618595], [-77.2640598, 43.0620162], [-77.2624118, 43.0624364], [-77.259897, 43.0631262], [-77.2566783, 43.0640354], [-77.25473, 43.0645998], [-77.253391, 43.0648193]]}}, {"type": "Feature", "properties": {"name": "Erie Canal", "type": "canal", "source": "OpenStreetMap"}, "geometry": {"type": "LineString", "coordinates": [[-77.2941454, 43.0719358], [-77.2888048, 43.0709203], [-77.2872941, 43.0705943], [-77.2849166, 43.0701428], [-77.2835433, 43.069892], [-77.2822816, 43.0696036], [-77.2815092, 43.0693214], [-77.2800844, 43.06887], [-77.2795037, 43.0686072]]}}, {"type": "Feature", "properties": {"name": "Enlarged Erie Canal", "type": "canal", "source": "OpenStreetMap"}, "geometry": {"type": "LineString", "coordinates": [[-75.6747437, 43.1484423], [-75.6704502, 43.1562216], [-75.6704063, 43.156302], [-75.6701155, 43.1566822], [-75.6684418, 43.1582162], [-75.6615037, 43.1622832], [-75.6613193, 43.1623505], [-75.6612412, 43.1623961], [-75.6611226, 43.1625157], [-75.6520049, 43.1678217], [-75.6508826, 43.1686845], [-75.6497297, 43.1697765], [-75.648505, 43.1712288], [-75.6477286, 43.1724765], [-75.6466118, 43.1769155], [-75.646387, 43.1773449], [-75.646154, 43.1777552], [-75.6457611, 43.1783109], [-75.6445116, 43.1792328], [-75.643508, 43.17986], [-75.6372784, 43.1833901], [-75.6363841, 43.1838969], [-75.631177, 43.1853906], [-75.6291559, 43.1861341], [-75.6279786, 43.1867271], [-75.6269136, 43.1875813], [-75.6205066, 43.1940483], [-75.6189635, 43.195771], [-75.6127086, 43.2004793], [-75.6118298, 43.2009297], [-75.6104555, 43.2017307], [-75.6093248, 43.2022223], [-75.6081596, 43.2026222], [-75.5959308, 43.2046272], [-75.5922793, 43.2052101], [-75.5876139, 43.2054554], [-75.5872893, 43.2054085], [-75.5830253, 43.2056843], [-75.5819736, 43.2058259], [-75.5814247, 43.205994]]}}, {"type": "Feature", "properties": {"name": "Enlarged Erie Canal", "type": "derelict_canal", "source": "OpenStreetMap"}, "geometry": {"type": "LineString", "coordinates": [[-75.074196, 43.0403369], [-75.0740198, 43.0401695]]}}, {"type": "Feature", "properties": {"name": "Enlarged Erie Canal", "type": "derelict_canal", "source": "OpenStreetMap"}, "geometry": {"type": "LineString", "coordinates": [[-75.0740198, 43.0401695], [-75.0721189, 43.0383638], [-75.0701453, 43.0363603], [-75.0657873, 43.0326635], [-75.0554825, 43.0238785], [-75.0546156, 43.0232954], [-75.0535371, 43.022817], [-75.0518498, 43.0222009], [-75.0427052, 43.0188363], [-75.0413801, 43.0182746], [-75.030004, 43.0125747], [-75.0275854, 43.0114378], [-75.0266952, 43.0111123], [-75.025805, 43.0108745], [-75.0228861, 43.0104176], [-75.0205664, 43.0100983], [-75.0183152, 43.0098981], [-75.0168173, 43.0098167], [-75.0157815, 43.0099106], [-75.0146688, 43.0102298], [-75.008831, 43.0123641], [-75.0080521, 43.0125957], [-75.0058176, 43.0129143], [-75.0007246, 43.0136403], [-74.9997146, 43.0138218], [-74.9985333, 43.0142162], [-74.9971359, 43.0147412], [-74.9960828, 43.0149713], [-74.9951507, 43.0150156], [-74.9940491, 43.014874], [-74.9914374, 43.0142818]]}}, {"type": "Feature", "properties": {"name": "Enlarged Erie Canal", "type": "derelict_canal", "source": "OpenStreetMap"}, "geometry": {"type": "LineString", "coordinates": [[-76.8410586, 43.0671749], [-76.8400528, 43.0662129], [-76.8393495, 43.065637], [-76.8385575, 43.0652069], [-76.8342921, 43.0637014], [-76.8324041, 43.0630114], [-76.8312402, 43.062491], [-76.8306064, 43.062044], [-76.8301911, 43.0614849], [-76.8280836, 43.0560842], [-76.827453, 43.0550153], [-76.8263946, 43.053601], [-76.8245098, 43.0515086], [-76.8239154, 43.0507352], [-76.8215449, 43.0468097], [-76.8207185, 43.0452574], [-76.820211, 43.0440336], [-76.8195369, 43.0419038], [-76.8192396, 43.0411091], [-76.8188119, 43.040468], [-76.8181892, 43.0398904], [-76.813258, 43.0365747], [-76.8122431, 43.0361364], [-76.8078399, 43.0348063], [-76.8062943, 43.0342972], [-76.8058305, 43.0341431], [-76.7950609, 43.0294931], [-76.7883612, 43.0266303], [-76.7868901, 43.0259857], [-76.7859264, 43.0254911], [-76.785219, 43.0249702], [-76.784732, 43.0245055], [-76.7843271, 43.0239921], [-76.7830046, 43.0209454], [-76.7813079, 43.0166655], [-76.7808773, 43.0159346], [-76.7801955, 43.0151063], [-76.7795958, 43.0146266], [-76.7787551, 43.0141244], [-76.776023, 43.0128725], [-76.7748235, 43.0123365], [-76.7739931, 43.0117818], [-76.7734754, 43.0112121], [-76.7730448, 43.01038], [-76.7728193, 43.0094429], [-76.7726911, 43.0077336], [-76.7724912, 43.0067515], [-76.772117, 43.0057019], [-76.7716352, 43.0047573], [-76.7710303, 43.0040563], [-76.7669552, 43.0008961], [-76.766012, 43.00039], [-76.7650534, 43.0000226], [-76.7642128, 42.9997977], [-76.7634007, 42.9996495], [-76.7622114, 42.9995932], [-76.761135, 42.9996382], [-76.7596895, 42.9998669], [-76.7432146, 43.0038968], [-76.7241819, 43.00856], [-76.7216527, 43.0092648]]}}, {"type": "Feature", "properties": {"name": "Enlarged Erie Canal", "type": "canal", "source": "OpenStreetMap"}, "geometry": {"type": "LineString", "coordinates": [[-76.9747112, 43.0608925], [-76.9736456, 43.0603102], [-76.9719901, 43.0596984], [-76.9691152, 43.0587524], [-76.9682628, 43.0585598], [-76.9675275, 43.0585389], [-76.9647702, 43.059037], [-76.9634165, 43.0594121], [-76.9619367, 43.0604404], [-76.9573336, 43.0647537], [-76.9565623, 43.0656574], [-76.9562774, 43.0667119], [-76.9565102, 43.0674926], [-76.9579533, 43.0708764], [-76.9582926, 43.0714706], [-76.9583247, 43.071568], [-76.9584433, 43.0720112], [-76.9583833, 43.0729221], [-76.9578366, 43.0740547], [-76.9573632, 43.0744099]]}}, {"type": "Feature", "properties": {"name": "Enlarged Erie Canal", "type": "derelict_canal", "source": "OpenStreetMap"}, "geometry": {"type": "LineString", "coordinates": [[-77.5429665, 43.1031565], [-77.5430143, 43.1034379], [-77.5431082, 43.1036812], [-77.543291, 43.104087], [-77.543407, 43.1043145], [-77.5436289, 43.1046486]]}}, {"type": "Feature", "properties": {"name": "Enlarged Erie Canal", "type": "canal", "source": "OpenStreetMap"}, "geometry": {"type": "LineString", "coordinates": [[-76.3038513, 43.0524896], [-76.3033999, 43.0523821], [-76.3025266, 43.052174], [-76.301352, 43.0519636], [-76.3000387, 43.0518742], [-76.298667, 43.0519316], [-76.2972068, 43.0521834], [-76.2951914, 43.0528513], [-76.2931842, 43.0535515], [-76.2921644, 43.0541238], [-76.2900722, 43.0555501], [-76.2885209, 43.0571715], [-76.2873743, 43.0583158], [-76.2870475, 43.0585502], [-76.2869823, 43.058597], [-76.2864359, 43.0588089], [-76.2862633, 43.0588493], [-76.2861752, 43.05887], [-76.285936, 43.0589283]]}}, {"type": "Feature", "properties": {"name": "Enlarged Erie Canal", "type": "canal", "source": "OpenStreetMap"}, "geometry": {"type": "LineString", "coordinates": [[-76.3040855, 43.0525765], [-76.3038513, 43.0524896]]}}, {"type": "Feature", "properties": {"name": "Enlarged Erie Canal", "type": "canal", "source": "OpenStreetMap"}, "geometry": {"type": "LineString", "coordinates": [[-75.7995431, 43.0725816], [-75.798974, 43.0728986]]}}, {"type": "Feature", "properties": {"name": "Enlarged Erie Canal", "type": "canal", "source": "OpenStreetMap"}, "geometry": {"type": "LineString", "coordinates": [[-75.7849265, 43.075537], [-75.7848246, 43.0755242], [-75.7847469, 43.0754849], [-75.775672, 43.076155], [-75.7648211, 43.0769928], [-75.763007, 43.0773072], [-75.7620726, 43.0775745], [-75.7612889, 43.0778514], [-75.759808, 43.0785469], [-75.7586219, 43.0790337], [-75.7579342, 43.0792137], [-75.7573316, 43.0793124], [-75.7571605, 43.0793413]]}}, {"type": "Feature", "properties": {"name": "Enlarged Erie Canal", "type": "canal", "source": "OpenStreetMap"}, "geometry": {"type": "LineString", "coordinates": [[-75.8207781, 43.0673901], [-75.8206462, 43.067444], [-75.8205399, 43.0674717], [-75.8097848, 43.0691563], [-75.8059588, 43.0697589], [-75.8051373, 43.0699513], [-75.8050186, 43.0700198]]}}, {"type": "Feature", "properties": {"name": "Enlarged Erie Canal", "type": "canal", "source": "OpenStreetMap"}, "geometry": {"type": "LineString", "coordinates": [[-75.8778922, 43.062155], [-75.8776036, 43.0620775]]}}, {"type": "Feature", "properties": {"name": "Enlarged Erie Canal", "type": "derelict_canal", "source": "OpenStreetMap"}, "geometry": {"type": "LineString", "coordinates": [[-77.2941454, 43.0719358], [-77.2914673, 43.0720356], [-77.2894392, 43.0717318], [-77.2861051, 43.0711775], [-77.2836975, 43.0707459], [-77.2831172, 43.0704517], [-77.2826278, 43.0703571], [-77.2822546, 43.0702101], [-77.2818863, 43.0700665], [-77.2813947, 43.0698342], [-77.2801883, 43.0692642], [-77.2795037, 43.0686072]]}}, {"type": "Feature", "properties": {"name": "Enlarged Erie Canal", "type": "derelict_canal", "source": "OpenStreetMap"}, "geometry": {"type": "LineString", "coordinates": [[-77.2831172, 43.0704517], [-77.2827082, 43.0702362], [-77.2823283, 43.0700861], [-77.2818702, 43.0699244], [-77.2813947, 43.0698342]]}}, {"type": "Feature", "properties": {"name": "Enlarged Erie Canal", "type": "canal", "source": "OpenStreetMap"}, "geometry": {"type": "LineString", "coordinates": [[-75.6706991, 43.1164947], [-75.6704928, 43.1167686]]}}, {"type": "Feature", "properties": {"name": "Enlarged Erie Canal", "type": "derelict_canal", "source": "OpenStreetMap"}, "geometry": {"type": "LineString", "coordinates": [[-76.6322719, 43.0374987], [-76.6273815, 43.0372854], [-76.6246837, 43.0370549], [-76.620745, 43.0370144]]}}, {"type": "Feature", "properties": {"name": "Enlarged Erie Canal", "type": "derelict_canal", "source": "OpenStreetMap"}, "geometry": {"type": "LineString", "coordinates": [[-76.5772028, 43.0428138], [-76.5749055, 43.043296], [-76.573177, 43.0434632], [-76.5714234, 43.0438409], [-76.5686931, 43.0447214], [-76.5668747, 43.0456384], [-76.5654249, 43.0464331], [-76.5645115, 43.0472224], [-76.5639025, 43.0480912], [-76.5624237, 43.0505599], [-76.5606694, 43.0528059], [-76.5581756, 43.0557458], [-76.5574402, 43.0565862], [-76.5513469, 43.0599249], [-76.5506582, 43.060195], [-76.5499043, 43.0603751], [-76.5487471, 43.0605054], [-76.539989, 43.060972], [-76.5391982, 43.061076], [-76.532522, 43.0634852], [-76.5306563, 43.0641606], [-76.5302407, 43.0643111], [-76.5228285, 43.0657717], [-76.5217654, 43.0657378], [-76.520968, 43.0657123], [-76.514342, 43.064809], [-76.5138802, 43.0648098], [-76.5134034, 43.0648855], [-76.5021838, 43.0669772], [-76.5014373, 43.0670488], [-76.4957707, 43.0669298], [-76.4953496, 43.0669199], [-76.4947524, 43.0669051], [-76.4889553, 43.0667619], [-76.4822582, 43.0665342], [-76.4765443, 43.0663768], [-76.4751434, 43.0660707], [-76.4740808, 43.0657932], [-76.4733039, 43.0658494], [-76.4730223, 43.0659102], [-76.4724907, 43.0661171]]}}, {"type": "Feature", "properties": {"name": "Enlarged Erie Canal", "type": "canal", "source": "OpenStreetMap"}, "geometry": {"type": "LineString", "coordinates": [[-75.7503327, 43.0792345], [-75.750129, 43.0792709], [-75.7492376, 43.0792571], [-75.7323411, 43.0795574], [-75.7309961, 43.079618], [-75.7295599, 43.0798815], [-75.7285487, 43.0801702], [-75.7275398, 43.0805523], [-75.7101534, 43.0886954], [-75.7099136, 43.0888713]]}}, {"type": "Feature", "properties": {"name": "Enlarged Erie Canal", "type": "canal", "source": "OpenStreetMap"}, "geometry": {"type": "LineString", "coordinates": [[-75.6912627, 43.0975099], [-75.6911169, 43.0975779]]}}, {"type": "Feature", "properties": {"name": "Enlarged Erie Canal", "type": "canal", "source": "OpenStreetMap"}, "geometry": {"type": "LineString", "coordinates": [[-75.6911169, 43.0975779], [-75.6883379, 43.0988962], [-75.6878229, 43.099192], [-75.6871256, 43.0997012], [-75.6862699, 43.1004189], [-75.6833547, 43.1033925], [-75.6832847, 43.1035582]]}}, {"type": "Feature", "properties": {"name": "Enlarged Erie Canal", "type": "derelict_canal", "source": "OpenStreetMap"}, "geometry": {"type": "LineString", "coordinates": [[-74.5121333, 42.8911211], [-74.5088764, 42.8909642], [-74.507738, 42.8909605], [-74.5067918, 42.8910692], [-74.4987872, 42.8926025], [-74.4918269, 42.8943911], [-74.4905095, 42.894678], [-74.4839362, 42.8954812], [-74.4824196, 42.8956029], [-74.4806691, 42.8954949]]}}, {"type": "Feature", "properties": {"name": "Enlarged Erie Canal", "type": "derelict_canal", "source": "OpenStreetMap"}, "geometry": {"type": "LineString", "coordinates": [[-74.5141719, 42.8912148], [-74.5137969, 42.891201]]}}, {"type": "Feature", "properties": {"name": "Enlarged Erie Canal", "type": "defunct_canal", "source": "OpenStreetMap"}, "geometry": {"type": "LineString", "coordinates": [[-74.5137969, 42.891201], [-74.5121333, 42.8911211]]}}, {"type": "Feature", "properties": {"name": "Enlarged Erie Canal", "type": "derelict_canal", "source": "OpenStreetMap"}, "geometry": {"type": "LineString", "coordinates": [[-74.4609892, 42.898044], [-74.4604345, 42.8987092], [-74.457868, 42.9043539], [-74.4571297, 42.9056205], [-74.4568817, 42.906046], [-74.456363, 42.9065342]]}}, {"type": "Feature", "properties": {"name": "Enlarged Erie Canal", "type": "derelict_canal", "source": "OpenStreetMap"}, "geometry": {"type": "LineString", "coordinates": [[-74.4806691, 42.8954949], [-74.4781235, 42.8949229], [-74.4772974, 42.8947909], [-74.4750184, 42.8948552], [-74.4732548, 42.8949367]]}}, {"type": "Feature", "properties": {"name": "Enlarged Erie Canal", "type": "derelict_canal", "source": "OpenStreetMap"}, "geometry": {"type": "LineString", "coordinates": [[-76.9470617, 43.0768501], [-76.9449531, 43.0772174], [-76.9403132, 43.0780289], [-76.9393727, 43.0782205], [-76.9382757, 43.0784133], [-76.9370711, 43.0785196], [-76.9357481, 43.0784185], [-76.9337683, 43.0782672], [-76.9300835, 43.0776638], [-76.9286647, 43.0774911], [-76.9280693, 43.0774441], [-76.9275972, 43.0774596], [-76.9271064, 43.077495], [-76.9255044, 43.0778532], [-76.92274, 43.0786027], [-76.9214166, 43.0792185], [-76.9205988, 43.0800749], [-76.9201956, 43.0821034], [-76.9178231, 43.0834355], [-76.915228, 43.0848737], [-76.9133852, 43.0860567], [-76.9125523, 43.0866211], [-76.9116071, 43.0869742], [-76.9098961, 43.0875334], [-76.9069631, 43.0880144], [-76.9026445, 43.0885306]]}}, {"type": "Feature", "properties": {"name": "Enlarged Erie Canal", "type": "derelict_canal", "source": "OpenStreetMap"}, "geometry": {"type": "LineString", "coordinates": [[-76.620745, 43.0370144], [-76.6195864, 43.0373613]]}}, {"type": "Feature", "properties": {"name": "Enlarged Erie Canal", "type": "derelict_canal", "source": "OpenStreetMap"}, "geometry": {"type": "LineString", "coordinates": [[-76.6195864, 43.0373613], [-76.6189645, 43.0375685]]}}, {"type": "Feature", "properties": {"name": "Enlarged Erie Canal", "type": "derelict_canal", "source": "OpenStreetMap"}, "geometry": {"type": "LineString", "coordinates": [[-76.7186203, 43.0100588], [-76.7141878, 43.011082], [-76.7133143, 43.0112551], [-76.7121441, 43.0113185], [-76.706353, 43.0103775], [-76.7057395, 43.0103239], [-76.7050161, 43.0104019], [-76.7040525, 43.0105238], [-76.7024747, 43.010599], [-76.6949162, 43.0112124], [-76.6935732, 43.0115386], [-76.6926716, 43.0118813], [-76.6876125, 43.0155714], [-76.6780426, 43.0218096], [-76.6763467, 43.0226626], [-76.6699079, 43.0256516], [-76.6549306, 43.0326668], [-76.6428539, 43.0353104], [-76.6367443, 43.0367084], [-76.6360551, 43.0367825], [-76.6352755, 43.0369741], [-76.6346681, 43.0371778], [-76.6322719, 43.0374987]]}}, {"type": "Feature", "properties": {"name": "Enlarged Erie Canal", "type": "canal", "source": "OpenStreetMap"}, "geometry": {"type": "LineString", "coordinates": [[-77.2991852, 43.071551], [-77.2988738, 43.0715771]]}}, {"type": "Feature", "properties": {"name": "Enlarged Erie Canal", "type": "canal", "source": "OpenStreetMap"}, "geometry": {"type": "LineString", "coordinates": [[-77.2995326, 43.0715184], [-77.2991852, 43.071551]]}}, {"type": "Feature", "properties": {"name": "Abandoned Erie Canal", "type": "derelict_canal", "source": "OpenStreetMap"}, "geometry": {"type": "LineString", "coordinates": [[-73.7638428, 42.793281], [-73.7629942, 42.7937883], [-73.7620396, 42.7949402], [-73.7588576, 42.8000302], [-73.7558347, 42.804217], [-73.7549013, 42.8051197], [-73.7537133, 42.8058667], [-73.7494282, 42.8079211], [-73.7481236, 42.808637], [-73.7473811, 42.8093373], [-73.7462893, 42.8105879], [-73.7451245, 42.8119247], [-73.7436717, 42.8140149], [-73.7424944, 42.8157789], [-73.7412356, 42.8179379], [-73.7404215, 42.8189438], [-73.7388435, 42.820602], [-73.7381358, 42.8211946], [-73.736683, 42.8220857], [-73.7356309, 42.8226185], [-73.7341874, 42.8232381], [-73.7335456, 42.8234173], [-73.7330728, 42.8234724], [-73.7328781, 42.8234559], [-73.7325593, 42.8234288], [-73.7322461, 42.8233254], [-73.7320144, 42.8231738], [-73.7318877, 42.8230117]]}}, {"type": "Feature", "properties": {"name": "Enlarged Erie Canal", "type": "derelict_canal", "source": "OpenStreetMap"}, "geometry": {"type": "LineString", "coordinates": [[-73.8813778, 42.8519265], [-73.8802414, 42.8512545], [-73.8796153, 42.8507575], [-73.8794062, 42.8505122]]}}, {"type": "Feature", "properties": {"name": "Erie Canal", "type": "canal", "source": "OpenStreetMap"}, "geometry": {"type": "LineString", "coordinates": [[-78.6931465, 43.1706665], [-78.6940293, 43.169977], [-78.6941305, 43.1698993]]}}, {"type": "Feature", "properties": {"name": "Enlarged Erie Canal", "type": "derelict_canal", "source": "OpenStreetMap"}, "geometry": {"type": "LineString", "coordinates": [[-77.0260157, 43.0656981], [-77.0256828, 43.0655749]]}}, {"type": "Feature", "properties": {"name": "Erie Canal", "type": "canal", "source": "OpenStreetMap"}, "geometry": {"type": "LineString", "coordinates": [[-77.6424765, 43.1215606], [-77.6415863, 43.1210962], [-77.6393658, 43.1199378], [-77.6348993, 43.1176606], [-77.6338334, 43.1171172]]}}, {"type": "Feature", "properties": {"name": "Erie Canal", "type": "canal", "source": "OpenStreetMap"}, "geometry": {"type": "LineString", "coordinates": [[-77.6338334, 43.1171172], [-77.6328565, 43.116614]]}}, {"type": "Feature", "properties": {"name": "Enlarged Erie Canal", "type": "derelict_canal", "source": "OpenStreetMap"}, "geometry": {"type": "LineString", "coordinates": [[-78.9080909, 42.9439842], [-78.9079208, 42.943539], [-78.9078238, 42.9432812], [-78.907371, 42.9423668], [-78.9070759, 42.9417974], [-78.9062659, 42.9401893], [-78.9056222, 42.9388756], [-78.9044554, 42.9365193], [-78.9038761, 42.9353921], [-78.9018985, 42.9323601], [-78.8995059, 42.9301567], [-78.8991017, 42.9295734], [-78.8987155, 42.92878], [-78.8985975, 42.9277469], [-78.8986618, 42.926655], [-78.8987852, 42.9247774], [-78.8990642, 42.92321], [-78.9008881, 42.9175453], [-78.9014621, 42.9154828], [-78.901525, 42.912223], [-78.9014084, 42.9103792], [-78.9012689, 42.9070867], [-78.9012891, 42.9046314], [-78.9012773, 42.9044269], [-78.9012632, 42.9043179], [-78.9012498, 42.9041731], [-78.9011778, 42.9038175], [-78.9011112, 42.903421], [-78.9009417, 42.9029805], [-78.8996167, 42.900721], [-78.8987852, 42.8994674], [-78.89769, 42.898177], [-78.8782189, 42.878479]]}}, {"type": "Feature", "properties": {"name": "Enlarged Erie Canal", "type": "derelict_canal", "source": "OpenStreetMap"}, "geometry": {"type": "LineString", "coordinates": [[-76.4724907, 43.0661171], [-76.4719717, 43.0663238]]}}, {"type": "Feature", "properties": {"name": "Enlarged Erie Canal", "type": "derelict_canal", "source": "OpenStreetMap"}, "geometry": {"type": "LineString", "coordinates": [[-76.422898, 43.0759409], [-76.4195131, 43.0768803], [-76.4186405, 43.0773085], [-76.4177884, 43.0778236], [-76.4061577, 43.0845403], [-76.4055425, 43.0847369], [-76.4049109, 43.0848259], [-76.3929219, 43.0850904]]}}, {"type": "Feature", "properties": {"name": "Enlarged Erie Canal", "type": "derelict_canal", "source": "OpenStreetMap"}, "geometry": {"type": "LineString", "coordinates": [[-74.2837197, 42.9414015], [-74.2767695, 42.9442125], [-74.274791, 42.9450374], [-74.2740707, 42.9454411]]}}, {"type": "Feature", "properties": {"name": "Enlarged Erie Canal", "type": "derelict_canal", "source": "OpenStreetMap"}, "geometry": {"type": "LineString", "coordinates": [[-74.2860746, 42.9396834], [-74.2857302, 42.940245]]}}, {"type": "Feature", "properties": {"name": "Enlarged Erie Canal", "type": "canal", "source": "OpenStreetMap"}, "geometry": {"type": "LineString", "coordinates": [[-77.3088469, 43.0741831], [-77.3080882, 43.0740446], [-77.3047144, 43.0728606], [-77.3018694, 43.0718622]]}}, {"type": "Feature", "properties": {"name": "Erie Canal", "type": "canal", "source": "OpenStreetMap"}, "geometry": {"type": "LineString", "coordinates": [[-77.0776055, 43.0477167], [-77.0769231, 43.0485197], [-77.0762365, 43.0492912], [-77.0756443, 43.0499184], [-77.0750434, 43.0503763], [-77.0739877, 43.0508655], [-77.0727432, 43.0513422], [-77.0716617, 43.0517624], [-77.0691726, 43.0527847], [-77.0668466, 43.0537067], [-77.064821, 43.0545158], [-77.0638254, 43.054867], [-77.0626752, 43.0553436], [-77.0617139, 43.055745], [-77.0611646, 43.0560084], [-77.0606153, 43.0564035], [-77.0600746, 43.0568864], [-77.0593879, 43.0576327], [-77.0587871, 43.0584731], [-77.0582292, 43.0591065], [-77.0575426, 43.0597712], [-77.0568559, 43.0603419], [-77.0563409, 43.060668]]}}, {"type": "Feature", "properties": {"name": "Erie Canal", "type": "canal", "source": "OpenStreetMap"}, "geometry": {"type": "LineString", "coordinates": [[-77.0840693, 43.0468881], [-77.0832403, 43.0467446], [-77.082545, 43.0465941], [-77.0815752, 43.0464624], [-77.0805881, 43.0464247], [-77.0798156, 43.0466004], [-77.0785539, 43.0470081], [-77.0776055, 43.0477167]]}}, {"type": "Feature", "properties": {"name": "Enlarged Erie Canal", "type": "derelict_canal", "source": "OpenStreetMap"}, "geometry": {"type": "LineString", "coordinates": [[-77.079778, 43.0458301], [-77.0792431, 43.0459704], [-77.0786253, 43.0463158], [-77.0776055, 43.0477167]]}}, {"type": "Feature", "properties": {"name": "Enlarged Erie Canal", "type": "derelict_canal", "source": "OpenStreetMap"}, "geometry": {"type": "LineString", "coordinates": [[-73.7425891, 42.6569393], [-73.7422653, 42.6568092]]}}, {"type": "Feature", "properties": {"name": "Enlarged Erie Canal", "type": "derelict_canal", "source": "OpenStreetMap"}, "geometry": {"type": "LineString", "coordinates": [[-73.7424585, 42.6570339], [-73.7422653, 42.6568092]]}}, {"type": "Feature", "properties": {"name": "Enlarged Erie Canal", "type": "derelict_canal", "source": "OpenStreetMap"}, "geometry": {"type": "LineString", "coordinates": [[-73.7427527, 42.6572593], [-73.7424585, 42.6570339]]}}, {"type": "Feature", "properties": {"name": "Enlarged Erie Canal", "type": "derelict_canal", "source": "OpenStreetMap"}, "geometry": {"type": "LineString", "coordinates": [[-73.7428996, 42.6571657], [-73.7425891, 42.6569393]]}}, {"type": "Feature", "properties": {"name": "Enlarged Erie Canal", "type": "canal", "source": "OpenStreetMap"}, "geometry": {"type": "LineString", "coordinates": [[-74.0436513, 42.870521], [-74.0432304, 42.8699289]]}}, {"type": "Feature", "properties": {"name": "Enlarged Erie Canal", "type": "canal", "source": "OpenStreetMap"}, "geometry": {"type": "LineString", "coordinates": [[-74.0432304, 42.8699289], [-74.0428457, 42.8694079]]}}, {"type": "Feature", "properties": {"name": "Enlarged Erie Canal", "type": "derelict_canal", "source": "OpenStreetMap"}, "geometry": {"type": "LineString", "coordinates": [[-76.3785222, 43.0853096], [-76.3761933, 43.0853165]]}}, {"type": "Feature", "properties": {"name": "Enlarged Erie Canal", "type": "derelict_canal", "source": "OpenStreetMap"}, "geometry": {"type": "LineString", "coordinates": [[-73.7032551, 42.7779088], [-73.7032226, 42.7781916], [-73.7032789, 42.7782694], [-73.7034734, 42.778541], [-73.7035458, 42.7786099], [-73.7038213, 42.7786638]]}}, {"type": "Feature", "properties": {"name": "Erie Canal", "type": "canal", "source": "OpenStreetMap"}, "geometry": {"type": "LineString", "coordinates": [[-77.6424765, 43.1215606], [-77.642996, 43.1218008]]}}, {"type": "Feature", "properties": {"name": "Abandoned Erie Canal", "type": "derelict_canal", "source": "OpenStreetMap"}, "geometry": {"type": "LineString", "coordinates": [[-73.713775, 42.704574], [-73.7127343, 42.7058394]]}}, {"type": "Feature", "properties": {"name": "Abandoned Erie Canal", "type": "derelict_canal", "source": "OpenStreetMap"}, "geometry": {"type": "LineString", "coordinates": [[-73.7125948, 42.706005], [-73.7121442, 42.7065037]]}}, {"type": "Feature", "properties": {"name": "Enlarged Erie Canal", "type": "canal", "source": "OpenStreetMap"}, "geometry": {"type": "LineString", "coordinates": [[-75.7093368, 43.0891052], [-75.7091821, 43.0891258], [-75.6912627, 43.0975099]]}}, {"type": "Feature", "properties": {"name": "Enlarged Erie Canal", "type": "canal", "source": "OpenStreetMap"}, "geometry": {"type": "LineString", "coordinates": [[-75.7097621, 43.0889336], [-75.7093368, 43.0891052]]}}, {"type": "Feature", "properties": {"name": "Enlarged Erie Canal", "type": "derelict_canal", "source": "OpenStreetMap"}, "geometry": {"type": "LineString", "coordinates": [[-76.5774692, 43.0427526], [-76.5772028, 43.0428138]]}}, {"type": "Feature", "properties": {"name": "Enlarged Erie Canal", "type": "derelict_canal", "source": "OpenStreetMap"}, "geometry": {"type": "LineString", "coordinates": [[-76.6189645, 43.0375685], [-76.6151228, 43.0388481], [-76.6144403, 43.0389554], [-76.603669, 43.0390897], [-76.5935155, 43.0391466], [-76.5922388, 43.039322], [-76.5774692, 43.0427526]]}}, {"type": "Feature", "properties": {"name": "Enlarged Erie Canal", "type": "defunct_canal", "source": "OpenStreetMap"}, "geometry": {"type": "LineString", "coordinates": [[-74.5176929, 42.8913242], [-74.5141719, 42.8912148]]}}, {"type": "Feature", "properties": {"name": "Enlarged Erie Canal", "type": "defunct_canal", "source": "OpenStreetMap"}, "geometry": {"type": "LineString", "coordinates": [[-74.5178921, 42.8913304], [-74.5176929, 42.8913242]]}}, {"type": "Feature", "properties": {"name": "Enlarged Erie Canal", "type": "derelict_canal", "source": "OpenStreetMap"}, "geometry": {"type": "LineString", "coordinates": [[-75.5814247, 43.205994], [-75.580769, 43.2061806]]}}, {"type": "Feature", "properties": {"name": "Enlarged Erie Canal", "type": "derelict_canal", "source": "OpenStreetMap"}, "geometry": {"type": "LineString", "coordinates": [[-73.986914, 42.8208424], [-73.9852958, 42.8184518]]}}, {"type": "Feature", "properties": {"name": "Enlarged Erie Canal", "type": "derelict_canal", "source": "OpenStreetMap"}, "geometry": {"type": "LineString", "coordinates": [[-73.9776087, 42.8129918], [-73.9706592, 42.8093784], [-73.9697401, 42.8089194]]}}, {"type": "Feature", "properties": {"name": "Enlarged Erie Canal", "type": "derelict_canal", "source": "OpenStreetMap"}, "geometry": {"type": "LineString", "coordinates": [[-73.9913568, 42.828479], [-73.9899501, 42.826504], [-73.9884948, 42.8244414], [-73.9874297, 42.822059]]}}, {"type": "Feature", "properties": {"name": "Enlarged Erie Canal", "type": "derelict_canal", "source": "OpenStreetMap"}, "geometry": {"type": "LineString", "coordinates": [[-73.888306, 42.8490386], [-73.8881274, 42.8491347], [-73.8879639, 42.8494527]]}}, {"type": "Feature", "properties": {"name": "Enlarged Erie Canal", "type": "canal", "source": "OpenStreetMap"}, "geometry": {"type": "LineString", "coordinates": [[-76.3272286, 43.0754722], [-76.3271588, 43.0753833], [-76.3175897, 43.0631949], [-76.3121495, 43.0562011], [-76.3112569, 43.055454], [-76.3103056, 43.0548527], [-76.3056819, 43.053153], [-76.3042799, 43.0526467], [-76.3040855, 43.0525765]]}}, {"type": "Feature", "properties": {"name": "Enlarged Erie Canal", "type": "canal", "source": "OpenStreetMap"}, "geometry": {"type": "LineString", "coordinates": [[-76.3283292, 43.0763954], [-76.328127, 43.0762511]]}}, {"type": "Feature", "properties": {"name": "Enlarged Erie Canal", "type": "canal", "source": "OpenStreetMap"}, "geometry": {"type": "LineString", "coordinates": [[-76.328127, 43.0762511], [-76.3277062, 43.0759277], [-76.3273213, 43.0755773]]}}, {"type": "Feature", "properties": {"name": "Enlarged Erie Canal", "type": "canal", "source": "OpenStreetMap"}, "geometry": {"type": "LineString", "coordinates": [[-76.3273213, 43.0755773], [-76.3272286, 43.0754722]]}}, {"type": "Feature", "properties": {"name": "Erie Canal", "type": "canal", "source": "OpenStreetMap"}, "geometry": {"type": "LineString", "coordinates": [[-76.8379835, 43.0586265], [-76.8378225, 43.0583476], [-76.8374019, 43.057965], [-76.8369212, 43.057432]]}}, {"type": "Feature", "properties": {"name": "Erie Canal", "type": "canal", "source": "OpenStreetMap"}, "geometry": {"type": "LineString", "coordinates": [[-76.8386245, 43.0603017], [-76.8385606, 43.0600346], [-76.8385349, 43.0597712], [-76.8384278, 43.0594996]]}}, {"type": "Feature", "properties": {"name": "Enlarged Erie Canal", "type": "canal", "source": "OpenStreetMap"}, "geometry": {"type": "LineString", "coordinates": [[-77.3018694, 43.0718622], [-77.3015732, 43.0717583], [-77.3009531, 43.0715345], [-77.2997639, 43.0715025], [-77.2995326, 43.0715184]]}}, {"type": "Feature", "properties": {"name": "Enlarged Erie Canal", "type": "canal", "source": "OpenStreetMap"}, "geometry": {"type": "LineString", "coordinates": [[-77.2433097, 43.0641541], [-77.2427463, 43.0642288], [-77.2389498, 43.0648071], [-77.2379428, 43.0650431], [-77.2363225, 43.0655785], [-77.2355574, 43.0657365], [-77.2344308, 43.065821]]}}, {"type": "Feature", "properties": {"name": "Enlarged Erie Canal", "type": "derelict_canal", "source": "OpenStreetMap"}, "geometry": {"type": "LineString", "coordinates": [[-77.2496691, 43.0639038], [-77.2487444, 43.0636726], [-77.2480576, 43.0635938], [-77.2472979, 43.0636253], [-77.2456124, 43.0638551]]}}, {"type": "Feature", "properties": {"name": "Enlarged Erie Canal", "type": "derelict_canal", "source": "OpenStreetMap"}, "geometry": {"type": "LineString", "coordinates": [[-77.2451365, 43.0639166], [-77.2433097, 43.0641541]]}}, {"type": "Feature", "properties": {"name": "Enlarged Erie Canal", "type": "derelict_canal", "source": "OpenStreetMap"}, "geometry": {"type": "LineString", "coordinates": [[-77.2456124, 43.0638551], [-77.2451365, 43.0639166]]}}, {"type": "Feature", "properties": {"name": "Enlarged Erie Canal", "type": "derelict_canal", "source": "OpenStreetMap"}, "geometry": {"type": "LineString", "coordinates": [[-77.2344308, 43.065821], [-77.2338252, 43.0658665]]}}, {"type": "Feature", "properties": {"name": "Enlarged Erie Canal", "type": "canal", "source": "OpenStreetMap"}, "geometry": {"type": "LineString", "coordinates": [[-76.3929219, 43.0850904], [-76.3845541, 43.0852736], [-76.3785222, 43.0853096]]}}, {"type": "Feature", "properties": {"name": "Enlarged Erie Canal", "type": "derelict_canal", "source": "OpenStreetMap"}, "geometry": {"type": "LineString", "coordinates": [[-76.3293369, 43.0769379], [-76.3284872, 43.076496], [-76.3283292, 43.0763954]]}}, {"type": "Feature", "properties": {"name": "Enlarged Erie Canal", "type": "derelict_canal", "source": "OpenStreetMap"}, "geometry": {"type": "LineString", "coordinates": [[-76.4719717, 43.0663238], [-76.4694428, 43.0672981], [-76.466147, 43.0677533], [-76.4659881, 43.0677723]]}}, {"type": "Feature", "properties": {"name": "Enlarged Erie Canal", "type": "canal", "source": "OpenStreetMap"}, "geometry": {"type": "LineString", "coordinates": [[-76.4659881, 43.0677723], [-76.4541525, 43.0691866], [-76.4445844, 43.0703182]]}}, {"type": "Feature", "properties": {"name": "Enlarged Erie Canal", "type": "canal", "source": "OpenStreetMap"}, "geometry": {"type": "LineString", "coordinates": [[-76.4443149, 43.07035], [-76.4420973, 43.0706123], [-76.4368553, 43.0720672]]}}, {"type": "Feature", "properties": {"name": "Enlarged Erie Canal", "type": "derelict_canal", "source": "OpenStreetMap"}, "geometry": {"type": "LineString", "coordinates": [[-76.4445844, 43.0703182], [-76.4443149, 43.07035]]}}, {"type": "Feature", "properties": {"name": "Enlarged Erie Canal", "type": "derelict_canal", "source": "OpenStreetMap"}, "geometry": {"type": "LineString", "coordinates": [[-76.8544631, 43.0704269], [-76.8535072, 43.0700538], [-76.8502671, 43.0692179], [-76.8494303, 43.0691542], [-76.849108, 43.069196], [-76.8481376, 43.0693332], [-76.8456536, 43.0694707], [-76.8447067, 43.0693971], [-76.8439189, 43.0692049], [-76.8432278, 43.0689417], [-76.8424511, 43.0685066], [-76.8415152, 43.0676115]]}}, {"type": "Feature", "properties": {"name": "Enlarged Erie Canal", "type": "canal", "source": "OpenStreetMap"}, "geometry": {"type": "LineString", "coordinates": [[-76.8619615, 43.0772578], [-76.8611326, 43.076613], [-76.8599042, 43.0754285]]}}, {"type": "Feature", "properties": {"name": "Erie Canal", "type": "canal", "source": "OpenStreetMap"}, "geometry": {"type": "LineString", "coordinates": [[-75.7341664, 43.1913612], [-75.7368519, 43.1895045], [-75.7403292, 43.1893954]]}}, {"type": "Feature", "properties": {"name": "Erie Canal", "type": "canal", "source": "OpenStreetMap"}, "geometry": {"type": "LineString", "coordinates": [[-75.7312922, 43.1934436], [-75.7341664, 43.1913612]]}}, {"type": "Feature", "properties": {"name": "Enlarged Erie Canal", "type": "derelict_canal", "source": "OpenStreetMap"}, "geometry": {"type": "LineString", "coordinates": [[-73.7281103, 42.6840823], [-73.7287299, 42.6831296], [-73.7290204, 42.6826516], [-73.7300245, 42.6805602]]}}, {"type": "Feature", "properties": {"name": "Enlarged Erie Canal", "type": "canal", "source": "OpenStreetMap"}, "geometry": {"type": "LineString", "coordinates": [[-76.9571909, 43.0745263], [-76.9566595, 43.0748843], [-76.956241, 43.0750908], [-76.9557992, 43.0752598], [-76.9522634, 43.0758743], [-76.9504905, 43.0762418]]}}, {"type": "Feature", "properties": {"name": "Enlarged Erie Canal", "type": "canal", "source": "OpenStreetMap"}, "geometry": {"type": "LineString", "coordinates": [[-76.9573632, 43.0744099], [-76.9571909, 43.0745263]]}}, {"type": "Feature", "properties": {"name": "Enlarged Erie Canal", "type": "derelict_canal", "source": "OpenStreetMap"}, "geometry": {"type": "LineString", "coordinates": [[-77.7134208, 43.184189], [-77.711162, 43.1850206], [-77.7081928, 43.1861366], [-77.707657, 43.1863477], [-77.7071588, 43.1865368], [-77.706664, 43.1867246], [-77.7064322, 43.1868112]]}}, {"type": "Feature", "properties": {"name": "Enlarged Erie Canal", "type": "derelict_canal", "source": "OpenStreetMap"}, "geometry": {"type": "LineString", "coordinates": [[-77.5382149, 43.0907924], [-77.5380015, 43.0907086], [-77.5366367, 43.0903973]]}}, {"type": "Feature", "properties": {"name": "Enlarged Erie Canal", "type": "derelict_canal", "source": "OpenStreetMap"}, "geometry": {"type": "LineString", "coordinates": [[-77.2153785, 43.0615529], [-77.2140715, 43.0618368]]}}, {"type": "Feature", "properties": {"name": "Enlarged Erie Canal", "type": "derelict_canal", "source": "OpenStreetMap"}, "geometry": {"type": "LineString", "coordinates": [[-76.86691, 43.0807756], [-76.8658859, 43.0800773], [-76.8649182, 43.0793531], [-76.863869, 43.0785566], [-76.8621887, 43.0774345], [-76.8619615, 43.0772578]]}}, {"type": "Feature", "properties": {"name": "Enlarged Erie Canal", "type": "derelict_canal", "source": "OpenStreetMap"}, "geometry": {"type": "LineString", "coordinates": [[-76.8936264, 43.088959], [-76.8914137, 43.0887598], [-76.8904635, 43.0885799], [-76.888757, 43.087911], [-76.881352, 43.0846585], [-76.8803968, 43.0843119], [-76.8780588, 43.0836923]]}}, {"type": "Feature", "properties": {"name": "Enlarged Erie Canal", "type": "derelict_canal", "source": "OpenStreetMap"}, "geometry": {"type": "LineString", "coordinates": [[-77.0330158, 43.0680174], [-77.0319293, 43.0678698], [-77.0306879, 43.067597], [-77.0295483, 43.0672002], [-77.0278463, 43.0664421], [-77.0273711, 43.0662366]]}}, {"type": "Feature", "properties": {"name": "Enlarged Erie Canal", "type": "derelict_canal", "source": "OpenStreetMap"}, "geometry": {"type": "LineString", "coordinates": [[-77.0446811, 43.0670382], [-77.0410452, 43.0682093], [-77.0399105, 43.0684644], [-77.03864, 43.0685494]]}}, {"type": "Feature", "properties": {"name": "Enlarged Erie Canal", "type": "derelict_canal", "source": "OpenStreetMap"}, "geometry": {"type": "LineString", "coordinates": [[-77.0563409, 43.060668], [-77.0551427, 43.061474]]}}, {"type": "Feature", "properties": {"name": "Enlarged Erie Canal", "type": "derelict_canal", "source": "OpenStreetMap"}, "geometry": {"type": "LineString", "coordinates": [[-74.010977, 42.8454601], [-74.0104783, 42.8452561], [-74.0100543, 42.8448018], [-74.0094152, 42.8437499], [-74.0087761, 42.842803], [-74.0077717, 42.8418849], [-74.0065134, 42.8412812]]}}, {"type": "Feature", "properties": {"name": "Enlarged Erie Canal", "type": "derelict_canal", "source": "OpenStreetMap"}, "geometry": {"type": "LineString", "coordinates": [[-74.0136749, 42.8464083], [-74.0125522, 42.8461694], [-74.0122257, 42.8461233]]}}, {"type": "Feature", "properties": {"name": "Enlarged Erie Canal", "type": "derelict_canal", "source": "OpenStreetMap"}, "geometry": {"type": "LineString", "coordinates": [[-73.7323922, 42.6755707], [-73.7325013, 42.6753961]]}}, {"type": "Feature", "properties": {"name": "Enlarged Erie Canal", "type": "derelict_canal", "source": "OpenStreetMap"}, "geometry": {"type": "LineString", "coordinates": [[-73.7304183, 42.6797399], [-73.7309441, 42.6786448]]}}, {"type": "Feature", "properties": {"name": "Enlarged Erie Canal", "type": "derelict_canal", "source": "OpenStreetMap"}, "geometry": {"type": "LineString", "coordinates": [[-73.7049649, 42.7469413], [-73.7048712, 42.7467898]]}}, {"type": "Feature", "properties": {"name": "Enlarged Erie Canal", "type": "derelict_canal", "source": "OpenStreetMap"}, "geometry": {"type": "LineString", "coordinates": [[-73.7055851, 42.7486129], [-73.7055783, 42.7482671], [-73.7053885, 42.747626], [-73.705118, 42.7471888]]}}, {"type": "Feature", "properties": {"name": "Enlarged Erie Canal", "type": "derelict_canal", "source": "OpenStreetMap"}, "geometry": {"type": "LineString", "coordinates": [[-73.7019528, 42.7615534], [-73.701914, 42.7611377]]}}, {"type": "Feature", "properties": {"name": "Enlarged Erie Canal", "type": "derelict_canal", "source": "OpenStreetMap"}, "geometry": {"type": "LineString", "coordinates": [[-73.7020346, 42.762401], [-73.7020318, 42.7623803]]}}, {"type": "Feature", "properties": {"name": "Enlarged Erie Canal", "type": "derelict_canal", "source": "OpenStreetMap"}, "geometry": {"type": "LineString", "coordinates": [[-73.703122, 42.7659202], [-73.702333, 42.764606], [-73.7020619, 42.7626025]]}}, {"type": "Feature", "properties": {"name": "Enlarged Erie Canal", "type": "derelict_canal", "source": "OpenStreetMap"}, "geometry": {"type": "LineString", "coordinates": [[-73.7038396, 42.7671667], [-73.7036826, 42.7668168], [-73.7034969, 42.7665446], [-73.7033265, 42.7662608]]}}, {"type": "Feature", "properties": {"name": "Erie Canal", "type": "canal", "source": "OpenStreetMap"}, "geometry": {"type": "LineString", "coordinates": [[-74.2880252, 42.9457941], [-74.2860869, 42.9464211], [-74.2849343, 42.9468153]]}}, {"type": "Feature", "properties": {"name": "Erie Canal", "type": "canal", "source": "OpenStreetMap"}, "geometry": {"type": "LineString", "coordinates": [[-74.2915481, 42.9441186], [-74.2891725, 42.9454009]]}}, {"type": "Feature", "properties": {"name": "Erie Canal", "type": "canal", "source": "OpenStreetMap"}, "geometry": {"type": "LineString", "coordinates": [[-74.2095976, 42.94629], [-74.2078084, 42.9448629]]}}, {"type": "Feature", "properties": {"name": "Erie Canal", "type": "canal", "source": "OpenStreetMap"}, "geometry": {"type": "LineString", "coordinates": [[-74.212696, 42.9475614], [-74.2116881, 42.9474412], [-74.2106363, 42.946965]]}}, {"type": "Feature", "properties": {"name": "Erie Canal", "type": "canal", "source": "OpenStreetMap"}, "geometry": {"type": "LineString", "coordinates": [[-74.0407532, 42.8783996], [-74.0406036, 42.878314], [-74.0403728, 42.877941], [-74.0402636, 42.8773721]]}}, {"type": "Feature", "properties": {"name": "Erie Canal", "type": "canal", "source": "OpenStreetMap"}, "geometry": {"type": "LineString", "coordinates": [[-74.0433984, 42.8792565], [-74.0419249, 42.879067], [-74.0417588, 42.8789892]]}}, {"type": "Feature", "properties": {"name": "Erie Canal", "type": "canal", "source": "OpenStreetMap"}, "geometry": {"type": "LineString", "coordinates": [[-73.9924969, 42.8307525], [-73.9918472, 42.829824], [-73.9917593, 42.8297303]]}}, {"type": "Feature", "properties": {"name": "Erie Canal", "type": "canal", "source": "OpenStreetMap"}, "geometry": {"type": "LineString", "coordinates": [[-73.9910505, 42.8289712], [-73.99093, 42.828857], [-73.9907743, 42.8287831], [-73.9900386, 42.8285081]]}}, {"type": "Feature", "properties": {"name": "Enlarged Erie Canal", "type": "canal", "source": "OpenStreetMap"}, "geometry": {"type": "LineString", "coordinates": [[-76.0102884, 43.0441273], [-76.010272, 43.0441392], [-76.0102644, 43.0441508], [-76.0102568, 43.0441637], [-76.0102544, 43.0441794], [-76.0102518, 43.0442217], [-76.0102393, 43.0442446], [-76.0102192, 43.0442629], [-76.0097279, 43.0445825], [-76.0091474, 43.0450601], [-76.0080272, 43.0468474], [-76.0069333, 43.0487691], [-76.0068072, 43.048997]]}}, {"type": "Feature", "properties": {"name": "Enlarged Erie Canal", "type": "canal", "source": "OpenStreetMap"}, "geometry": {"type": "LineString", "coordinates": [[-76.0068072, 43.048997], [-76.0067688, 43.0490598]]}}, {"type": "Feature", "properties": {"name": "Enlarged Erie Canal", "type": "derelict_canal", "source": "OpenStreetMap"}, "geometry": {"type": "LineString", "coordinates": [[-75.1834939, 43.0911606], [-75.1826553, 43.0908471], [-75.1798045, 43.0900973], [-75.1783219, 43.0896778], [-75.1748903, 43.0887069], [-75.1732467, 43.0882319], [-75.1719425, 43.087855], [-75.1692983, 43.0870908], [-75.168258, 43.0868603]]}}, {"type": "Feature", "properties": {"name": "Enlarged Erie Canal", "type": "canal", "source": "OpenStreetMap"}, "geometry": {"type": "LineString", "coordinates": [[-76.0067688, 43.0490598], [-76.0063638, 43.0496413], [-76.0059641, 43.0500674], [-76.0055598, 43.0503358], [-76.0040149, 43.0513236], [-76.0010752, 43.0530798], [-76.0007223, 43.0532847], [-76.0002199, 43.0534787], [-75.9998027, 43.0535778], [-75.9996782, 43.0536266], [-75.9931144, 43.0561999], [-75.9903631, 43.0569688], [-75.9844777, 43.0583949], [-75.981141, 43.0593356], [-75.9754332, 43.0604487], [-75.9705516, 43.0611072], [-75.9690496, 43.0611699], [-75.9675595, 43.0609156], [-75.9657271, 43.0603243], [-75.9643002, 43.0600108], [-75.9608077, 43.0600189], [-75.9588392, 43.0605438], [-75.9574981, 43.0614218], [-75.9552994, 43.0637847], [-75.9528048, 43.0663522], [-75.9495755, 43.0696779]]}}, {"type": "Feature", "properties": {"name": "Enlarged Erie Canal", "type": "canal", "source": "OpenStreetMap"}, "geometry": {"type": "LineString", "coordinates": [[-75.9495755, 43.0696779], [-75.9494737, 43.0697775]]}}, {"type": "Feature", "properties": {"name": "Enlarged Erie Canal", "type": "canal", "source": "OpenStreetMap"}, "geometry": {"type": "LineString", "coordinates": [[-75.6704928, 43.1167686], [-75.670402, 43.1169107], [-75.6703605, 43.1170129], [-75.6703167, 43.1172523]]}}, {"type": "Feature", "properties": {"name": "Enlarged Erie Canal", "type": "canal", "source": "OpenStreetMap"}, "geometry": {"type": "LineString", "coordinates": [[-75.6703167, 43.1172523], [-75.6701309, 43.1177225]]}}, {"type": "Feature", "properties": {"name": "Enlarged Erie Canal", "type": "canal", "source": "OpenStreetMap"}, "geometry": {"type": "LineString", "coordinates": [[-75.6705469, 43.1204171], [-75.6708682, 43.1213153], [-75.6714888, 43.1233164], [-75.6728636, 43.1280407], [-75.6729336, 43.1287252], [-75.6737416, 43.131227], [-75.6741323, 43.1321919], [-75.6748791, 43.1345291], [-75.675003, 43.1349584], [-75.6777058, 43.1409516], [-75.6778085, 43.1418936], [-75.6776892, 43.1427728], [-75.6775306, 43.1431781], [-75.6767009, 43.144955], [-75.6748446, 43.1482627]]}}, {"type": "Feature", "properties": {"name": "Enlarged Erie Canal", "type": "canal", "source": "OpenStreetMap"}, "geometry": {"type": "LineString", "coordinates": [[-75.6748446, 43.1482627], [-75.6747437, 43.1484423]]}}, {"type": "Feature", "properties": {"name": "Enlarged Erie Canal", "type": "canal", "source": "OpenStreetMap"}, "geometry": {"type": "LineString", "coordinates": [[-75.7099136, 43.0888713], [-75.7098379, 43.0889024]]}}, {"type": "Feature", "properties": {"name": "Enlarged Erie Canal", "type": "canal", "source": "OpenStreetMap"}, "geometry": {"type": "LineString", "coordinates": [[-75.7549064, 43.0794323], [-75.7526217, 43.0793615], [-75.7521887, 43.0793453]]}}, {"type": "Feature", "properties": {"name": "Enlarged Erie Canal", "type": "canal", "source": "OpenStreetMap"}, "geometry": {"type": "LineString", "coordinates": [[-75.7550627, 43.0794358], [-75.7549064, 43.0794323]]}}, {"type": "Feature", "properties": {"name": "Enlarged Erie Canal", "type": "canal", "source": "OpenStreetMap"}, "geometry": {"type": "LineString", "coordinates": [[-75.7570087, 43.079355], [-75.7559946, 43.0794465], [-75.7550627, 43.0794358]]}}, {"type": "Feature", "properties": {"name": "Enlarged Erie Canal", "type": "canal", "source": "OpenStreetMap"}, "geometry": {"type": "LineString", "coordinates": [[-75.7571605, 43.0793413], [-75.7570087, 43.079355]]}}, {"type": "Feature", "properties": {"name": "Enlarged Erie Canal", "type": "canal", "source": "OpenStreetMap"}, "geometry": {"type": "LineString", "coordinates": [[-75.7945285, 43.0747868], [-75.7941644, 43.0747887], [-75.7852107, 43.0754382], [-75.7851272, 43.0754967], [-75.785012, 43.0755308]]}}, {"type": "Feature", "properties": {"name": "Enlarged Erie Canal", "type": "canal", "source": "OpenStreetMap"}, "geometry": {"type": "LineString", "coordinates": [[-75.785012, 43.0755308], [-75.7849265, 43.075537]]}}, {"type": "Feature", "properties": {"name": "Enlarged Erie Canal", "type": "canal", "source": "OpenStreetMap"}, "geometry": {"type": "LineString", "coordinates": [[-75.798974, 43.0728986], [-75.7970652, 43.0740799], [-75.7967315, 43.0742312]]}}, {"type": "Feature", "properties": {"name": "Enlarged Erie Canal", "type": "canal", "source": "OpenStreetMap"}, "geometry": {"type": "LineString", "coordinates": [[-75.794624, 43.0747827], [-75.7945285, 43.0747868]]}}, {"type": "Feature", "properties": {"name": "Enlarged Erie Canal", "type": "canal", "source": "OpenStreetMap"}, "geometry": {"type": "LineString", "coordinates": [[-75.796318, 43.0744105], [-75.7962277, 43.0744466], [-75.7954549, 43.0746447], [-75.794624, 43.0747827]]}}, {"type": "Feature", "properties": {"name": "Enlarged Erie Canal", "type": "canal", "source": "OpenStreetMap"}, "geometry": {"type": "LineString", "coordinates": [[-75.7967315, 43.0742312], [-75.796318, 43.0744105]]}}, {"type": "Feature", "properties": {"name": "Enlarged Erie Canal", "type": "canal", "source": "OpenStreetMap"}, "geometry": {"type": "LineString", "coordinates": [[-75.7098379, 43.0889024], [-75.7097621, 43.0889336]]}}, {"type": "Feature", "properties": {"name": "Enlarged Erie Canal", "type": "canal", "source": "OpenStreetMap"}, "geometry": {"type": "LineString", "coordinates": [[-75.6832312, 43.1036155], [-75.6830436, 43.1037313], [-75.6797617, 43.1068978]]}}, {"type": "Feature", "properties": {"name": "Enlarged Erie Canal", "type": "canal", "source": "OpenStreetMap"}, "geometry": {"type": "LineString", "coordinates": [[-75.6832847, 43.1035582], [-75.6832312, 43.1036155]]}}, {"type": "Feature", "properties": {"name": "Enlarged Erie Canal", "type": "canal", "source": "OpenStreetMap"}, "geometry": {"type": "LineString", "coordinates": [[-75.6713952, 43.1156689], [-75.6706991, 43.1164947]]}}, {"type": "Feature", "properties": {"name": "Enlarged Erie Canal", "type": "canal", "source": "OpenStreetMap"}, "geometry": {"type": "LineString", "coordinates": [[-75.6714769, 43.1155689], [-75.6713952, 43.1156689]]}}, {"type": "Feature", "properties": {"name": "Enlarged Erie Canal", "type": "canal", "source": "OpenStreetMap"}, "geometry": {"type": "LineString", "coordinates": [[-75.6701309, 43.1177225], [-75.6700323, 43.1178827], [-75.6700234, 43.1179418]]}}, {"type": "Feature", "properties": {"name": "Enlarged Erie Canal", "type": "canal", "source": "OpenStreetMap"}, "geometry": {"type": "LineString", "coordinates": [[-75.6700234, 43.1179418], [-75.6700145, 43.118001]]}}, {"type": "Feature", "properties": {"name": "Enlarged Erie Canal", "type": "canal", "source": "OpenStreetMap"}, "geometry": {"type": "LineString", "coordinates": [[-75.6700145, 43.118001], [-75.67002, 43.1180404], [-75.6701119, 43.1188021], [-75.6704128, 43.1198724], [-75.6704929, 43.1202275], [-75.670512, 43.1202829]]}}, {"type": "Feature", "properties": {"name": "Enlarged Erie Canal", "type": "canal", "source": "OpenStreetMap"}, "geometry": {"type": "LineString", "coordinates": [[-75.670512, 43.1202829], [-75.6705469, 43.1204171]]}}, {"type": "Feature", "properties": {"name": "Enlarged Erie Canal", "type": "canal", "source": "OpenStreetMap"}, "geometry": {"type": "LineString", "coordinates": [[-75.8776036, 43.0620775], [-75.8729465, 43.0608045], [-75.8727255, 43.0607765], [-75.8723421, 43.060661], [-75.8720462, 43.0605455], [-75.8712987, 43.0603866], [-75.8711247, 43.0603681]]}}, {"type": "Feature", "properties": {"name": "Enlarged Erie Canal", "type": "canal", "source": "OpenStreetMap"}, "geometry": {"type": "LineString", "coordinates": [[-75.8711247, 43.0603681], [-75.8709643, 43.0603293]]}}, {"type": "Feature", "properties": {"name": "Enlarged Erie Canal", "type": "canal", "source": "OpenStreetMap"}, "geometry": {"type": "LineString", "coordinates": [[-75.8709643, 43.0603293], [-75.8708039, 43.0602906], [-75.8705484, 43.0601707], [-75.8649431, 43.0586489], [-75.8627403, 43.0580508], [-75.8618099, 43.0579463], [-75.8605263, 43.0579362], [-75.8594966, 43.0580557], [-75.8582908, 43.0583039], [-75.8443122, 43.0618521], [-75.8422018, 43.0623699]]}}, {"type": "Feature", "properties": {"name": "Enlarged Erie Canal", "type": "canal", "source": "OpenStreetMap"}, "geometry": {"type": "LineString", "coordinates": [[-75.8422018, 43.0623699], [-75.842057, 43.0624013]]}}, {"type": "Feature", "properties": {"name": "Enlarged Erie Canal", "type": "canal", "source": "OpenStreetMap"}, "geometry": {"type": "LineString", "coordinates": [[-75.842057, 43.0624013], [-75.8418258, 43.0624626], [-75.8242031, 43.066893], [-75.8212382, 43.0674007], [-75.8208624, 43.0673485]]}}, {"type": "Feature", "properties": {"name": "Enlarged Erie Canal", "type": "canal", "source": "OpenStreetMap"}, "geometry": {"type": "LineString", "coordinates": [[-75.8208624, 43.0673485], [-75.8207781, 43.0673901]]}}, {"type": "Feature", "properties": {"name": "Enlarged Erie Canal", "type": "canal", "source": "OpenStreetMap"}, "geometry": {"type": "LineString", "coordinates": [[-75.8049374, 43.0700397], [-75.8047773, 43.0700371], [-75.8043445, 43.0701531], [-75.8026532, 43.0707704], [-75.8004904, 43.0720437], [-75.7995431, 43.0725816]]}}, {"type": "Feature", "properties": {"name": "Enlarged Erie Canal", "type": "canal", "source": "OpenStreetMap"}, "geometry": {"type": "LineString", "coordinates": [[-75.8050186, 43.0700198], [-75.8049374, 43.0700397]]}}, {"type": "Feature", "properties": {"name": "Enlarged Erie Canal", "type": "canal", "source": "OpenStreetMap"}, "geometry": {"type": "LineString", "coordinates": [[-75.5361011, 43.2212536], [-75.5242305, 43.2228284], [-75.5201341, 43.22341]]}}, {"type": "Feature", "properties": {"name": "Enlarged Erie Canal", "type": "canal", "source": "OpenStreetMap"}, "geometry": {"type": "LineString", "coordinates": [[-75.5485733, 43.2181211], [-75.5484025, 43.2181948]]}}, {"type": "Feature", "properties": {"name": "Enlarged Erie Canal", "type": "canal", "source": "OpenStreetMap"}, "geometry": {"type": "LineString", "coordinates": [[-75.5554722, 43.2146754], [-75.5550723, 43.214811], [-75.5542381, 43.2151467], [-75.5531377, 43.2155894], [-75.5497259, 43.2176132], [-75.5485733, 43.2181211]]}}, {"type": "Feature", "properties": {"name": "Enlarged Erie Canal", "type": "canal", "source": "OpenStreetMap"}, "geometry": {"type": "LineString", "coordinates": [[-75.5484025, 43.2181948], [-75.5436743, 43.2199331], [-75.5424884, 43.2202867], [-75.5409709, 43.2206153], [-75.5370421, 43.2211299], [-75.5366878, 43.2211757]]}}, {"type": "Feature", "properties": {"name": "Enlarged Erie Canal", "type": "canal", "source": "OpenStreetMap"}, "geometry": {"type": "LineString", "coordinates": [[-75.5366878, 43.2211757], [-75.5361011, 43.2212536]]}}, {"type": "Feature", "properties": {"name": "Enlarged Erie Canal", "type": "derelict_canal", "source": "OpenStreetMap"}, "geometry": {"type": "LineString", "coordinates": [[-74.2380495, 42.9526867], [-74.2366135, 42.9526432], [-74.2359483, 42.952623], [-74.2269314, 42.9523496], [-74.2254004, 42.9521772], [-74.2227153, 42.9516083], [-74.2204307, 42.9509532], [-74.2182638, 42.9499188], [-74.2153667, 42.9478155], [-74.209867, 42.9435829], [-74.207759, 42.9422035], [-74.2025205, 42.9395337], [-74.2013131, 42.9388082], [-74.2003138, 42.9379791], [-74.1997309, 42.937278], [-74.1985484, 42.9352784], [-74.1980238, 42.9347663], [-74.1971359, 42.9343341], [-74.1958118, 42.9338768]]}}, {"type": "Feature", "properties": {"name": "Enlarged Erie Canal", "type": "derelict_canal", "source": "OpenStreetMap"}, "geometry": {"type": "LineString", "coordinates": [[-76.4368553, 43.0720672], [-76.4242614, 43.0755625]]}}, {"type": "Feature", "properties": {"name": "Enlarged Erie Canal", "type": "derelict_canal", "source": "OpenStreetMap"}, "geometry": {"type": "LineString", "coordinates": [[-76.4236193, 43.0757407], [-76.4238019, 43.07569]]}}, {"type": "Feature", "properties": {"name": "Enlarged Erie Canal", "type": "derelict_canal", "source": "OpenStreetMap"}, "geometry": {"type": "LineString", "coordinates": [[-76.4238019, 43.07569], [-76.4242614, 43.0755625]]}}, {"type": "Feature", "properties": {"name": "Enlarged Erie Canal", "type": "derelict_canal", "source": "OpenStreetMap"}, "geometry": {"type": "LineString", "coordinates": [[-76.422898, 43.0759409], [-76.4236193, 43.0757407]]}}, {"type": "Feature", "properties": {"name": "Ganargua Creek (Concurrent Section with Erie Canal)", "type": "river", "source": "OpenStreetMap"}, "geometry": {"type": "LineString", "coordinates": [[-77.19046, 43.0646249], [-77.1953975, 43.0635024], [-77.1979015, 43.0631387], [-77.2020128, 43.0630008], [-77.2055455, 43.0630672], [-77.2088661, 43.063083], [-77.2118061, 43.063076], [-77.2133338, 43.063145], [-77.2147169, 43.0634144], [-77.2187214, 43.0644], [-77.2205469, 43.0649381], [-77.2221477, 43.06541], [-77.2248013, 43.0661922], [-77.2281826, 43.0671143], [-77.229334, 43.0673612], [-77.2302253, 43.0674905], [-77.2310771, 43.0674519], [-77.2330603, 43.0672569], [-77.2350872, 43.0670061], [-77.2371478, 43.0667642], [-77.2439855, 43.0659614]]}}, {"type": "Feature", "properties": {"name": "Enlarged Erie Canal", "type": "derelict_canal", "source": "OpenStreetMap"}, "geometry": {"type": "LineString", "coordinates": [[-77.0308945, 43.069797], [-77.0282793, 43.0687349], [-77.026965, 43.0678453], [-77.0257527, 43.0667324], [-77.0252135, 43.0662052], [-77.0241742, 43.0653156], [-77.0236686, 43.0650217], [-77.0220579, 43.0643064], [-77.0214196, 43.0638822], [-77.020855, 43.0636127]]}}, {"type": "Feature", "properties": {"name": "Enlarged Erie Canal", "type": "derelict_canal", "source": "OpenStreetMap"}, "geometry": {"type": "LineString", "coordinates": [[-76.9963664, 43.0626094], [-76.9991612, 43.0632874]]}}, {"type": "Feature", "properties": {"name": "Enlarged Erie Canal", "type": "derelict_canal", "source": "OpenStreetMap"}, "geometry": {"type": "LineString", "coordinates": [[-77.0346066, 43.0682059], [-77.0357466, 43.0684018], [-77.0369965, 43.0684175]]}}, {"type": "Feature", "properties": {"name": "Enlarged Erie Canal", "type": "derelict_canal", "source": "OpenStreetMap"}, "geometry": {"type": "LineString", "coordinates": [[-74.0660558, 42.8827617], [-74.0656189, 42.8824107], [-74.0635783, 42.8807715], [-74.0610287, 42.8786572], [-74.0607312, 42.8784409], [-74.0602903, 42.8781202], [-74.0602573, 42.8780962], [-74.0590733, 42.8775244], [-74.0543513, 42.875244], [-74.0522001, 42.8743631], [-74.0521183, 42.874337], [-74.050959, 42.8739676], [-74.0499577, 42.8738226], [-74.0480503, 42.8737453], [-74.0470101, 42.8735696], [-74.0461767, 42.8733191], [-74.0454092, 42.8728577], [-74.0449633, 42.8724238], [-74.0444653, 42.871687]]}}]}