{
"type": "FeatureCollection",
"name": "demographics",
"crs": { "type": "name", "properties": { "name": "urn:ogc:def:crs:OGC:1.3:CRS84" } },
"features": [
{ "type": "Feature", "properties": { "GEOID": "36011040201", "tract_name": "Census Tract 402.01; Cayuga County; New York", "median_age": 46.0, "median_income": 71591.0, "population_density": 72.293260303260013, "county": "Cayuga" }, "geometry": { "type": "Polygon", "coordinates": [ [ [ -76.601780027796579, 43.090502255516199 ], [ -76.587985012957077, 43.091061265862862 ], [ -76.593330118063733, 43.167147297266681 ], [ -76.498643011327218, 43.170756343351705 ], [ -76.499372026386865, 43.181932344668027 ], [ -76.47594099203846, 43.182951357101615 ], [ -76.473066943399132, 43.146015356110325 ], [ -76.48122795505904, 43.145884350825447 ], [ -76.486303959148415, 43.143221347247255 ], [ -76.478640933588864, 43.131229351237067 ], [ -76.474641915579198, 43.120965353268829 ], [ -76.47206089995602, 43.110927354504867 ], [ -76.472470892606921, 43.104317353758567 ], [ -76.49123292069055, 43.106293339302567 ], [ -76.497829925197109, 43.102655333630182 ], [ -76.502326912041895, 43.087679327845954 ], [ -76.509654909496817, 43.079081320793783 ], [ -76.521571917111544, 43.074522310584896 ], [ -76.539236936459659, 43.074184296628886 ], [ -76.54352693813091, 43.071728292521485 ], [ -76.55868495397425, 43.070867280188232 ], [ -76.565100969614022, 43.077449277519555 ], [ -76.571409980278347, 43.080232273721016 ], [ -76.574961988753785, 43.083705272402518 ], [ -76.582240989743013, 43.078152264537813 ], [ -76.600812006595049, 43.07510724870162 ], [ -76.601780027796579, 43.090502255516199 ] ] ] } },
{ "type": "Feature", "properties": { "GEOID": "36011040101", "tract_name": "Census Tract 401.01; Cayuga County; New York", "median_age": 30.1, "median_income": 64500.0, "population_density": 55.22689843809664, "county": "Cayuga" }, "geometry": { "type": "Polygon", "coordinates": [ [ [ -76.713361370877053, 43.249286310293783 ], [ -76.600762235452635, 43.253740338238543 ], [ -76.593330118063733, 43.167147297266681 ], [ -76.707561244360392, 43.161736237943828 ], [ -76.713361370877053, 43.249286310293783 ] ] ] } },
{ "type": "Feature", "properties": { "GEOID": "36011040202", "tract_name": "Census Tract 402.02; Cayuga County; New York", "median_age": 40.7, "median_income": 72292.0, "population_density": 60.027795817514381, "county": "Cayuga" }, "geometry": { "type": "Polygon", "coordinates": [ [ [ -76.600762235452635, 43.253740338238543 ], [ -76.481123081898929, 43.256639369548829 ], [ -76.47594099203846, 43.182951357101615 ], [ -76.499372026386865, 43.181932344668027 ], [ -76.498643011327218, 43.170756343351705 ], [ -76.593330118063733, 43.167147297266681 ], [ -76.600762235452635, 43.253740338238543 ] ] ] } },
{ "type": "Feature", "properties": { "GEOID": "36011040102", "tract_name": "Census Tract 401.02; Cayuga County; New York", "median_age": 49.5, "median_income": 57850.0, "population_density": 67.263346464196019, "county": "Cayuga" }, "geometry": { "type": "Polygon", "coordinates": [ [ [ -76.722613404014851, 43.344682386096359 ], [ -76.708674386585258, 43.347255394090936 ], [ -76.708955387565112, 43.350189396450446 ], [ -76.707550385119305, 43.347185394507285 ], [ -76.699088373933463, 43.345901396974462 ], [ -76.686399358980296, 43.353255408887996 ], [ -76.671134341783883, 43.367546428828014 ], [ -76.643689311436404, 43.402163475956158 ], [ -76.632086297681838, 43.413609493913334 ], [ -76.623874286728352, 43.414120499130625 ], [ -76.617103278319732, 43.419062508189796 ], [ -76.605013240610063, 43.253568337139484 ], [ -76.713361370877053, 43.249286310293783 ], [ -76.722613404014851, 43.344682386096359 ] ] ] } },
{ "type": "Feature", "properties": { "GEOID": "36011041202", "tract_name": "Census Tract 412.02; Cayuga County; New York", "median_age": 52.4, "median_income": 79145.0, "population_density": 81.762931643154587, "county": "Cayuga" }, "geometry": { "type": "Polygon", "coordinates": [ [ [ -76.739212008340161, 42.954724064908902 ], [ -76.737976014196988, 42.961284066651174 ], [ -76.712091987788384, 42.962240089567999 ], [ -76.712495993940962, 42.967542090300356 ], [ -76.674953955618662, 42.969041124705093 ], [ -76.674957952825011, 42.966405123771089 ], [ -76.666762944471131, 42.966740131258163 ], [ -76.656359917375198, 42.951499134118201 ], [ -76.596668856060305, 42.953143185299609 ], [ -76.59556383735864, 42.936002174831387 ], [ -76.597170838890079, 42.935853173482521 ], [ -76.597063835889102, 42.933031171705103 ], [ -76.596785833684137, 42.931161170683218 ], [ -76.59490883207549, 42.93150717233938 ], [ -76.592863792800912, 42.895158149328317 ], [ -76.635186834433142, 42.893354122269471 ], [ -76.635452839106904, 42.897576124253256 ], [ -76.73346893636085, 42.894244062374312 ], [ -76.737460949044035, 42.902104060764906 ], [ -76.739180966910126, 42.916833061133453 ], [ -76.734285992323521, 42.94480806791961 ], [ -76.739212008340161, 42.954724064908902 ] ] ] } },
{ "type": "Feature", "properties": { "GEOID": "36011041201", "tract_name": "Census Tract 412.01; Cayuga County; New York", "median_age": 46.0, "median_income": 90817.0, "population_density": 85.715264993688677, "county": "Cayuga" }, "geometry": { "type": "Polygon", "coordinates": [ [ [ -76.73346893636085, 42.894244062374312 ], [ -76.635452839106904, 42.897576124253256 ], [ -76.630705755711389, 42.822085087446141 ], [ -76.641058760829637, 42.817148081626698 ], [ -76.653577770802485, 42.814841076727674 ], [ -76.658624772269889, 42.811495073808999 ], [ -76.661227775709648, 42.812319073393212 ], [ -76.664888777262121, 42.810365071557904 ], [ -76.668466781119633, 42.810673070657934 ], [ -76.670174780144194, 42.808160069236372 ], [ -76.67624378739923, 42.809357067981161 ], [ -76.678217788016823, 42.808106067002655 ], [ -76.685366795872525, 42.808863065271268 ], [ -76.690345799375564, 42.807546063500979 ], [ -76.730449837374181, 42.806140052362352 ], [ -76.719514847509899, 42.825444058717494 ], [ -76.71718585967399, 42.838828062018131 ], [ -76.72102588023381, 42.85425306314643 ], [ -76.721246897065527, 42.869577065664011 ], [ -76.724742911158145, 42.87928806538239 ], [ -76.73346893636085, 42.894244062374312 ] ] ] } },
{ "type": "Feature", "properties": { "GEOID": "36011041101", "tract_name": "Census Tract 411.01; Cayuga County; New York", "median_age": 49.9, "median_income": 99265.0, "population_density": 100.94864086648172, "county": "Cayuga" }, "geometry": { "type": "Polygon", "coordinates": [ [ [ -76.635186834433142, 42.893354122269471 ], [ -76.592863792800912, 42.895158149328317 ], [ -76.593485808612357, 42.910004158941511 ], [ -76.552729768013506, 42.911596187820798 ], [ -76.547425757525033, 42.906601187171042 ], [ -76.542955754679156, 42.908380191684607 ], [ -76.540053747902903, 42.90459119028003 ], [ -76.542588750841873, 42.904913188901595 ], [ -76.54264574844332, 42.902449186712204 ], [ -76.522094691178566, 42.86592416514199 ], [ -76.515348659773395, 42.84096214405151 ], [ -76.631571771353123, 42.836293094599469 ], [ -76.635186834433142, 42.893354122269471 ] ] ] } },
{ "type": "Feature", "properties": { "GEOID": "36011041001", "tract_name": "Census Tract 410.01; Cayuga County; New York", "median_age": 43.2, "median_income": 82750.0, "population_density": 34.850609389260192, "county": "Cayuga" }, "geometry": { "type": "Polygon", "coordinates": [ [ [ -76.689827695254323, 42.677315124411919 ], [ -76.620760616772202, 42.679294152778759 ], [ -76.624665674795963, 42.749786050041564 ], [ -76.626488679859349, 42.753039051305763 ], [ -76.48652755104861, 42.75774807771662 ], [ -76.486703553992371, 42.760644080560759 ], [ -76.468742538387417, 42.761229099980824 ], [ -76.465805531650659, 42.756870098467168 ], [ -76.458858425090241, 42.627414309933528 ], [ -76.614291564252156, 42.62210124090241 ], [ -76.614479566963851, 42.62523223609471 ], [ -76.666543633614239, 42.623455199534966 ], [ -76.685311685858636, 42.670279134155443 ], [ -76.689827695254323, 42.677315124411919 ] ] ] } },
{ "type": "Feature", "properties": { "GEOID": "36117021200", "tract_name": "Census Tract 212; Wayne County; New York", "median_age": 41.9, "median_income": 59943.0, "population_density": 1189.5732617331496, "county": "Wayne" }, "geometry": { "type": "Polygon", "coordinates": [ [ [ -77.096939170618697, 43.032663733418381 ], [ -77.095199192541216, 43.044962720115159 ], [ -77.095484226750898, 43.064384696767902 ], [ -77.085995228926109, 43.064265708176237 ], [ -77.085664220505919, 43.059551713500468 ], [ -77.079528215729098, 43.056160723610603 ], [ -77.072181214380208, 43.054571732819575 ], [ -77.072131201177783, 43.047463738909443 ], [ -77.055626219198473, 43.0552517497295 ], [ -77.055950211085602, 43.051072751954123 ], [ -77.057785207350392, 43.049313751254516 ], [ -77.072005194304325, 43.04375474217192 ], [ -77.071937186077335, 43.039324745982732 ], [ -77.074903185787846, 43.039408743461394 ], [ -77.073597169791327, 43.030669752149393 ], [ -77.070627167537864, 43.029278755376822 ], [ -77.068485151303378, 43.020489763830653 ], [ -77.079279151862224, 43.021227757178025 ], [ -77.07905213610583, 43.012611765490639 ], [ -77.093434135453407, 43.012578759248889 ], [ -77.096939170618697, 43.032663733418381 ] ] ] } },
{ "type": "Feature", "properties": { "GEOID": "36117020401", "tract_name": "Census Tract 204.01; Wayne County; New York", "median_age": 40.3, "median_income": 109623.0, "population_density": 137.86428220251116, "county": "Wayne" }, "geometry": { "type": "Polygon", "coordinates": [ [ [ -77.252317381073254, 43.278158932843638 ], [ -77.24417239585361, 43.280968954749682 ], [ -77.240634399768041, 43.280018966218421 ], [ -77.237463402549153, 43.281814981268191 ], [ -77.228918411512652, 43.281305012185989 ], [ -77.213099427086192, 43.28432307613901 ], [ -77.200265440865806, 43.28228212048392 ], [ -77.189416451381618, 43.285272165456405 ], [ -77.183590458114452, 43.282216182416342 ], [ -77.172432469782862, 43.281589223016276 ], [ -77.150100491335181, 43.289152316307792 ], [ -77.143541497999564, 43.28993134149281 ], [ -77.142896499197846, 43.287216340329444 ], [ -77.132196510593502, 43.285634377888009 ], [ -77.134782494277346, 43.237329345668222 ], [ -77.252081368886337, 43.231237944545754 ], [ -77.252317381073254, 43.278158932843638 ] ] ] } },
{ "type": "Feature", "properties": { "GEOID": "36117021000", "tract_name": "Census Tract 210; Wayne County; New York", "median_age": 43.4, "median_income": 70135.0, "population_density": 81.591278372240637, "county": "Wayne" }, "geometry": { "type": "Polygon", "coordinates": [ [ [ -77.136720370316141, 43.160830475280051 ], [ -76.963426437110002, 43.162293886485443 ], [ -76.963927132915074, 43.013154839236911 ], [ -77.07905213610583, 43.012611765490639 ], [ -77.079279151862224, 43.021227757178025 ], [ -77.068485151303378, 43.020489763830653 ], [ -77.070627167537864, 43.029278755376822 ], [ -77.073597169791327, 43.030669752149393 ], [ -77.074903185787846, 43.039408743461394 ], [ -77.071937186077335, 43.039324745982732 ], [ -77.072005194304325, 43.04375474217192 ], [ -77.057785207350392, 43.049313751254516 ], [ -77.055950211085602, 43.051072751954123 ], [ -77.055626219198473, 43.0552517497295 ], [ -77.072131201177783, 43.047463738909443 ], [ -77.072181214380208, 43.054571732819575 ], [ -77.079528215729098, 43.056160723610603 ], [ -77.085664220505919, 43.059551713500468 ], [ -77.085995228926109, 43.064265708176237 ], [ -77.095484226750898, 43.064384696767902 ], [ -77.095470221178473, 43.061223700541689 ], [ -77.117917223652213, 43.065909667782918 ], [ -77.127395204864968, 43.055909672828363 ], [ -77.128837192380047, 43.04843468380092 ], [ -77.125778174464273, 43.037166705085603 ], [ -77.106338172783282, 43.034593723976343 ], [ -77.109682169249538, 43.03277872398003 ], [ -77.115618155027562, 43.024758731529154 ], [ -77.112392138917727, 43.015082747387794 ], [ -77.093723140216341, 43.015274755986837 ], [ -77.093434135453407, 43.012578759248889 ], [ -77.133398133618428, 43.01246074202281 ], [ -77.136378207738687, 43.058930657866384 ], [ -77.136720370316141, 43.160830475280051 ] ], [ [ -77.014334274153427, 43.077262793141344 ], [ -77.01131221432928, 43.048422796305317 ], [ -76.987639214675724, 43.049452822143905 ], [ -76.983795211691458, 43.048622826541347 ], [ -76.983795206817476, 43.046304825962942 ], [ -76.980362205815069, 43.046338830050253 ], [ -76.979058198914998, 43.04322983077779 ], [ -76.974774206505302, 43.047513837015799 ], [ -76.979195212722544, 43.049820832355692 ], [ -76.971777211391199, 43.050337841398303 ], [ -76.974815272717436, 43.07941384582179 ], [ -76.996682279228736, 43.078227817333151 ], [ -77.009402296263119, 43.087011800536004 ], [ -77.010436275824503, 43.077492798516829 ], [ -77.014334274153427, 43.077262793141344 ] ] ] } },
{ "type": "Feature", "properties": { "GEOID": "36117021502", "tract_name": "Census Tract 215.02; Wayne County; New York", "median_age": 41.0, "median_income": 67407.0, "population_density": 100.65217512858125, "county": "Wayne" }, "geometry": { "type": "Polygon", "coordinates": [ [ [ -76.832251501022412, 43.305812191871226 ], [ -76.824904494510463, 43.304726204826402 ], [ -76.808730481120932, 43.308408237611182 ], [ -76.793679468353943, 43.309461266489933 ], [ -76.785381461722878, 43.31202128386029 ], [ -76.76901444899643, 43.317962318874159 ], [ -76.756653440111251, 43.324855347215411 ], [ -76.730452413751067, 43.343053381525507 ], [ -76.722492403610886, 43.343559385232091 ], [ -76.711217329608587, 43.220994286629448 ], [ -76.825332432035097, 43.21611314066427 ], [ -76.832251501022412, 43.305812191871226 ] ] ] } },
{ "type": "Feature", "properties": { "GEOID": "36117021100", "tract_name": "Census Tract 211; Wayne County; New York", "median_age": 40.2, "median_income": 55865.0, "population_density": 1212.990955620063, "county": "Wayne" }, "geometry": { "type": "Polygon", "coordinates": [ [ [ -77.128928194124441, 43.049516681901622 ], [ -77.126307208612928, 43.058052670480514 ], [ -77.117917223652213, 43.065909667782918 ], [ -77.095470221178473, 43.061223700541689 ], [ -77.095199192541216, 43.044962720115159 ], [ -77.096947170005947, 43.032315733833649 ], [ -77.093723140216341, 43.015274755986837 ], [ -77.112331138785223, 43.015002747531319 ], [ -77.115618155027562, 43.024758731529154 ], [ -77.109682169249538, 43.03277872398003 ], [ -77.106338172783282, 43.034593723976343 ], [ -77.124647172799243, 43.036057707771498 ], [ -77.128928194124441, 43.049516681901622 ] ] ] } },
{ "type": "Feature", "properties": { "GEOID": "36117990100", "tract_name": "Census Tract 9901; Wayne County; New York", "median_age": null, "median_income": null, "population_density": 0.0, "county": "Wayne" }, "geometry": { "type": "Polygon", "coordinates": [ [ [ -77.387995991495586, 43.631540660777183 ], [ -77.124711458490808, 43.631115914677139 ], [ -76.99973559793662, 43.629202192141769 ], [ -76.776234474961569, 43.629527643672738 ], [ -76.753539455446699, 43.684273776082534 ], [ -76.737833459777988, 43.500064501060784 ], [ -76.722492403610886, 43.343559385232091 ], [ -76.730452413751067, 43.343053381525507 ], [ -76.756653440111251, 43.324855347215411 ], [ -76.76901444899643, 43.317962318874159 ], [ -76.785381461722878, 43.31202128386029 ], [ -76.793679468353943, 43.309461266489933 ], [ -76.808730481120932, 43.308408237611182 ], [ -76.824904494510463, 43.304726204826402 ], [ -76.841740509212741, 43.3057011740853 ], [ -76.854164519150331, 43.298361145943396 ], [ -76.878821540226809, 43.292299096082218 ], [ -76.896208555764545, 43.295955066160872 ], [ -76.917426574074469, 43.285712020289097 ], [ -76.92486458068521, 43.285197006199027 ], [ -76.933741588535355, 43.278550985679303 ], [ -76.953745606666018, 43.270087943673779 ], [ -76.975134626014125, 43.272733905873864 ], [ -76.974300625190764, 43.274300908326168 ], [ -76.982728632866042, 43.273353892248032 ], [ -76.98805463762173, 43.274495883093728 ], [ -77.001655646989661, 43.271095852905887 ], [ -77.041461606269038, 43.270652702181422 ], [ -77.044537602943109, 43.272221691801796 ], [ -77.047629599241318, 43.276842683887892 ], [ -77.055527591124189, 43.27676265421686 ], [ -77.060298585882606, 43.279409638653078 ], [ -77.066880579012434, 43.28004561464914 ], [ -77.069663575753282, 43.282953606953974 ], [ -77.080080565186591, 43.281510566825645 ], [ -77.083972560890558, 43.28341055422942 ], [ -77.095946548258681, 43.284991511431784 ], [ -77.10555353761707, 43.289224480526791 ], [ -77.114859528423963, 43.286427443001571 ], [ -77.120731522146812, 43.287497422554594 ], [ -77.136399506253682, 43.285551362219863 ], [ -77.143529498488633, 43.287485338342101 ], [ -77.143541497999564, 43.28993134149281 ], [ -77.146449494962852, 43.289996330875475 ], [ -77.172584469629143, 43.281574222428432 ], [ -77.183590458114452, 43.282216182416342 ], [ -77.189416451381618, 43.285272165456405 ], [ -77.197188443988665, 43.282521132308943 ], [ -77.217108423015972, 43.28401106074147 ], [ -77.228918411512652, 43.281305012185989 ], [ -77.244578395453715, 43.280899953110485 ], [ -77.254298373022621, 43.27767493626326 ], [ -77.267269319590383, 43.276934963196979 ], [ -77.275211286587933, 43.278137982549019 ], [ -77.282277257512959, 43.277255996452524 ], [ -77.287046237692195, 43.27880200933447 ], [ -77.303841168418842, 43.277964044494915 ], [ -77.310677140277036, 43.279281061274467 ], [ -77.312606132480951, 43.281432068557422 ], [ -77.333738044972975, 43.277850109340456 ], [ -77.341311014333698, 43.280543129190029 ], [ -77.351396972153353, 43.278172148126181 ], [ -77.360844933305145, 43.278593169127113 ], [ -77.376046869574282, 43.276208199663081 ], [ -77.377199908306324, 43.375782303692077 ], [ -77.387995991495586, 43.631540660777183 ] ] ] } },
{ "type": "Feature", "properties": { "GEOID": "36117021700", "tract_name": "Census Tract 217; Wayne County; New York", "median_age": 37.3, "median_income": 63135.0, "population_density": 41.498179456835338, "county": "Wayne" }, "geometry": { "type": "Polygon", "coordinates": [ [ [ -76.963927132915074, 43.013154839236911 ], [ -76.96341435624916, 43.122666874092744 ], [ -76.810213282482238, 43.128973097643723 ], [ -76.705735200900179, 43.131427213567683 ], [ -76.702325127161046, 43.080157173409461 ], [ -76.705886118374679, 43.070782162856247 ], [ -76.711747122062633, 43.068688156397393 ], [ -76.717790120511523, 43.062632146247694 ], [ -76.716876110847423, 43.056319141502534 ], [ -76.719107087026714, 43.037137122771725 ], [ -76.717955077548496, 43.031144118576719 ], [ -76.713807063274842, 43.024033116302533 ], [ -76.963927132915074, 43.013154839236911 ] ], [ [ -76.886236263126506, 43.094419968536847 ], [ -76.884854223221225, 43.072604958199278 ], [ -76.855371213169605, 43.073504996234 ], [ -76.856059250035983, 43.094879009221941 ], [ -76.886236263126506, 43.094419968536847 ] ] ] } },
{ "type": "Feature", "properties": { "GEOID": "36117020800", "tract_name": "Census Tract 208; Wayne County; New York", "median_age": 57.1, "median_income": 86843.0, "population_density": 122.0208359941069, "county": "Wayne" }, "geometry": { "type": "Polygon", "coordinates": [ [ [ -77.134825494233056, 43.237327345512533 ], [ -77.132196510593502, 43.285634377888009 ], [ -77.120731522146812, 43.287497422554594 ], [ -77.114725528560001, 43.286444443516871 ], [ -77.10555353761707, 43.289224480526791 ], [ -77.095946548258681, 43.284991511431784 ], [ -77.083972560890558, 43.28341055422942 ], [ -77.080516564724149, 43.28159556528535 ], [ -77.069663575753282, 43.282953606953974 ], [ -77.066880579012434, 43.28004561464914 ], [ -77.060298585882606, 43.279409638653078 ], [ -77.055527591124189, 43.27676265421686 ], [ -77.048212598616786, 43.277055681876178 ], [ -77.044537602943109, 43.272221691801796 ], [ -77.041303606432564, 43.270636702766218 ], [ -77.001655646989661, 43.271095852905887 ], [ -76.98805463762173, 43.274495883093728 ], [ -76.982728632866042, 43.273353892248032 ], [ -76.974300625190764, 43.274300908326168 ], [ -76.975134626014125, 43.272733905873864 ], [ -76.967177618801415, 43.272687920499699 ], [ -76.963473615507283, 43.270478926010647 ], [ -76.963401539439204, 43.212455902237132 ], [ -76.964721539890917, 43.212146899888189 ], [ -76.982461552659046, 43.211300869405918 ], [ -77.035799573068815, 43.229479714681354 ], [ -77.052992578213122, 43.240331646785592 ], [ -77.063370574262848, 43.24354560558691 ], [ -77.071361565642476, 43.243123575631586 ], [ -77.084206543907953, 43.238060532179617 ], [ -77.093279537303388, 43.239238497127268 ], [ -77.134825494233056, 43.237327345512533 ] ] ] } },
{ "type": "Feature", "properties": { "GEOID": "36117021600", "tract_name": "Census Tract 216; Wayne County; New York", "median_age": 38.9, "median_income": 63098.0, "population_density": 55.662947556179709, "county": "Wayne" }, "geometry": { "type": "Polygon", "coordinates": [ [ [ -76.96341435624916, 43.122666874092744 ], [ -76.963434499739535, 43.192985896083954 ], [ -76.830910412092393, 43.20107912014528 ], [ -76.831923436961418, 43.215773129090984 ], [ -76.711217329608587, 43.220994286629448 ], [ -76.705735200900179, 43.131427213567683 ], [ -76.810213282482238, 43.128973097643723 ], [ -76.96341435624916, 43.122666874092744 ] ] ] } },
{ "type": "Feature", "properties": { "GEOID": "36117021400", "tract_name": "Census Tract 214; Wayne County; New York", "median_age": 42.0, "median_income": 57621.0, "population_density": 746.82676761772188, "county": "Wayne" }, "geometry": { "type": "Polygon", "coordinates": [ [ [ -77.014358274529329, 43.07744579310652 ], [ -77.010436275824503, 43.077492798516829 ], [ -77.009402296263119, 43.087011800536004 ], [ -76.996682279228736, 43.078227817333151 ], [ -76.974815272717436, 43.07941384582179 ], [ -76.971777211391199, 43.050337841398303 ], [ -76.979195212722544, 43.049820832355692 ], [ -76.974774206505302, 43.047513837015799 ], [ -76.979058198914998, 43.04322983077779 ], [ -76.980362205815069, 43.046338830050253 ], [ -76.983795206817476, 43.046304825962942 ], [ -76.983795211691458, 43.048622826541347 ], [ -76.987639214675724, 43.049452822143905 ], [ -77.01131221432928, 43.048422796305317 ], [ -77.014358274529329, 43.07744579310652 ] ] ] } },
{ "type": "Feature", "properties": { "GEOID": "36117020700", "tract_name": "Census Tract 207; Wayne County; New York", "median_age": 45.3, "median_income": 73452.0, "population_density": 1525.8390297593035, "county": "Wayne" }, "geometry": { "type": "Polygon", "coordinates": [ [ [ -77.247044187696005, 43.063612519167513 ], [ -77.243894191194727, 43.065952515048899 ], [ -77.227651196615398, 43.066952531623819 ], [ -77.213740195215365, 43.063017560125267 ], [ -77.214269193117659, 43.061481563984401 ], [ -77.21154919286748, 43.060782569114025 ], [ -77.21342619156438, 43.060114568919481 ], [ -77.207830189221994, 43.057318583115446 ], [ -77.206384184336201, 43.05335159579613 ], [ -77.213118179312062, 43.050527597053687 ], [ -77.220445179983102, 43.052202584783586 ], [ -77.221858178581002, 43.051309586055275 ], [ -77.221853174141899, 43.047757596806349 ], [ -77.223812182508951, 43.054784573491027 ], [ -77.226868184017846, 43.056540564843026 ], [ -77.233457182608362, 43.056573557653849 ], [ -77.231620162684337, 43.039777612827763 ], [ -77.246605160390516, 43.039760600425751 ], [ -77.247044187696005, 43.063612519167513 ] ] ] } },
{ "type": "Feature", "properties": { "GEOID": "36029010902", "tract_name": "Census Tract 109.02; Erie County; New York", "median_age": 56.0, "median_income": 50379.0, "population_density": 2612.6049823086792, "county": "Erie" }, "geometry": { "type": "Polygon", "coordinates": [ [ [ -78.787234747986659, 42.871688342952048 ], [ -78.782063735702266, 42.876276341320057 ], [ -78.774043724002539, 42.877164339279339 ], [ -78.774129722105442, 42.878907339215935 ], [ -78.768853710889474, 42.882592337789788 ], [ -78.766846685517521, 42.902506336639959 ], [ -78.754356668024954, 42.903802334177016 ], [ -78.75441169013996, 42.884101334362633 ], [ -78.759939701507335, 42.880481335724959 ], [ -78.758005702297666, 42.87750433530757 ], [ -78.755228697264002, 42.87870333461008 ], [ -78.755469700339887, 42.876244334696018 ], [ -78.759735708376837, 42.874154335799886 ], [ -78.763413713087715, 42.874329336727037 ], [ -78.763774715727124, 42.872429336871065 ], [ -78.765304715681893, 42.874267337207392 ], [ -78.769254721301877, 42.87396333821907 ], [ -78.770324726277792, 42.870871338617114 ], [ -78.77266972735832, 42.872663339144964 ], [ -78.778158735411566, 42.87205034058691 ], [ -78.781831738508885, 42.87360834143324 ], [ -78.783540743725638, 42.871102342037346 ], [ -78.787234747986659, 42.871688342952048 ] ] ] } },
{ "type": "Feature", "properties": { "GEOID": "36117020402", "tract_name": "Census Tract 204.02; Wayne County; New York", "median_age": 37.2, "median_income": 66635.0, "population_density": 283.85766492067586, "county": "Wayne" }, "geometry": { "type": "Polygon", "coordinates": [ [ [ -77.252081368886337, 43.231237944545754 ], [ -77.134825494233056, 43.237327345512533 ], [ -77.135787432310025, 43.199200409608366 ], [ -77.251854333995112, 43.199038054115761 ], [ -77.252081368886337, 43.231237944545754 ] ] ] } },
{ "type": "Feature", "properties": { "GEOID": "36117020500", "tract_name": "Census Tract 205; Wayne County; New York", "median_age": 46.7, "median_income": 73628.0, "population_density": 156.27916860780095, "county": "Wayne" }, "geometry": { "type": "Polygon", "coordinates": [ [ [ -77.252225250179833, 43.124574309121556 ], [ -77.251854333995112, 43.199038054115761 ], [ -77.135787432310025, 43.199200409608366 ], [ -77.136429316009341, 43.126716536888729 ], [ -77.246927261100836, 43.127525302655009 ], [ -77.247270256539267, 43.123699314920728 ], [ -77.252225250179833, 43.124574309121556 ] ] ] } },
{ "type": "Feature", "properties": { "GEOID": "36093020600", "tract_name": "Census Tract 206; Schenectady County; New York", "median_age": 35.4, "median_income": 89542.0, "population_density": 4606.8324874087684, "county": "Schenectady" }, "geometry": { "type": "Polygon", "coordinates": [ [ [ -73.923461120195512, 42.806778890361166 ], [ -73.92072711610858, 42.81074289078439 ], [ -73.902043106300411, 42.8037798927175 ], [ -73.900064105289388, 42.802873892917667 ], [ -73.900442106556241, 42.800762892815463 ], [ -73.89721610636208, 42.796015893050409 ], [ -73.904413113457636, 42.792520892131698 ], [ -73.907723114488704, 42.795545891839041 ], [ -73.914419120651175, 42.793375891014392 ], [ -73.915540120956507, 42.794426890916121 ], [ -73.913669118385243, 42.796674891192708 ], [ -73.916733120250143, 42.797495890866436 ], [ -73.91421511723793, 42.799691891215311 ], [ -73.915121117008766, 42.801423891160752 ], [ -73.923461120195512, 42.806778890361166 ] ] ] } },
{ "type": "Feature", "properties": { "GEOID": "36093020101", "tract_name": "Census Tract 201.01; Schenectady County; New York", "median_age": 39.6, "median_income": 85940.0, "population_density": 5304.9861263773964, "county": "Schenectady" }, "geometry": { "type": "Polygon", "coordinates": [ [ [ -73.922169111789032, 42.820570890897265 ], [ -73.915793102615467, 42.829987891887967 ], [ -73.909450100008485, 42.827113892528665 ], [ -73.907640097208528, 42.830411892827136 ], [ -73.905398096633959, 42.82866089303301 ], [ -73.904734097766465, 42.825440893018239 ], [ -73.902237096741686, 42.824168893266688 ], [ -73.904157098724909, 42.822671893006252 ], [ -73.90427910119098, 42.817728892853765 ], [ -73.914509105637066, 42.822557891824999 ], [ -73.919123110138074, 42.819843891223471 ], [ -73.922169111789032, 42.820570890897265 ] ] ] } },
{ "type": "Feature", "properties": { "GEOID": "36093021002", "tract_name": "Census Tract 210.02; Schenectady County; New York", "median_age": 40.0, "median_income": 12403.0, "population_density": 14218.519475007755, "county": "Schenectady" }, "geometry": { "type": "Polygon", "coordinates": [ [ [ -73.947855138686251, 42.805120887534578 ], [ -73.943995132334251, 42.810918888139064 ], [ -73.941991132324944, 42.808625888302259 ], [ -73.93808112854127, 42.810322888795802 ], [ -73.934933127891412, 42.807649889078704 ], [ -73.943543137122575, 42.802605887954556 ], [ -73.947855138686251, 42.805120887534578 ] ] ] } },
{ "type": "Feature", "properties": { "GEOID": "36093020500", "tract_name": "Census Tract 205; Schenectady County; New York", "median_age": 42.1, "median_income": 86829.0, "population_density": 7770.7372169088076, "county": "Schenectady" }, "geometry": { "type": "Polygon", "coordinates": [ [ [ -73.920972115925707, 42.811401890775059 ], [ -73.915890110598468, 42.814797891449466 ], [ -73.911844104535618, 42.821250892091548 ], [ -73.9034051003744, 42.818194892966325 ], [ -73.900064105289388, 42.802873892917667 ], [ -73.920972115925707, 42.811401890775059 ] ] ] } },
{ "type": "Feature", "properties": { "GEOID": "36093020800", "tract_name": "Census Tract 208; Schenectady County; New York", "median_age": 35.0, "median_income": 34342.0, "population_density": 7897.2172844722363, "county": "Schenectady" }, "geometry": { "type": "Polygon", "coordinates": [ [ [ -73.93808112854127, 42.810322888795802 ], [ -73.932990122237115, 42.815027889508826 ], [ -73.927825119627585, 42.813349890049537 ], [ -73.92072711610858, 42.81074289078439 ], [ -73.923947120930919, 42.806071890285835 ], [ -73.920865119569925, 42.804490890592461 ], [ -73.927333126189652, 42.801018889757302 ], [ -73.93808112854127, 42.810322888795802 ] ] ] } },
{ "type": "Feature", "properties": { "GEOID": "36093020700", "tract_name": "Census Tract 207; Schenectady County; New York", "median_age": 31.5, "median_income": 50795.0, "population_density": 10900.866878422883, "county": "Schenectady" }, "geometry": { "type": "Polygon", "coordinates": [ [ [ -73.927333126189652, 42.801018889757302 ], [ -73.919522118207311, 42.805224890766183 ], [ -73.91421511723793, 42.799691891215311 ], [ -73.916733120250143, 42.797495890866436 ], [ -73.913669118385243, 42.796674891192708 ], [ -73.915540120956507, 42.794426890916121 ], [ -73.914419120651175, 42.793375891014392 ], [ -73.907723114488704, 42.795545891839041 ], [ -73.904413113457636, 42.792520892131698 ], [ -73.909721121027587, 42.785492891328836 ], [ -73.927333126189652, 42.801018889757302 ] ] ] } },
{ "type": "Feature", "properties": { "GEOID": "36093020900", "tract_name": "Census Tract 209; Schenectady County; New York", "median_age": 29.5, "median_income": 34532.0, "population_density": 13838.41116238629, "county": "Schenectady" }, "geometry": { "type": "Polygon", "coordinates": [ [ [ -73.94347113702463, 42.802679887964871 ], [ -73.934933127891412, 42.807649889078704 ], [ -73.927333126189652, 42.801018889757302 ], [ -73.931047130809787, 42.797712889240458 ], [ -73.94347113702463, 42.802679887964871 ] ] ] } },
{ "type": "Feature", "properties": { "GEOID": "36093033003", "tract_name": "Census Tract 330.03; Schenectady County; New York", "median_age": 43.6, "median_income": 77882.0, "population_density": 2727.7588288773513, "county": "Schenectady" }, "geometry": { "type": "Polygon", "coordinates": [ [ [ -73.975061182283298, 42.771795883478987 ], [ -73.972765176159285, 42.777711883910783 ], [ -73.960591163178478, 42.782310885432281 ], [ -73.933755154346713, 42.760698887884175 ], [ -73.944470164436467, 42.759449886623457 ], [ -73.975061182283298, 42.771795883478987 ] ] ] } },
{ "type": "Feature", "properties": { "GEOID": "36093032403", "tract_name": "Census Tract 324.03; Schenectady County; New York", "median_age": 42.1, "median_income": 106214.0, "population_density": 790.71275841625743, "county": "Schenectady" }, "geometry": { "type": "Polygon", "coordinates": [ [ [ -74.026428103557706, 42.864372883451949 ], [ -74.024427102854773, 42.868361883560766 ], [ -74.01003512494124, 42.856546883130356 ], [ -73.978304129596438, 42.847602885283862 ], [ -73.97126013435593, 42.835107885726124 ], [ -73.973642137184953, 42.833217885401154 ], [ -73.975910137298342, 42.835027885195181 ], [ -73.978768139284398, 42.83473788486193 ], [ -73.975653138534682, 42.833093885168942 ], [ -73.977468141471334, 42.830622884891675 ], [ -73.97530514067131, 42.829825885114822 ], [ -73.976053142033621, 42.82860188499464 ], [ -73.972074140447333, 42.827236885408148 ], [ -73.973490144951995, 42.822213885103139 ], [ -73.965284138654994, 42.823453886072443 ], [ -73.956621134626346, 42.820894886985279 ], [ -73.959622136780581, 42.82067088663733 ], [ -73.961674140134988, 42.817733886319935 ], [ -73.968080146564731, 42.814742885505098 ], [ -73.976998150393186, 42.817926884580942 ], [ -73.981793148475049, 42.824889884235112 ], [ -73.989154150583715, 42.828422883499307 ], [ -73.994508149847576, 42.833744883043792 ], [ -74.002145139069185, 42.848637882859954 ], [ -74.006643133452783, 42.849825882916342 ], [ -74.015762125067056, 42.848271882914752 ], [ -74.021348116993138, 42.851562883040103 ], [ -74.022958113624057, 42.85414888312571 ], [ -74.02072611156845, 42.860537883305398 ], [ -74.026428103557706, 42.864372883451949 ] ] ] } },
{ "type": "Feature", "properties": { "GEOID": "36093032502", "tract_name": "Census Tract 325.02; Schenectady County; New York", "median_age": 43.0, "median_income": 104615.0, "population_density": 1045.0016068748093, "county": "Schenectady" }, "geometry": { "type": "Polygon", "coordinates": [ [ [ -73.932666090791912, 42.869074891074746 ], [ -73.930023084375222, 42.878001891626766 ], [ -73.92278807433749, 42.890101892787797 ], [ -73.918331069928456, 42.89475689342342 ], [ -73.90702306260205, 42.899986894849768 ], [ -73.903272059027302, 42.904292895394747 ], [ -73.898029074331504, 42.866726894936384 ], [ -73.926551088232259, 42.868109891740843 ], [ -73.932666090791912, 42.869074891074746 ] ] ] } },
{ "type": "Feature", "properties": { "GEOID": "36093032602", "tract_name": "Census Tract 326.02; Schenectady County; New York", "median_age": 40.5, "median_income": 76029.0, "population_density": 176.3903378586312, "county": "Schenectady" }, "geometry": { "type": "Polygon", "coordinates": [ [ [ -74.087249037430169, 42.895629884828359 ], [ -74.084844038905217, 42.896867884852128 ], [ -74.073552049217696, 42.891621884600632 ], [ -74.065384058634649, 42.88407788430203 ], [ -74.061330062754692, 42.882295884218628 ], [ -74.053874067686237, 42.885119884259424 ], [ -74.042769080964632, 42.877449883948451 ], [ -74.037024086888138, 42.875840883863262 ], [ -74.031873094618476, 42.870572883671166 ], [ -74.030649098405206, 42.866228883531953 ], [ -74.02072611156845, 42.860537883305398 ], [ -74.022958113624057, 42.85414888312571 ], [ -74.021348116993138, 42.851562883040103 ], [ -74.015762125067056, 42.848271882914752 ], [ -74.006643133452783, 42.849825882916342 ], [ -74.002145139069185, 42.848637882859954 ], [ -73.994508149847576, 42.833744883043792 ], [ -73.989154150583715, 42.828422883499307 ], [ -73.981793148475049, 42.824889884235112 ], [ -73.976998150393186, 42.817926884580942 ], [ -73.971894148728651, 42.815394885089475 ], [ -73.964998143849741, 42.815606885880726 ], [ -73.958903136161979, 42.820877886725064 ], [ -73.948823130055644, 42.819884887844076 ], [ -73.951360133101005, 42.817788887495674 ], [ -73.951707136235342, 42.81326988732755 ], [ -73.953257137568343, 42.812870887139674 ], [ -73.951982138208137, 42.810495887217272 ], [ -73.964398149127376, 42.807289885711413 ], [ -73.971968152493119, 42.810159884931117 ], [ -73.983245166763197, 42.80168588340301 ], [ -73.995565179779319, 42.796620881852583 ], [ -73.999717182069659, 42.797643881408696 ], [ -73.996942183728905, 42.792941881589385 ], [ -74.016773160382471, 42.796311881375914 ], [ -74.016279164075343, 42.79202188124745 ], [ -74.033989145226712, 42.782140880981956 ], [ -74.066817088457512, 42.804975881767817 ], [ -74.087249037430169, 42.895629884828359 ] ] ] } },
{ "type": "Feature", "properties": { "GEOID": "36093020200", "tract_name": "Census Tract 202; Schenectady County; New York", "median_age": 42.3, "median_income": 42316.0, "population_density": 3281.0597603541582, "county": "Schenectady" }, "geometry": { "type": "Polygon", "coordinates": [ [ [ -73.939224120877356, 42.824443889065911 ], [ -73.931369113355942, 42.82857389007647 ], [ -73.917178096290911, 42.843695892116372 ], [ -73.914780096326695, 42.84088689230979 ], [ -73.918344099408827, 42.839111891854792 ], [ -73.915520098802418, 42.836982892115842 ], [ -73.925159114095635, 42.820016890541318 ], [ -73.938333122138332, 42.821350889079632 ], [ -73.939224120877356, 42.824443889065911 ] ] ] } },
{ "type": "Feature", "properties": { "GEOID": "36093021001", "tract_name": "Census Tract 210.01; Schenectady County; New York", "median_age": 35.2, "median_income": 37177.0, "population_density": 7559.2609433433854, "county": "Schenectady" }, "geometry": { "type": "Polygon", "coordinates": [ [ [ -73.943995132334251, 42.810918888139064 ], [ -73.940708126823552, 42.816219888663809 ], [ -73.932990122237115, 42.815027889508826 ], [ -73.935926126241966, 42.811653889078961 ], [ -73.941991132324944, 42.808625888302259 ], [ -73.943995132334251, 42.810918888139064 ] ] ] } },
{ "type": "Feature", "properties": { "GEOID": "36093021200", "tract_name": "Census Tract 212; Schenectady County; New York", "median_age": 41.3, "median_income": 64914.0, "population_density": 6394.1384101067333, "county": "Schenectady" }, "geometry": { "type": "Polygon", "coordinates": [ [ [ -73.983245166763197, 42.80168588340301 ], [ -73.958005147702323, 42.802555886304802 ], [ -73.952960142366123, 42.805120886952842 ], [ -73.960156151140765, 42.79976488597999 ], [ -73.973783165111811, 42.794308884270144 ], [ -73.983245166763197, 42.80168588340301 ] ] ] } },
{ "type": "Feature", "properties": { "GEOID": "36093021400", "tract_name": "Census Tract 214; Schenectady County; New York", "median_age": 31.7, "median_income": 36667.0, "population_density": 9880.9904488752418, "county": "Schenectady" }, "geometry": { "type": "Polygon", "coordinates": [ [ [ -73.957681150067714, 42.798622886229587 ], [ -73.954155144487927, 42.803180886761417 ], [ -73.947855138686251, 42.805120887534578 ], [ -73.939351135330483, 42.800497888372597 ], [ -73.956602151571076, 42.795119886252763 ], [ -73.957681150067714, 42.798622886229587 ] ] ] } },
{ "type": "Feature", "properties": { "GEOID": "36093021500", "tract_name": "Census Tract 215; Schenectady County; New York", "median_age": 34.4, "median_income": 33558.0, "population_density": 8836.4563092174994, "county": "Schenectady" }, "geometry": { "type": "Polygon", "coordinates": [ [ [ -73.955864150828234, 42.795403886345021 ], [ -73.939351135330483, 42.800497888372597 ], [ -73.931047130809787, 42.797712889240458 ], [ -73.945771143212369, 42.795422887496571 ], [ -73.943338143964581, 42.791208887654413 ], [ -73.943859145385673, 42.789548887547852 ], [ -73.955864150828234, 42.795403886345021 ] ] ] } },
{ "type": "Feature", "properties": { "GEOID": "36117020103", "tract_name": "Census Tract 201.03; Wayne County; New York", "median_age": 52.4, "median_income": 97007.0, "population_density": 205.87883413352051, "county": "Wayne" }, "geometry": { "type": "Polygon", "coordinates": [ [ [ -77.375305872921558, 43.224485230697915 ], [ -77.376046869574282, 43.276208199663081 ], [ -77.360844933305145, 43.278593169127113 ], [ -77.351524971621288, 43.278159148388831 ], [ -77.341169014918535, 43.280546128887508 ], [ -77.334022043795926, 43.27782710992809 ], [ -77.312495132937016, 43.281432068318644 ], [ -77.310228142120309, 43.279160060125633 ], [ -77.296297199554516, 43.278356028702795 ], [ -77.29527220385971, 43.27554302209456 ], [ -77.296985196772695, 43.275065025106457 ], [ -77.29727619560272, 43.272756022177667 ], [ -77.305816160092448, 43.272675040914898 ], [ -77.306188148603724, 43.228467071410869 ], [ -77.375305872921558, 43.224485230697915 ] ] ] } },
{ "type": "Feature", "properties": { "GEOID": "36117020105", "tract_name": "Census Tract 201.05; Wayne County; New York", "median_age": 43.8, "median_income": 87120.0, "population_density": 477.09920117148113, "county": "Wayne" }, "geometry": { "type": "Polygon", "coordinates": [ [ [ -77.375305872921558, 43.224485230697915 ], [ -77.306188148603724, 43.228467071410869 ], [ -77.303687152892266, 43.215874103329959 ], [ -77.298319166803353, 43.202943131227329 ], [ -77.375080883566866, 43.202617281434122 ], [ -77.375305872921558, 43.224485230697915 ] ] ] } },
{ "type": "Feature", "properties": { "GEOID": "36117020104", "tract_name": "Census Tract 201.04; Wayne County; New York", "median_age": 41.8, "median_income": 93004.0, "population_density": 316.28922912935582, "county": "Wayne" }, "geometry": { "type": "Polygon", "coordinates": [ [ [ -77.306493155848045, 43.248571012945149 ], [ -77.305376161264405, 43.250906007473354 ], [ -77.305816160092448, 43.272675040914898 ], [ -77.29727619560272, 43.272756022177667 ], [ -77.295416203204525, 43.277786025902309 ], [ -77.290790222262132, 43.278638017192741 ], [ -77.267481318714147, 43.276933963657541 ], [ -77.252317381073254, 43.278158932843638 ], [ -77.252081368886337, 43.231237944545754 ], [ -77.306188148603724, 43.228467071410869 ], [ -77.306493155848045, 43.248571012945149 ] ] ] } },
{ "type": "Feature", "properties": { "GEOID": "36117020303", "tract_name": "Census Tract 203.03; Wayne County; New York", "median_age": 40.9, "median_income": 76667.0, "population_density": 226.0266799438335, "county": "Wayne" }, "geometry": { "type": "Polygon", "coordinates": [ [ [ -77.373313923641604, 43.123407464737525 ], [ -77.320964064261688, 43.123439399093492 ], [ -77.319743051266258, 43.059288578814126 ], [ -77.313775060708252, 43.053973589976593 ], [ -77.310891062514955, 43.044653615166908 ], [ -77.311912058740987, 43.038846632547241 ], [ -77.314523053193724, 43.034699645794419 ], [ -77.371478964097406, 43.034693673005599 ], [ -77.373313923641604, 43.123407464737525 ] ] ] } },
{ "type": "Feature", "properties": { "GEOID": "36117020601", "tract_name": "Census Tract 206.01; Wayne County; New York", "median_age": 53.0, "median_income": 62365.0, "population_density": 162.33575480574464, "county": "Wayne" }, "geometry": { "type": "Polygon", "coordinates": [ [ [ -77.231620162684337, 43.039777612827763 ], [ -77.233457182608362, 43.056573557653849 ], [ -77.226654183959099, 43.05645456533928 ], [ -77.223812182508951, 43.054784573491027 ], [ -77.221853174141899, 43.047757596806349 ], [ -77.221858178581002, 43.051309586055275 ], [ -77.220445179983102, 43.052202584783586 ], [ -77.21430117913971, 43.050573595751111 ], [ -77.209587181193044, 43.051443597933321 ], [ -77.206384184336201, 43.05335159579613 ], [ -77.207415188733492, 43.056874584816384 ], [ -77.21342619156438, 43.060114568919481 ], [ -77.21154919286748, 43.060782569114025 ], [ -77.214269193117659, 43.061481563984401 ], [ -77.213740195215365, 43.063017560125267 ], [ -77.220243195945969, 43.06487354695016 ], [ -77.21914019829029, 43.066510543381604 ], [ -77.215268202803728, 43.069255540063473 ], [ -77.210289201695787, 43.067358551756726 ], [ -77.196272204584261, 43.06675957061956 ], [ -77.187505212613544, 43.070887570918899 ], [ -77.16997923563612, 43.083307565203775 ], [ -77.152602246350384, 43.086572584053791 ], [ -77.14935624444368, 43.084619592811109 ], [ -77.136523246736857, 43.083370614074418 ], [ -77.135698177405871, 43.039879692403062 ], [ -77.231620162684337, 43.039777612827763 ] ] ] } },
{ "type": "Feature", "properties": { "GEOID": "36117020106", "tract_name": "Census Tract 201.06; Wayne County; New York", "median_age": 43.3, "median_income": 45945.0, "population_density": 452.49206986087916, "county": "Wayne" }, "geometry": { "type": "Polygon", "coordinates": [ [ [ -77.306188148603724, 43.228467071410869 ], [ -77.252081368886337, 43.231237944545754 ], [ -77.251888338443678, 43.203151040122698 ], [ -77.298319166803353, 43.202943131227329 ], [ -77.303687152892266, 43.215874103329959 ], [ -77.306188148603724, 43.228467071410869 ] ] ] } },
{ "type": "Feature", "properties": { "GEOID": "36117020602", "tract_name": "Census Tract 206.02; Wayne County; New York", "median_age": 40.6, "median_income": 83281.0, "population_density": 106.46421740578306, "county": "Wayne" }, "geometry": { "type": "Polygon", "coordinates": [ [ [ -77.246900189235916, 43.064922514897042 ], [ -77.246927261100836, 43.127525302655009 ], [ -77.136429316009341, 43.126716536888729 ], [ -77.136523246736857, 43.083370614074418 ], [ -77.14935624444368, 43.084619592811109 ], [ -77.152602246350384, 43.086572584053791 ], [ -77.16997923563612, 43.083307565203775 ], [ -77.187505212613544, 43.070887570918899 ], [ -77.196997204140658, 43.0665715702333 ], [ -77.210289201695787, 43.067358551756726 ], [ -77.215268202803728, 43.069255540063473 ], [ -77.220243195945969, 43.06487354695016 ], [ -77.230768196386535, 43.06743752627095 ], [ -77.246900189235916, 43.064922514897042 ] ] ] } },
{ "type": "Feature", "properties": { "GEOID": "36043011503", "tract_name": "Census Tract 115.03; Herkimer County; New York", "median_age": 39.9, "median_income": 95066.0, "population_density": 53.005772874876243, "county": "Herkimer" }, "geometry": { "type": "Polygon", "coordinates": [ [ [ -75.162432287942977, 43.261280994816211 ], [ -75.158661286873951, 43.264194996917858 ], [ -75.158509286389972, 43.273052992802796 ], [ -75.153660284974592, 43.27914999401726 ], [ -75.152098284276065, 43.286784991483167 ], [ -75.147854283205504, 43.289961993310186 ], [ -75.145647282385156, 43.298617990481446 ], [ -75.147995282611816, 43.305157985239475 ], [ -75.141064281207022, 43.304664990690455 ], [ -75.125044277861747, 43.307161001150064 ], [ -75.120295276944901, 43.30416400657051 ], [ -75.119206276622961, 43.310507003315159 ], [ -75.107557274282897, 43.311653010971483 ], [ -75.105156273789788, 43.316752009131477 ], [ -75.010690252823807, 43.285329109431878 ], [ -75.00001822690146, 43.230136156660173 ], [ -75.062565240839348, 43.22303209337278 ], [ -75.073494249003218, 43.228656083314554 ], [ -75.073529250928644, 43.231071083664816 ], [ -75.069959251319432, 43.232951087506422 ], [ -75.07149225301238, 43.234479086225988 ], [ -75.074489254033011, 43.234621083280203 ], [ -75.083933253787976, 43.230537073231851 ], [ -75.094075257357787, 43.231045063236458 ], [ -75.113685268863975, 43.239071045356404 ], [ -75.122684272723745, 43.24104703690125 ], [ -75.123923276533048, 43.246499036836404 ], [ -75.136398281154001, 43.248699025129078 ], [ -75.141946283243229, 43.252699018533818 ], [ -75.142925283401993, 43.255105016280702 ], [ -75.147996284820977, 43.251411013380114 ], [ -75.148243283459863, 43.247344013249915 ], [ -75.150974283934588, 43.24690201047526 ], [ -75.152785285719617, 43.258327005256668 ], [ -75.154246286065515, 43.258648003723323 ], [ -75.157098286914646, 43.255693002482232 ], [ -75.160350287719751, 43.255803999337168 ], [ -75.162432287942977, 43.261280994816211 ] ] ] } },
{ "type": "Feature", "properties": { "GEOID": "36043011504", "tract_name": "Census Tract 115.04; Herkimer County; New York", "median_age": 56.0, "median_income": 68750.0, "population_density": 8.2238378978365265, "county": "Herkimer" }, "geometry": { "type": "Polygon", "coordinates": [ [ [ -75.104870273733255, 43.317079009102194 ], [ -75.099618272729032, 43.325286006835583 ], [ -75.092922271458264, 43.323146012889538 ], [ -75.091750271286656, 43.328612009549794 ], [ -75.076581268539741, 43.330704017707248 ], [ -75.078458269214678, 43.346529003682704 ], [ -75.067551267491524, 43.350154006873758 ], [ -75.042211263519008, 43.354047017374882 ], [ -75.029016261235938, 43.351713026942456 ], [ -75.01505725920866, 43.355011031161901 ], [ -75.002128257139219, 43.355094038073432 ], [ -74.994810251028042, 43.359505036022014 ], [ -74.978839232889428, 43.362936037802697 ], [ -74.971351225423163, 43.367035036031368 ], [ -74.957088209950385, 43.368714039418556 ], [ -74.953309205021299, 43.367130042443506 ], [ -74.946150197141051, 43.367591044555134 ], [ -74.939771191969015, 43.371357043045691 ], [ -74.938172192948969, 43.376332038607828 ], [ -74.933025188313337, 43.377759039132314 ], [ -74.921816175737561, 43.376616044533961 ], [ -74.912692166796035, 43.377625047030996 ], [ -74.904978157487733, 43.37615205136872 ], [ -74.895599153665032, 43.383264048334439 ], [ -74.875995138456503, 43.387843051975807 ], [ -74.861008132173907, 43.395295051609999 ], [ -74.834896104392499, 43.392504064745744 ], [ -74.867712078745384, 43.339825097135531 ], [ -74.712614848075731, 43.286142125800687 ], [ -74.69621274402553, 43.179904164520593 ], [ -74.699597739832072, 43.179634169028631 ], [ -74.825836871003986, 43.221591192267013 ], [ -74.82551186775973, 43.218890193429289 ], [ -74.829687875760783, 43.218559192657558 ], [ -74.830396881600265, 43.223156190703783 ], [ -74.866243964844344, 43.235221179876099 ], [ -74.8801229986355, 43.241400175953864 ], [ -75.104870273733255, 43.317079009102194 ] ] ] } },
{ "type": "Feature", "properties": { "GEOID": "36117020302", "tract_name": "Census Tract 203.02; Wayne County; New York", "median_age": 44.1, "median_income": 101091.0, "population_density": 247.67069258832481, "county": "Wayne" }, "geometry": { "type": "Polygon", "coordinates": [ [ [ -77.320964064261688, 43.123439399093492 ], [ -77.247270256539267, 43.123699314920728 ], [ -77.246805154502553, 43.034660617538293 ], [ -77.314523053193724, 43.034699645794419 ], [ -77.311912058740987, 43.038846632547241 ], [ -77.310891062514955, 43.044653615166908 ], [ -77.313775060708252, 43.053973589976593 ], [ -77.319743051266258, 43.059288578814126 ], [ -77.320964064261688, 43.123439399093492 ] ] ] } },
{ "type": "Feature", "properties": { "GEOID": "36093033200", "tract_name": "Census Tract 332; Schenectady County; New York", "median_age": 35.5, "median_income": 58750.0, "population_density": 6222.4205686971573, "county": "Schenectady" }, "geometry": { "type": "Polygon", "coordinates": [ [ [ -73.973681164998126, 42.794359884283232 ], [ -73.954155144487927, 42.803180886761417 ], [ -73.957681150067714, 42.798622886229587 ], [ -73.956841151653862, 42.795267886229723 ], [ -73.939918143168157, 42.788171887958448 ], [ -73.967864163599032, 42.790041884823147 ], [ -73.973681164998126, 42.794359884283232 ] ] ] } },
{ "type": "Feature", "properties": { "GEOID": "36093033300", "tract_name": "Census Tract 333; Schenectady County; New York", "median_age": 41.1, "median_income": 68571.0, "population_density": 4044.331196756375, "county": "Schenectady" }, "geometry": { "type": "Polygon", "coordinates": [ [ [ -73.97104616839988, 42.786719884365013 ], [ -73.968250163744145, 42.790260884785376 ], [ -73.940066143341667, 42.788074887938805 ], [ -73.955877161143349, 42.779681885895499 ], [ -73.97104616839988, 42.786719884365013 ] ] ] } },
{ "type": "Feature", "properties": { "GEOID": "36093033400", "tract_name": "Census Tract 334; Schenectady County; New York", "median_age": 21.7, "median_income": 63393.0, "population_density": 6669.6437542136173, "county": "Schenectady" }, "geometry": { "type": "Polygon", "coordinates": [ [ [ -73.934555123055702, 42.815468889343101 ], [ -73.931064117695698, 42.820648889887067 ], [ -73.919123110138074, 42.819843891223471 ], [ -73.914509105637066, 42.822557891824999 ], [ -73.911844104535618, 42.821250892091548 ], [ -73.915890110598468, 42.814797891449466 ], [ -73.92147311647345, 42.811036890707712 ], [ -73.934555123055702, 42.815468889343101 ] ] ] } },
{ "type": "Feature", "properties": { "GEOID": "36093021600", "tract_name": "Census Tract 216; Schenectady County; New York", "median_age": 45.4, "median_income": 60331.0, "population_density": 7184.8387174572981, "county": "Schenectady" }, "geometry": { "type": "Polygon", "coordinates": [ [ [ -73.945771143212369, 42.795422887496571 ], [ -73.931047130809787, 42.797712889240458 ], [ -73.92803412967281, 42.795738889528245 ], [ -73.925129130476108, 42.790328889706828 ], [ -73.940066143341667, 42.788074887938805 ], [ -73.943859145385673, 42.789548887547852 ], [ -73.943338143964581, 42.791208887654413 ], [ -73.945771143212369, 42.795422887496571 ] ] ] } },
{ "type": "Feature", "properties": { "GEOID": "36093021700", "tract_name": "Census Tract 217; Schenectady County; New York", "median_age": 37.7, "median_income": 44844.0, "population_density": 8318.1935840806891, "county": "Schenectady" }, "geometry": { "type": "Polygon", "coordinates": [ [ [ -73.930646130340051, 42.798011889294628 ], [ -73.927333126189652, 42.801018889757302 ], [ -73.909721121027587, 42.785492891328836 ], [ -73.91955313007935, 42.783023890137159 ], [ -73.920111129627344, 42.784695890120581 ], [ -73.922027131326075, 42.7843518898922 ], [ -73.923880131112014, 42.78741388976708 ], [ -73.922690129250213, 42.789128889951236 ], [ -73.925129130476108, 42.790328889706828 ], [ -73.930646130340051, 42.798011889294628 ] ] ] } },
{ "type": "Feature", "properties": { "GEOID": "36093032000", "tract_name": "Census Tract 320; Schenectady County; New York", "median_age": 42.5, "median_income": 117646.0, "population_density": 2766.5740130085792, "county": "Schenectady" }, "geometry": { "type": "Polygon", "coordinates": [ [ [ -73.918344099408827, 42.839111891854792 ], [ -73.914780096326695, 42.84088689230979 ], [ -73.917178096290911, 42.843695892116372 ], [ -73.907663089091074, 42.846876893286662 ], [ -73.903455085206716, 42.849877893848756 ], [ -73.895938080371479, 42.851074894735824 ], [ -73.887982076244285, 42.850180895614251 ], [ -73.890626079351406, 42.846516895211742 ], [ -73.892189083416568, 42.839378894834823 ], [ -73.8932641020549, 42.79901789358496 ], [ -73.900064105289388, 42.802873892917667 ], [ -73.904157098724909, 42.822671893006252 ], [ -73.902237096741686, 42.824168893266688 ], [ -73.904734097766465, 42.825440893018239 ], [ -73.905398096633959, 42.82866089303301 ], [ -73.918344099408827, 42.839111891854792 ] ] ] } },
{ "type": "Feature", "properties": { "GEOID": "36093032101", "tract_name": "Census Tract 321.01; Schenectady County; New York", "median_age": 42.7, "median_income": 170429.0, "population_density": 1030.8565650956173, "county": "Schenectady" }, "geometry": { "type": "Polygon", "coordinates": [ [ [ -73.8932641020549, 42.79901789358496 ], [ -73.892189083416568, 42.839378894834823 ], [ -73.890626079351406, 42.846516895211742 ], [ -73.887982076244285, 42.850180895614251 ], [ -73.881769072421378, 42.850874896339093 ], [ -73.879663072146755, 42.848573896514203 ], [ -73.875864075500843, 42.834272896548285 ], [ -73.866769071937767, 42.828375897418972 ], [ -73.846269065549933, 42.804806899102125 ], [ -73.847865067436715, 42.802303898851314 ], [ -73.845204066177047, 42.799901899088532 ], [ -73.844502067182006, 42.794504899020104 ], [ -73.84738206989698, 42.792666898641045 ], [ -73.853188073151614, 42.796433898082697 ], [ -73.869767085826382, 42.795775896173915 ], [ -73.87965709249066, 42.797711895099937 ], [ -73.88818609972958, 42.795660894070245 ], [ -73.8932641020549, 42.79901789358496 ] ] ] } },
{ "type": "Feature", "properties": { "GEOID": "36093032102", "tract_name": "Census Tract 321.02; Schenectady County; New York", "median_age": 43.3, "median_income": 162946.0, "population_density": 758.83140006639599, "county": "Schenectady" }, "geometry": { "type": "Polygon", "coordinates": [ [ [ -73.88818609972958, 42.795660894070245 ], [ -73.881916094161284, 42.797745894843317 ], [ -73.869767085826382, 42.795775896173915 ], [ -73.8534830733647, 42.796459898049768 ], [ -73.84738206989698, 42.792666898641045 ], [ -73.844471067115379, 42.794657899027861 ], [ -73.845204066177047, 42.799901899088532 ], [ -73.847865067436715, 42.802303898851314 ], [ -73.846269065549933, 42.804806899102125 ], [ -73.8415690640457, 42.797873899447197 ], [ -73.829064056502403, 42.790175900662312 ], [ -73.827667056870951, 42.783774900646584 ], [ -73.822166053237595, 42.780276901178972 ], [ -73.80936904317943, 42.778867902601753 ], [ -73.809603044005556, 42.775014902470247 ], [ -73.825127057164678, 42.773161900646407 ], [ -73.862180083883985, 42.784752896734169 ], [ -73.875838091467713, 42.792999895404449 ], [ -73.88818609972958, 42.795660894070245 ] ] ] } },
{ "type": "Feature", "properties": { "GEOID": "36093032200", "tract_name": "Census Tract 322; Schenectady County; New York", "median_age": 37.7, "median_income": 87083.0, "population_density": 3226.6443262603793, "county": "Schenectady" }, "geometry": { "type": "Polygon", "coordinates": [ [ [ -73.973691132916784, 42.839228885567842 ], [ -73.964665128797648, 42.837249886537101 ], [ -73.962514125855591, 42.839644886849996 ], [ -73.969860127529572, 42.843590886128077 ], [ -73.967152123568198, 42.846992886533037 ], [ -73.965384123256655, 42.845952886704119 ], [ -73.961724119034614, 42.84904088720802 ], [ -73.959818115148153, 42.853217887543657 ], [ -73.958358114402742, 42.853109887706324 ], [ -73.959070117765279, 42.848660887498575 ], [ -73.956725116602712, 42.848378887756859 ], [ -73.957243119678523, 42.844170887578066 ], [ -73.959587120225862, 42.845421887347456 ], [ -73.961546124444268, 42.840868886994954 ], [ -73.948666121461031, 42.833331888244295 ], [ -73.941882123528615, 42.822952888721176 ], [ -73.948823130055644, 42.819884887844076 ], [ -73.956621134626346, 42.820894886985279 ], [ -73.959773134576466, 42.824118886718516 ], [ -73.966705136913518, 42.827325886021455 ], [ -73.973691132916784, 42.839228885567842 ] ] ] } },
{ "type": "Feature", "properties": { "GEOID": "36029009008", "tract_name": "Census Tract 90.08; Erie County; New York", "median_age": 62.2, "median_income": 70000.0, "population_density": 3171.1158768063792, "county": "Erie" }, "geometry": { "type": "Polygon", "coordinates": [ [ [ -78.739505577063341, 42.991136322085616 ], [ -78.739461566844881, 43.002158321407279 ], [ -78.724860583457826, 43.000122305388373 ], [ -78.696920614529418, 43.000009274354653 ], [ -78.696950626401133, 42.989287276914304 ], [ -78.739505577063341, 42.991136322085616 ] ] ] } },
{ "type": "Feature", "properties": { "GEOID": "36029009501", "tract_name": "Census Tract 95.01; Erie County; New York", "median_age": 43.9, "median_income": 119097.0, "population_density": 4072.0644062254464, "county": "Erie" }, "geometry": { "type": "Polygon", "coordinates": [ [ [ -78.811411685441314, 42.949476339579945 ], [ -78.810356680910218, 42.95215533914709 ], [ -78.80875767887234, 42.95225833898089 ], [ -78.80865967584549, 42.954652338688732 ], [ -78.803881670269703, 42.954554338263144 ], [ -78.803875668024972, 42.956408338061493 ], [ -78.807683672389743, 42.956541338380255 ], [ -78.808942667960849, 42.961414337912124 ], [ -78.800984654874966, 42.964491336978078 ], [ -78.783999636200562, 42.96340733583807 ], [ -78.784082652992581, 42.949159336821857 ], [ -78.811411685441314, 42.949476339579945 ] ] ] } },
{ "type": "Feature", "properties": { "GEOID": "36093032300", "tract_name": "Census Tract 323; Schenectady County; New York", "median_age": 36.9, "median_income": 51518.0, "population_density": 7051.2766175583802, "county": "Schenectady" }, "geometry": { "type": "Polygon", "coordinates": [ [ [ -73.978768139284398, 42.83473788486193 ], [ -73.975910137298342, 42.835027885195181 ], [ -73.973642137184953, 42.833217885401154 ], [ -73.97126013435593, 42.835107885726124 ], [ -73.966705136913518, 42.827325886021455 ], [ -73.957478134665493, 42.821701886910745 ], [ -73.967797140230019, 42.82357188578986 ], [ -73.973490144951995, 42.822213885103139 ], [ -73.972074140447333, 42.827236885408148 ], [ -73.976053142033621, 42.82860188499464 ], [ -73.97530514067131, 42.829825885114822 ], [ -73.977468141471334, 42.830622884891675 ], [ -73.975653138534682, 42.833093885168942 ], [ -73.978768139284398, 42.83473788486193 ] ] ] } },
{ "type": "Feature", "properties": { "GEOID": "36093032402", "tract_name": "Census Tract 324.02; Schenectady County; New York", "median_age": 42.9, "median_income": 71125.0, "population_density": 748.77603776259411, "county": "Schenectady" }, "geometry": { "type": "Polygon", "coordinates": [ [ [ -73.953550122083968, 42.837092887796054 ], [ -73.944924111480603, 42.845673889020276 ], [ -73.941872105686926, 42.852260889553861 ], [ -73.933316095528156, 42.861474890785992 ], [ -73.932666090791912, 42.869074891074746 ], [ -73.898029074331504, 42.866726894936384 ], [ -73.895938080371479, 42.851074894735824 ], [ -73.903455085206716, 42.849877893848756 ], [ -73.907663089091074, 42.846876893286662 ], [ -73.917178096290911, 42.843695892116372 ], [ -73.931369113355942, 42.82857389007647 ], [ -73.940165121957705, 42.823675888937068 ], [ -73.943053123990367, 42.823462888602393 ], [ -73.947384121522774, 42.831952888350862 ], [ -73.953550122083968, 42.837092887796054 ] ] ] } },
{ "type": "Feature", "properties": { "GEOID": "36093032404", "tract_name": "Census Tract 324.04; Schenectady County; New York", "median_age": 46.9, "median_income": 90595.0, "population_density": 773.09448667564925, "county": "Schenectady" }, "geometry": { "type": "Polygon", "coordinates": [ [ [ -74.016451114395636, 42.862441883338832 ], [ -74.010803114196094, 42.870088883532731 ], [ -73.997910114167794, 42.88121988402763 ], [ -73.998340113127568, 42.882774884023824 ], [ -73.978936103223432, 42.884093886259457 ], [ -73.979413104448554, 42.882721886166053 ], [ -73.969585100727258, 42.881570887246269 ], [ -73.966861100759601, 42.879695887501221 ], [ -73.962795097376201, 42.881859888023669 ], [ -73.957419095739027, 42.8805648885957 ], [ -73.956127094208938, 42.881974888782239 ], [ -73.94919109352152, 42.877984889454417 ], [ -73.948564098303805, 42.869931889296502 ], [ -73.932666090791912, 42.869074891074746 ], [ -73.933316095528156, 42.861474890785992 ], [ -73.941872105686926, 42.852260889553861 ], [ -73.944924111480603, 42.845673889020276 ], [ -73.953961122589334, 42.836702887738234 ], [ -73.961546124444268, 42.840868886994954 ], [ -73.959587120225862, 42.845421887347456 ], [ -73.957243119678523, 42.844170887578066 ], [ -73.956725116602712, 42.848378887756859 ], [ -73.959070117765279, 42.848660887498575 ], [ -73.958358114402742, 42.853109887706324 ], [ -73.959818115148153, 42.853217887543657 ], [ -73.961724119034614, 42.84904088720802 ], [ -73.965384123256655, 42.845952886704119 ], [ -73.967152123568198, 42.846992886533037 ], [ -73.969860127529572, 42.843590886128077 ], [ -73.962514125855591, 42.839644886849996 ], [ -73.964665128797648, 42.837249886537101 ], [ -73.973691132916784, 42.839228885567842 ], [ -73.978304129596438, 42.847602885283862 ], [ -74.01003512494124, 42.856546883130356 ], [ -74.016451114395636, 42.862441883338832 ] ] ] } },
{ "type": "Feature", "properties": { "GEOID": "36093032503", "tract_name": "Census Tract 325.03; Schenectady County; New York", "median_age": 41.2, "median_income": 115840.0, "population_density": 1098.8391802293459, "county": "Schenectady" }, "geometry": { "type": "Polygon", "coordinates": [ [ [ -73.959256084157019, 42.899223888919877 ], [ -73.954315083319386, 42.897430889427724 ], [ -73.918456061708753, 42.910362893848813 ], [ -73.904386056142897, 42.91116189546139 ], [ -73.903272059027302, 42.904292895394747 ], [ -73.90702306260205, 42.899986894849768 ], [ -73.918331069928456, 42.89475689342342 ], [ -73.92278807433749, 42.890101892787797 ], [ -73.930023084375222, 42.878001891626766 ], [ -73.930207086976452, 42.873587891481144 ], [ -73.932666090791912, 42.869074891074746 ], [ -73.948564098303805, 42.869931889296502 ], [ -73.94919109352152, 42.877984889454417 ], [ -73.947121090410349, 42.881377889785398 ], [ -73.950963089041949, 42.886316889490722 ], [ -73.954553089748657, 42.887705889123772 ], [ -73.954472087650387, 42.89087488922322 ], [ -73.959256084157019, 42.899223888919877 ] ] ] } },
{ "type": "Feature", "properties": { "GEOID": "36093032601", "tract_name": "Census Tract 326.01; Schenectady County; New York", "median_age": 39.4, "median_income": 96094.0, "population_density": 1048.3319332660972, "county": "Schenectady" }, "geometry": { "type": "Polygon", "coordinates": [ [ [ -74.033989145226712, 42.782140880981956 ], [ -74.016279164075343, 42.79202188124745 ], [ -74.016773160382471, 42.796311881375914 ], [ -73.996942183728905, 42.792941881589385 ], [ -73.993923185824286, 42.787328881771892 ], [ -74.0002621903446, 42.787140881073469 ], [ -74.000123192354195, 42.784883881008007 ], [ -74.003295191553903, 42.780073880873672 ], [ -74.002971196577747, 42.774280880705007 ], [ -74.004773195186914, 42.772573880657433 ], [ -74.001236207323572, 42.764057880406995 ], [ -74.005583202486463, 42.76148488033494 ], [ -74.033989145226712, 42.782140880981956 ] ] ] } },
{ "type": "Feature", "properties": { "GEOID": "36093032700", "tract_name": "Census Tract 327; Schenectady County; New York", "median_age": 35.9, "median_income": 74932.0, "population_density": 4685.9554358875912, "county": "Schenectady" }, "geometry": { "type": "Polygon", "coordinates": [ [ [ -73.999058181919793, 42.797216881471492 ], [ -73.995565179779319, 42.796620881852583 ], [ -73.983245166763197, 42.80168588340301 ], [ -73.968250163744145, 42.790260884785376 ], [ -73.97104616839988, 42.786719884365013 ], [ -73.980211173123095, 42.790041883414496 ], [ -73.993923185824286, 42.787328881771892 ], [ -73.999058181919793, 42.797216881471492 ] ] ] } },
{ "type": "Feature", "properties": { "GEOID": "36053030502", "tract_name": "Census Tract 305.02; Madison County; New York", "median_age": 54.5, "median_income": 113160.0, "population_density": 72.872619015125778, "county": "Madison" }, "geometry": { "type": "Polygon", "coordinates": [ [ [ -75.911547449156288, 43.006780624063452 ], [ -75.845114473422839, 43.006849631796435 ], [ -75.848627470736957, 43.004062630017003 ], [ -75.844519467804318, 42.996503627961111 ], [ -75.844215464180678, 42.991470627355923 ], [ -75.846554457612058, 42.983913626200085 ], [ -75.837291454056412, 42.974252625773389 ], [ -75.838442450614096, 42.970269625167191 ], [ -75.836471450940323, 42.969692625256421 ], [ -75.833567448577057, 42.965090624900384 ], [ -75.83488044535008, 42.961479624327794 ], [ -75.832269443560165, 42.957822624060753 ], [ -75.835058442310114, 42.957542623805622 ], [ -75.83589944031678, 42.955314623452864 ], [ -75.838599437963552, 42.953510623012711 ], [ -75.822511443938268, 42.953588624262053 ], [ -75.822108426865526, 42.931206621303517 ], [ -75.817650428422795, 42.931242621616789 ], [ -75.81064735100405, 42.829174608057293 ], [ -75.898640328221063, 42.825537604734244 ], [ -75.911547449156288, 43.006780624063452 ] ], [ [ -75.868340397450652, 42.912340615891516 ], [ -75.864755396608544, 42.909575615787851 ], [ -75.858332399877156, 42.911245616385237 ], [ -75.847596403350764, 42.911281617057185 ], [ -75.847504408882372, 42.918702617987961 ], [ -75.839947403251742, 42.907873617098964 ], [ -75.835421417453659, 42.924787619555147 ], [ -75.840506432206567, 42.946761622007976 ], [ -75.839029435110973, 42.949921622521529 ], [ -75.840373436185928, 42.952008622685099 ], [ -75.838547438420676, 42.954093623091218 ], [ -75.836354440087561, 42.955233623407118 ], [ -75.834552444171479, 42.959756624131359 ], [ -75.83782244213225, 42.958673623733681 ], [ -75.841982436283246, 42.952926622678241 ], [ -75.843364431033848, 42.946569621770436 ], [ -75.849103423197775, 42.938768620374404 ], [ -75.855833421343959, 42.939466619975924 ], [ -75.855832427901504, 42.948421621066096 ], [ -75.862441425515314, 42.948430620570015 ], [ -75.864028428124271, 42.95283262097383 ], [ -75.86452242758314, 42.95233462087679 ], [ -75.861635422172824, 42.943423620031346 ], [ -75.863357420443279, 42.941882619721319 ], [ -75.861418417818925, 42.937320619316353 ], [ -75.861929413135442, 42.931111618537372 ], [ -75.859367411723454, 42.927966618335589 ], [ -75.861837405986236, 42.921215617359955 ], [ -75.868340397450652, 42.912340615891516 ] ] ] } },
{ "type": "Feature", "properties": { "GEOID": "36053030102", "tract_name": "Census Tract 301.02; Madison County; New York", "median_age": 40.1, "median_income": 41975.0, "population_density": 2149.0457469984335, "county": "Madison" }, "geometry": { "type": "Polygon", "coordinates": [ [ [ -75.691250463233885, 43.097769753734383 ], [ -75.680176460067102, 43.106914765824122 ], [ -75.664738456116169, 43.11033577664719 ], [ -75.652836450504893, 43.096690776981582 ], [ -75.64210544286874, 43.078911775867851 ], [ -75.662453451214773, 43.078052761485694 ], [ -75.663379452890126, 43.088060765987969 ], [ -75.660908452087639, 43.088899768024824 ], [ -75.661258452736917, 43.092653769697058 ], [ -75.665028453845764, 43.090889766380691 ], [ -75.680412459315605, 43.089788755858663 ], [ -75.675579457700664, 43.091842760128081 ], [ -75.691250463233885, 43.097769753734383 ] ] ] } },
{ "type": "Feature", "properties": { "GEOID": "36053030101", "tract_name": "Census Tract 301.01; Madison County; New York", "median_age": 51.8, "median_income": 54563.0, "population_density": 1844.3839044518702, "county": "Madison" }, "geometry": { "type": "Polygon", "coordinates": [ [ [ -75.664738456116169, 43.11033577664719 ], [ -75.652836453558479, 43.113792785126506 ], [ -75.655782453609092, 43.109618781439856 ], [ -75.651178451585139, 43.105433782126099 ], [ -75.646570450426452, 43.106286785238787 ], [ -75.645040449102495, 43.102173784293676 ], [ -75.645969449132295, 43.100970783189794 ], [ -75.639343446167047, 43.097245785617055 ], [ -75.641617446387102, 43.094968783212202 ], [ -75.641810445361486, 43.090241781024034 ], [ -75.640333444398138, 43.08843978119846 ], [ -75.641338444565719, 43.087560780160771 ], [ -75.639732443858904, 43.087124781024734 ], [ -75.640426443559448, 43.084761779547676 ], [ -75.638821442522087, 43.083069779892377 ], [ -75.640203442576066, 43.081000778072763 ], [ -75.641752443414148, 43.081906777418695 ], [ -75.640203442071964, 43.078886777160442 ], [ -75.64210544286874, 43.078911775867851 ], [ -75.652836450504893, 43.096690776981582 ], [ -75.660312454014246, 43.103897775951737 ], [ -75.664738456116169, 43.11033577664719 ] ] ] } },
{ "type": "Feature", "properties": { "GEOID": "36053030200", "tract_name": "Census Tract 302; Madison County; New York", "median_age": 50.6, "median_income": 66676.0, "population_density": 111.65226786175482, "county": "Madison" }, "geometry": { "type": "Polygon", "coordinates": [ [ [ -75.812732518936343, 43.161353730027898 ], [ -75.798103505992387, 43.158983737676095 ], [ -75.795670504093863, 43.161031740557526 ], [ -75.793416502079097, 43.160045741308352 ], [ -75.78641049612385, 43.166760750383411 ], [ -75.778513488855083, 43.168050756434013 ], [ -75.777021487329947, 43.170298759048229 ], [ -75.778099488207843, 43.172625760028076 ], [ -75.776282486414047, 43.173350761771573 ], [ -75.775345485664033, 43.171434760989342 ], [ -75.768787479645823, 43.169893764171633 ], [ -75.761563473656622, 43.165808765733374 ], [ -75.757744471182932, 43.161370764670032 ], [ -75.753650467864702, 43.160432766490686 ], [ -75.752671467465589, 43.15873176572449 ], [ -75.750550465448654, 43.159521767688062 ], [ -75.749922465422358, 43.157939766765473 ], [ -75.744976464882313, 43.159244769818891 ], [ -75.738396463399084, 43.164764776757714 ], [ -75.732151463779402, 43.162566777476862 ], [ -75.731389464142509, 43.160619776305168 ], [ -75.727166463771326, 43.162066779047976 ], [ -75.72809346406315, 43.160541777553135 ], [ -75.725472464554898, 43.157124776086874 ], [ -75.723345463952882, 43.160375779315153 ], [ -75.72439046360617, 43.162723780612851 ], [ -75.719899463757102, 43.161051781165781 ], [ -75.718878464071196, 43.158519779771289 ], [ -75.722333464658107, 43.155508776202431 ], [ -75.717498464855851, 43.151981775718909 ], [ -75.714434464540517, 43.152889777656817 ], [ -75.716282464899948, 43.150932775502802 ], [ -75.713807464883971, 43.14941577551852 ], [ -75.709363464344136, 43.151403778799747 ], [ -75.702184468790563, 43.061922723640549 ], [ -75.803806496062663, 43.058499669706769 ], [ -75.812732518936343, 43.161353730027898 ] ], [ [ -75.787628495704524, 43.081624690432811 ], [ -75.785144495136208, 43.076906688021175 ], [ -75.783949495055907, 43.06352767897743 ], [ -75.763257493219484, 43.063623685353292 ], [ -75.726300479424452, 43.069788711455764 ], [ -75.727030479479168, 43.071406712127242 ], [ -75.721250476245601, 43.07568871931727 ], [ -75.722215476321239, 43.077950720277478 ], [ -75.727614478206277, 43.080133718176526 ], [ -75.734761479012093, 43.090251721061094 ], [ -75.741486481186058, 43.09132871757317 ], [ -75.74470448157453, 43.094284717877869 ], [ -75.745102481017952, 43.096960719774735 ], [ -75.751323483492328, 43.095532715016425 ], [ -75.761062486551936, 43.096993712158657 ], [ -75.769454489624778, 43.096250708108158 ], [ -75.771571490199491, 43.09774070834812 ], [ -75.774189491483483, 43.093939704441922 ], [ -75.778184492866302, 43.092854702033371 ], [ -75.773720491981706, 43.086914699425627 ], [ -75.781140493984182, 43.087931697317757 ], [ -75.786784495552268, 43.085525693462387 ], [ -75.787628495704524, 43.081624690432811 ] ] ] } },
{ "type": "Feature", "properties": { "GEOID": "36053030103", "tract_name": "Census Tract 301.03; Madison County; New York", "median_age": 50.2, "median_income": 84348.0, "population_density": 170.73784300629828, "county": "Madison" }, "geometry": { "type": "Polygon", "coordinates": [ [ [ -75.709363464344136, 43.151403778799747 ], [ -75.706542464172145, 43.150994779736919 ], [ -75.708843464711364, 43.146754775887473 ], [ -75.706420464640715, 43.144673775580742 ], [ -75.706497464944135, 43.140782772954104 ], [ -75.707752465148559, 43.1401617719524 ], [ -75.706771465267863, 43.137024770319485 ], [ -75.701704464579905, 43.136603772476732 ], [ -75.698195463982486, 43.139297775880479 ], [ -75.694603463511228, 43.139625777779266 ], [ -75.696453463824383, 43.136917775201326 ], [ -75.693649463455927, 43.135178775468106 ], [ -75.693621463477086, 43.133473774423685 ], [ -75.68738246250112, 43.133728777647384 ], [ -75.6865484622911, 43.129442775504756 ], [ -75.678279460720375, 43.127470778576331 ], [ -75.685329461963391, 43.124823773391391 ], [ -75.684670461795818, 43.123480772945086 ], [ -75.680476460938479, 43.123480775157809 ], [ -75.681249460988724, 43.121020773331118 ], [ -75.674551459640895, 43.122337777651616 ], [ -75.672326459080224, 43.121248778240783 ], [ -75.673718459132729, 43.118145775788328 ], [ -75.669701457917782, 43.115181776395019 ], [ -75.661224455944136, 43.115850781454775 ], [ -75.659873455298367, 43.11364178109698 ], [ -75.652836453558479, 43.113792785126506 ], [ -75.680176460067102, 43.106914765824122 ], [ -75.691250463233885, 43.097769753734383 ], [ -75.690857463106468, 43.097292753686141 ], [ -75.675579457700664, 43.091842760128081 ], [ -75.680412459315605, 43.089788755858663 ], [ -75.665028453845764, 43.090889766380691 ], [ -75.661258452736917, 43.092653769697058 ], [ -75.660908452087639, 43.088899768024824 ], [ -75.663379452890126, 43.088060765987969 ], [ -75.662453451214773, 43.078052761485694 ], [ -75.640203442071964, 43.078886777160442 ], [ -75.635709439652743, 43.076768779360066 ], [ -75.635975439257038, 43.074799778355469 ], [ -75.631067437698334, 43.076849782608605 ], [ -75.628327435735841, 43.074147783453668 ], [ -75.622268432994986, 43.073885787611381 ], [ -75.621881432181979, 43.071909787158773 ], [ -75.619091430983829, 43.072070789197241 ], [ -75.618230430275474, 43.071129789475144 ], [ -75.619599430267229, 43.069261787829326 ], [ -75.616540428902368, 43.069395790076605 ], [ -75.617790428822801, 43.067493788507932 ], [ -75.614862426818888, 43.06574279003398 ], [ -75.602574420361265, 43.064348798611007 ], [ -75.59963041734099, 43.060651799715295 ], [ -75.604663418342781, 43.056900794794039 ], [ -75.603676416967318, 43.054806794914157 ], [ -75.607949418512987, 43.052968791038126 ], [ -75.598254409263504, 43.043764795965444 ], [ -75.598700406972554, 43.037904793935816 ], [ -75.596707404715687, 43.035564794940917 ], [ -75.655905441112779, 43.033217744153013 ], [ -75.702184468790563, 43.061922723640549 ], [ -75.709363464344136, 43.151403778799747 ] ] ] } },
{ "type": "Feature", "properties": { "GEOID": "36053030402", "tract_name": "Census Tract 304.02; Madison County; New York", "median_age": 42.8, "median_income": 74153.0, "population_density": 100.91985139579275, "county": "Madison" }, "geometry": { "type": "Polygon", "coordinates": [ [ [ -75.917219530331991, 43.085924644307305 ], [ -75.914883528037507, 43.084306644752758 ], [ -75.915275529521438, 43.085642644967756 ], [ -75.912184528089227, 43.085034645965571 ], [ -75.911876530284033, 43.087288646716686 ], [ -75.907100527553567, 43.085841648117579 ], [ -75.905386528581715, 43.087391649237006 ], [ -75.897359525655332, 43.086616652062467 ], [ -75.895251527234507, 43.089072653694195 ], [ -75.901015531442837, 43.091811652320267 ], [ -75.877488526467587, 43.095080662992281 ], [ -75.84603151604874, 43.095629676146572 ], [ -75.830214509942181, 43.093770681622722 ], [ -75.806864502272262, 43.093869691143631 ], [ -75.799677489999425, 43.007085637226616 ], [ -75.911547449156288, 43.006780624063452 ], [ -75.917219530331991, 43.085924644307305 ] ], [ [ -75.91148749644104, 43.053757637371724 ], [ -75.9062404937563, 43.051027637978571 ], [ -75.909051492864776, 43.050157636985965 ], [ -75.896607490842143, 43.047615639376957 ], [ -75.898819484485855, 43.040687636566943 ], [ -75.884063486602173, 43.041608640284927 ], [ -75.877142489016506, 43.044084642872043 ], [ -75.871355486679406, 43.040110642604894 ], [ -75.869248488288889, 43.042204643969463 ], [ -75.869081484433494, 43.036410641551122 ], [ -75.863744478861122, 43.026401638272667 ], [ -75.858442478144866, 43.023278637797908 ], [ -75.859506481330399, 43.02908464026352 ], [ -75.866303485533294, 43.037561642645471 ], [ -75.865900492953557, 43.049037647721995 ], [ -75.860037495173671, 43.052492650794257 ], [ -75.846840496078741, 43.054335655246945 ], [ -75.846866497042072, 43.056298656217344 ], [ -75.842020499687223, 43.062476660752665 ], [ -75.862189498548105, 43.057999652679655 ], [ -75.879937502907836, 43.062747649443367 ], [ -75.886019506232643, 43.066269648902413 ], [ -75.89217250502621, 43.064060646205228 ], [ -75.895458502198309, 43.060495643999332 ], [ -75.904862500404178, 43.057984640464028 ], [ -75.91148749644104, 43.053757637371724 ] ] ] } },
{ "type": "Feature", "properties": { "GEOID": "36053031000", "tract_name": "Census Tract 310; Madison County; New York", "median_age": 42.3, "median_income": 71301.0, "population_density": 66.704961707701045, "county": "Madison" }, "geometry": { "type": "Polygon", "coordinates": [ [ [ -75.566898342851431, 42.931590754567878 ], [ -75.444173289381965, 42.933087769255458 ], [ -75.435282274435451, 42.842636626333658 ], [ -75.428668258335321, 42.745419472516161 ], [ -75.552510280889905, 42.739400586256984 ], [ -75.556974296526107, 42.79719063996594 ], [ -75.52197128912897, 42.797659646794486 ], [ -75.52423529037533, 42.801312650145924 ], [ -75.521551290715109, 42.806038655595636 ], [ -75.520714291789616, 42.812485662509367 ], [ -75.529868295384475, 42.818019665894617 ], [ -75.531853298468633, 42.829102676474093 ], [ -75.535295299424732, 42.82871567504391 ], [ -75.535050300917078, 42.835286681617333 ], [ -75.55965530849501, 42.83415067252411 ], [ -75.566898342851431, 42.931590754567878 ] ] ] } },
{ "type": "Feature", "properties": { "GEOID": "36053031100", "tract_name": "Census Tract 311; Madison County; New York", "median_age": 42.0, "median_income": 69167.0, "population_density": 30.583541540057528, "county": "Madison" }, "geometry": { "type": "Polygon", "coordinates": [ [ [ -75.437167277820365, 42.863317659726995 ], [ -75.247963229384666, 42.871602492536255 ], [ -75.247291228089352, 42.869403488119495 ], [ -75.244716224311176, 42.868777491811557 ], [ -75.247518227660734, 42.864517474757562 ], [ -75.244573223426286, 42.864598481160797 ], [ -75.245303224101804, 42.862250473464641 ], [ -75.243893221954579, 42.861619474799035 ], [ -75.244243221802918, 42.857593463518612 ], [ -75.246894225332071, 42.855354451929209 ], [ -75.244877222126121, 42.85386145237387 ], [ -75.246263223992898, 42.852744446427245 ], [ -75.244660221274813, 42.850592444279471 ], [ -75.247698225647923, 42.849715435306621 ], [ -75.24574022237789, 42.847458433679222 ], [ -75.247813225098767, 42.845014422641341 ], [ -75.242031216110632, 42.843178430739854 ], [ -75.243102216949552, 42.838550416261775 ], [ -75.24073821319385, 42.837613419193552 ], [ -75.241655214465752, 42.836889415224533 ], [ -75.239541210778867, 42.834280413292753 ], [ -75.250303225429434, 42.824377363375739 ], [ -75.247751221607047, 42.822853364273946 ], [ -75.248416222439801, 42.821473359049165 ], [ -75.245896217794467, 42.817145353667897 ], [ -75.24204021176611, 42.817598364124883 ], [ -75.244074214552484, 42.814972352366169 ], [ -75.247786220407605, 42.814669342583251 ], [ -75.24913322210962, 42.811716331498779 ], [ -75.248429220226356, 42.806713319987367 ], [ -75.249805222413215, 42.806478315961115 ], [ -75.248730220553725, 42.80565931645382 ], [ -75.251194222332359, 42.801730304558909 ], [ -75.249697221332866, 42.800339299944646 ], [ -75.25158022220478, 42.800197301048762 ], [ -75.252136222091423, 42.798469297273684 ], [ -75.250277221437628, 42.797203291256892 ], [ -75.253254221948367, 42.795572291240219 ], [ -75.249914220470799, 42.792059277424919 ], [ -75.25211322101984, 42.791199278036999 ], [ -75.25176422040451, 42.787602268013188 ], [ -75.253063220705414, 42.787420269477479 ], [ -75.250990219818846, 42.784939259802229 ], [ -75.257609221164273, 42.782725264041794 ], [ -75.255652220407541, 42.780930256352029 ], [ -75.258999221240373, 42.780849261287038 ], [ -75.258707220610376, 42.777049250953588 ], [ -75.262827221436211, 42.775583253609049 ], [ -75.264106222080329, 42.777779261256768 ], [ -75.265843222078445, 42.774766256254971 ], [ -75.26761322264062, 42.775554261049628 ], [ -75.272840223560138, 42.772810262357169 ], [ -75.273931223155913, 42.768151252403939 ], [ -75.275692223453987, 42.767143252731771 ], [ -75.274002222763656, 42.765340245469915 ], [ -75.277342223664789, 42.765728251888376 ], [ -75.279721224008171, 42.763957251388206 ], [ -75.278205223048772, 42.760006239094388 ], [ -75.280172222716686, 42.754312228307271 ], [ -75.285063223439892, 42.750773227988603 ], [ -75.287750224351882, 42.752363236468646 ], [ -75.28907622446485, 42.750831235038774 ], [ -75.290880225018228, 42.75149423973852 ], [ -75.290475223834193, 42.748766236755728 ], [ -75.293067224004787, 42.748052241941181 ], [ -75.29587722202605, 42.744104250729713 ], [ -75.427988255949771, 42.738109468966314 ], [ -75.437167277820365, 42.863317659726995 ] ] ] } },
{ "type": "Feature", "properties": { "GEOID": "36053030401", "tract_name": "Census Tract 304.01; Madison County; New York", "median_age": 39.1, "median_income": 67667.0, "population_density": 1477.6640274085582, "county": "Madison" }, "geometry": { "type": "Polygon", "coordinates": [ [ [ -75.911497496544783, 43.053860637398174 ], [ -75.904862500404178, 43.057984640464028 ], [ -75.897713501355327, 43.059394642973189 ], [ -75.89217250502621, 43.064060646205228 ], [ -75.886019506232643, 43.066269648902413 ], [ -75.879937502907836, 43.062747649443367 ], [ -75.862189498548105, 43.057999652679655 ], [ -75.842020499687223, 43.062476660752665 ], [ -75.846866497042072, 43.056298656217344 ], [ -75.846840496078741, 43.054335655246945 ], [ -75.860037495173671, 43.052492650794257 ], [ -75.865900492953557, 43.049037647721995 ], [ -75.866303485533294, 43.037561642645471 ], [ -75.859506481330399, 43.02908464026352 ], [ -75.858442478144866, 43.023278637797908 ], [ -75.863744478861122, 43.026401638272667 ], [ -75.869081484433494, 43.036410641551122 ], [ -75.869248488288889, 43.042204643969463 ], [ -75.871355486679406, 43.040110642604894 ], [ -75.877142489016506, 43.044084642872043 ], [ -75.884063486602173, 43.041608640284927 ], [ -75.898819484485855, 43.040687636566943 ], [ -75.896607490842143, 43.047615639376957 ], [ -75.909051492864776, 43.050157636985965 ], [ -75.9062404937563, 43.051027637978571 ], [ -75.911497496544783, 43.053860637398174 ] ] ] } },
{ "type": "Feature", "properties": { "GEOID": "36053030300", "tract_name": "Census Tract 303; Madison County; New York", "median_age": 43.5, "median_income": 70597.0, "population_density": 951.79518350773219, "county": "Madison" }, "geometry": { "type": "Polygon", "coordinates": [ [ [ -75.787611495705974, 43.081927690649586 ], [ -75.786784495552268, 43.085525693462387 ], [ -75.781140493984182, 43.087931697317757 ], [ -75.773720491981706, 43.086914699425627 ], [ -75.778184492866302, 43.092854702033371 ], [ -75.774189491483483, 43.093939704441922 ], [ -75.771571490199491, 43.09774070834812 ], [ -75.769454489624778, 43.096250708108158 ], [ -75.761062486551936, 43.096993712158657 ], [ -75.751323483492328, 43.095532715016425 ], [ -75.745102481017952, 43.096960719774735 ], [ -75.74470448157453, 43.094284717877869 ], [ -75.741486481186058, 43.09132871757317 ], [ -75.734761479012093, 43.090251721061094 ], [ -75.727614478206277, 43.080133718176526 ], [ -75.722215476321239, 43.077950720277478 ], [ -75.721250476245601, 43.07568871931727 ], [ -75.727030479479168, 43.071406712127242 ], [ -75.726300479424452, 43.069788711455764 ], [ -75.763257493219484, 43.063623685353292 ], [ -75.783949495055907, 43.06352767897743 ], [ -75.785144495136208, 43.076906688021175 ], [ -75.787611495705974, 43.081927690649586 ] ] ] } },
{ "type": "Feature", "properties": { "GEOID": "36053030501", "tract_name": "Census Tract 305.01; Madison County; New York", "median_age": 23.5, "median_income": 90956.0, "population_density": 1057.8963134800183, "county": "Madison" }, "geometry": { "type": "Polygon", "coordinates": [ [ [ -75.868182397653186, 42.912551615926169 ], [ -75.861837405986236, 42.921215617359955 ], [ -75.859367411723454, 42.927966618335589 ], [ -75.861929413135442, 42.931111618537372 ], [ -75.861418417818925, 42.937320619316353 ], [ -75.863357420443279, 42.941882619721319 ], [ -75.861635422172824, 42.943423620031346 ], [ -75.86452242758314, 42.95233462087679 ], [ -75.862441425515314, 42.948430620570015 ], [ -75.855832427901504, 42.948421621066096 ], [ -75.855833421343959, 42.939466619975924 ], [ -75.849103423197775, 42.938768620374404 ], [ -75.843364431033848, 42.946569621770436 ], [ -75.841982436283246, 42.952926622678241 ], [ -75.83782244213225, 42.958673623733681 ], [ -75.834552444171479, 42.959756624131359 ], [ -75.836354440087561, 42.955233623407118 ], [ -75.840373436185928, 42.952008622685099 ], [ -75.839029435110973, 42.949921622521529 ], [ -75.840506432206567, 42.946761622007976 ], [ -75.835421417453659, 42.924787619555147 ], [ -75.839947403251742, 42.907873617098964 ], [ -75.847504408882372, 42.918702617987961 ], [ -75.847596403350764, 42.911281617057185 ], [ -75.858332399877156, 42.911245616385237 ], [ -75.864755396608544, 42.909575615787851 ], [ -75.868182397653186, 42.912551615926169 ] ] ] } },
{ "type": "Feature", "properties": { "GEOID": "36053030800", "tract_name": "Census Tract 308; Madison County; New York", "median_age": 45.2, "median_income": 61250.0, "population_density": 29.554271698943957, "county": "Madison" }, "geometry": { "type": "Polygon", "coordinates": [ [ [ -75.898640328221063, 42.825537604734244 ], [ -75.81049235114773, 42.829312608081459 ], [ -75.81021034734087, 42.824364607409301 ], [ -75.55965530849501, 42.83415067252411 ], [ -75.552510280889905, 42.739400586256984 ], [ -75.889832265026044, 42.723842584862496 ], [ -75.898640328221063, 42.825537604734244 ] ] ] } },
{ "type": "Feature", "properties": { "GEOID": "36053030900", "tract_name": "Census Tract 309; Madison County; New York", "median_age": 20.7, "median_income": 59330.0, "population_density": 947.48166249199164, "county": "Madison" }, "geometry": { "type": "Polygon", "coordinates": [ [ [ -75.55965530849501, 42.83415067252411 ], [ -75.535050300917078, 42.835286681617333 ], [ -75.535295299424732, 42.82871567504391 ], [ -75.531853298468633, 42.829102676474093 ], [ -75.529868295384475, 42.818019665894617 ], [ -75.520714291789616, 42.812485662509367 ], [ -75.521551290715109, 42.806038655595636 ], [ -75.52423529037533, 42.801312650145924 ], [ -75.52197128912897, 42.797659646794486 ], [ -75.556974296526107, 42.79719063996594 ], [ -75.55965530849501, 42.83415067252411 ] ] ] } },
{ "type": "Feature", "properties": { "GEOID": "36001013505", "tract_name": "Census Tract 135.05; Albany County; New York", "median_age": 40.0, "median_income": 90920.0, "population_density": 2505.0808543870412, "county": "Albany" }, "geometry": { "type": "Polygon", "coordinates": [ [ [ -73.762153005107891, 42.7368379203497 ], [ -73.76080900395101, 42.74781990955622 ], [ -73.730868979868035, 42.738273953533003 ], [ -73.737077984719818, 42.728776952439624 ], [ -73.745887991468805, 42.730241935992936 ], [ -73.762153005107891, 42.7368379203497 ] ] ] } },
{ "type": "Feature", "properties": { "GEOID": "36001013602", "tract_name": "Census Tract 136.02; Albany County; New York", "median_age": 36.1, "median_income": 73000.0, "population_density": 1362.8981369716967, "county": "Albany" }, "geometry": { "type": "Polygon", "coordinates": [ [ [ -73.751543996647271, 42.695195964762242 ], [ -73.741484988634937, 42.696887977337653 ], [ -73.743859990551286, 42.695374975002728 ], [ -73.741074988373171, 42.692899982052623 ], [ -73.734263982819868, 42.703776982234196 ], [ -73.731163980376934, 42.703176987935592 ], [ -73.729063056946714, 42.706077711238052 ], [ -73.723595057636317, 42.70398471209991 ], [ -73.723135054651181, 42.707143711849476 ], [ -73.725045053993057, 42.708310711510691 ], [ -73.72027105363712, 42.707578712147594 ], [ -73.702921056575462, 42.69929971521146 ], [ -73.723263085912322, 42.67287871515947 ], [ -73.745740992335698, 42.680975986677502 ], [ -73.744892991632113, 42.681931987058221 ], [ -73.746755993114292, 42.682983982992639 ], [ -73.743396990415548, 42.682424988953997 ], [ -73.742781989876249, 42.684886987434616 ], [ -73.743599990503228, 42.686617984353823 ], [ -73.750423995949262, 42.687418973083489 ], [ -73.750484995930933, 42.69033297006176 ], [ -73.74832999422037, 42.690409972825584 ], [ -73.748319994201509, 42.690903972333523 ], [ -73.750526995954672, 42.690716969654012 ], [ -73.751543996647271, 42.695195964762242 ] ] ] } },
{ "type": "Feature", "properties": { "GEOID": "36001013706", "tract_name": "Census Tract 137.06; Albany County; New York", "median_age": 39.8, "median_income": 166923.0, "population_density": 1982.7854739866116, "county": "Albany" }, "geometry": { "type": "Polygon", "coordinates": [ [ [ -73.776934016845473, 42.706287947294115 ], [ -73.754494998819197, 42.704895954075447 ], [ -73.751328996745386, 42.682086978302188 ], [ -73.760237003409728, 42.684930972706553 ], [ -73.763458005907694, 42.693472963251104 ], [ -73.773797014161161, 42.701214952936311 ], [ -73.776934016845473, 42.706287947294115 ] ] ] } },
{ "type": "Feature", "properties": { "GEOID": "36011041002", "tract_name": "Census Tract 410.02; Cayuga County; New York", "median_age": 35.0, "median_income": 84539.0, "population_density": 36.734750551303314, "county": "Cayuga" }, "geometry": { "type": "Polygon", "coordinates": [ [ [ -76.740208821801957, 42.783099047533206 ], [ -76.738312832608855, 42.794685049070601 ], [ -76.730449837374181, 42.806140052362352 ], [ -76.690345799375564, 42.807546063500979 ], [ -76.685366795872525, 42.808863065271268 ], [ -76.678217788016823, 42.808106067002655 ], [ -76.67624378739923, 42.809357067981161 ], [ -76.670174780144194, 42.808160069236372 ], [ -76.668466781119633, 42.810673070657934 ], [ -76.664888777262121, 42.810365071557904 ], [ -76.661227775709648, 42.812319073393212 ], [ -76.658624772269889, 42.811495073808999 ], [ -76.653577770802485, 42.814841076727674 ], [ -76.641058760829637, 42.817148081626698 ], [ -76.630705755711389, 42.822085087446141 ], [ -76.626503679900736, 42.753065051319012 ], [ -76.624665674795963, 42.749786050041564 ], [ -76.620760616772202, 42.679294152778759 ], [ -76.690294695791806, 42.677309124207042 ], [ -76.695429704796254, 42.682728116259092 ], [ -76.719695741332032, 42.700413090053651 ], [ -76.728951757348796, 42.712896076438753 ], [ -76.7334547690064, 42.727893062913012 ], [ -76.740208821801957, 42.783099047533206 ] ] ] } },
{ "type": "Feature", "properties": { "GEOID": "36011041102", "tract_name": "Census Tract 411.02; Cayuga County; New York", "median_age": 44.6, "median_income": 74291.0, "population_density": 37.28374766938866, "county": "Cayuga" }, "geometry": { "type": "Polygon", "coordinates": [ [ [ -76.631194770989822, 42.836306094751855 ], [ -76.515348659773395, 42.84096214405151 ], [ -76.51126863995124, 42.824941129732103 ], [ -76.50514161940616, 42.81017911675373 ], [ -76.482710570577424, 42.781714106802241 ], [ -76.468742538387417, 42.761229099980824 ], [ -76.486703553992371, 42.760644080560759 ], [ -76.48652755104861, 42.75774807771662 ], [ -76.626488679859349, 42.753039051305763 ], [ -76.631194770989822, 42.836306094751855 ] ] ] } },
{ "type": "Feature", "properties": { "GEOID": "36001013707", "tract_name": "Census Tract 137.07; Albany County; New York", "median_age": 42.4, "median_income": 117386.0, "population_density": 1862.6417967300265, "county": "Albany" }, "geometry": { "type": "Polygon", "coordinates": [ [ [ -73.794888032991523, 42.727429923884024 ], [ -73.782876023319702, 42.738324915805428 ], [ -73.762153005107891, 42.7368379203497 ], [ -73.762313005224314, 42.732330924819514 ], [ -73.76007500328916, 42.726097931443228 ], [ -73.755552999506406, 42.720220938242058 ], [ -73.754494998819197, 42.704895954075447 ], [ -73.776934016845473, 42.706287947294115 ], [ -73.794888032991523, 42.727429923884024 ] ] ] } },
{ "type": "Feature", "properties": { "GEOID": "36001013802", "tract_name": "Census Tract 138.02; Albany County; New York", "median_age": 46.2, "median_income": 119000.0, "population_density": 2114.123785345867, "county": "Albany" }, "geometry": { "type": "Polygon", "coordinates": [ [ [ -73.87261409859606, 42.767542895065588 ], [ -73.871294097496929, 42.767492895215064 ], [ -73.824797056882815, 42.773201900685201 ], [ -73.831626065872655, 42.759245899522782 ], [ -73.839569073154664, 42.757983898579731 ], [ -73.837871073474815, 42.748536899697889 ], [ -73.842157076969883, 42.746585900691166 ], [ -73.847347081542949, 42.746162900366066 ], [ -73.850142084395415, 42.747819898777983 ], [ -73.85535508902251, 42.751721896601381 ], [ -73.854586086726385, 42.756797896829461 ], [ -73.85748008831564, 42.759761896580301 ], [ -73.87261409859606, 42.767542895065588 ] ] ] } },
{ "type": "Feature", "properties": { "GEOID": "36001013901", "tract_name": "Census Tract 139.01; Albany County; New York", "median_age": 46.8, "median_income": 92250.0, "population_density": 1577.3297728034715, "county": "Albany" }, "geometry": { "type": "Polygon", "coordinates": [ [ [ -73.859982090639036, 42.736529905707087 ], [ -73.852523083759323, 42.734859908082996 ], [ -73.822514053828101, 42.708562934523428 ], [ -73.832925061158519, 42.702076937265673 ], [ -73.855369081928885, 42.715378921895365 ], [ -73.848598077266189, 42.719881919954851 ], [ -73.850555079290658, 42.721734918181092 ], [ -73.848358078126168, 42.725058916109745 ], [ -73.851622081502512, 42.727927913373456 ], [ -73.850219080414917, 42.72845891322573 ], [ -73.859982090639036, 42.736529905707087 ] ] ] } },
{ "type": "Feature", "properties": { "GEOID": "36001014001", "tract_name": "Census Tract 140.01; Albany County; New York", "median_age": 44.1, "median_income": 78026.0, "population_density": 2221.9517369327068, "county": "Albany" }, "geometry": { "type": "Polygon", "coordinates": [ [ [ -73.832925061158519, 42.702076937265673 ], [ -73.811253045550743, 42.715614931092865 ], [ -73.798783034191359, 42.703795944298783 ], [ -73.809281041789518, 42.69693894763541 ], [ -73.800310034033572, 42.68905195702888 ], [ -73.812687043668504, 42.690500952226458 ], [ -73.832925061158519, 42.702076937265673 ] ] ] } },
{ "type": "Feature", "properties": { "GEOID": "36001014002", "tract_name": "Census Tract 140.02; Albany County; New York", "median_age": 34.1, "median_income": 80823.0, "population_density": 6061.6317581434787, "county": "Albany" }, "geometry": { "type": "Polygon", "coordinates": [ [ [ -73.809185041721719, 42.697002947605647 ], [ -73.798783034191359, 42.703795944298783 ], [ -73.778097016918622, 42.685689966629134 ], [ -73.778621017198432, 42.682983969045715 ], [ -73.779933018129583, 42.681835969732177 ], [ -73.7855940225148, 42.68443696556394 ], [ -73.787052023782124, 42.68713196262739 ], [ -73.799727033554575, 42.68868795752099 ], [ -73.809185041721719, 42.697002947605647 ] ] ] } },
{ "type": "Feature", "properties": { "GEOID": "36001014202", "tract_name": "Census Tract 142.02; Albany County; New York", "median_age": 42.3, "median_income": 123144.0, "population_density": 2078.3656196631773, "county": "Albany" }, "geometry": { "type": "Polygon", "coordinates": [ [ [ -73.886427074101121, 42.601256988721723 ], [ -73.884917079211377, 42.621819976212478 ], [ -73.879504078969788, 42.63282797150724 ], [ -73.840262052519009, 42.624323995688776 ], [ -73.825713043661167, 42.624817002160327 ], [ -73.821442041252396, 42.626351002901067 ], [ -73.820928040759696, 42.625114004167862 ], [ -73.874563069000132, 42.607085991158542 ], [ -73.884111072926544, 42.601685989689258 ], [ -73.886427074101121, 42.601256988721723 ] ] ] } },
{ "type": "Feature", "properties": { "GEOID": "36001014401", "tract_name": "Census Tract 144.01; Albany County; New York", "median_age": 45.7, "median_income": 92269.0, "population_density": 77.309065604549033, "county": "Albany" }, "geometry": { "type": "MultiPolygon", "coordinates": [ [ [ [ -73.80941401750195, 42.461500195592329 ], [ -73.808279017454183, 42.467330184804581 ], [ -73.805685016707358, 42.467315187189655 ], [ -73.807895017082728, 42.461662196664072 ], [ -73.80941401750195, 42.461500195592329 ] ] ], [ [ [ -73.975523094775127, 42.542718963584917 ], [ -73.870433047330735, 42.531721045248375 ], [ -73.763770004664934, 42.521134134296574 ], [ -73.777085008975661, 42.503998140457128 ], [ -73.784973011171871, 42.489012160693349 ], [ -73.786078011232078, 42.47524818844731 ], [ -73.78372101033402, 42.464230213577061 ], [ -73.800081014917041, 42.462492202164867 ], [ -73.801483016074073, 42.482218160500942 ], [ -73.812779019461061, 42.481106152909661 ], [ -73.819839022169873, 42.490540127862857 ], [ -73.821553023519186, 42.501574106211493 ], [ -73.823294024224523, 42.502475104038183 ], [ -73.826839024994555, 42.499693103753486 ], [ -73.825755024555093, 42.498391107236948 ], [ -73.827176024943157, 42.497340108140754 ], [ -73.825396024262147, 42.495727112829741 ], [ -73.820875022796031, 42.495454117160641 ], [ -73.818230020544249, 42.471251167909664 ], [ -73.821599021513038, 42.470998165389638 ], [ -73.82087502113076, 42.468201171630511 ], [ -73.818034020320539, 42.468372173860139 ], [ -73.81781602034188, 42.469837171118286 ], [ -73.815909019655734, 42.467451177635596 ], [ -73.815969019457711, 42.463566185393276 ], [ -73.812442018335986, 42.461178193450387 ], [ -73.963792056355928, 42.44162108591938 ], [ -73.975523094775127, 42.542718963584917 ] ] ] ] } },
{ "type": "Feature", "properties": { "GEOID": "36001014402", "tract_name": "Census Tract 144.02; Albany County; New York", "median_age": 42.4, "median_income": 68873.0, "population_density": 2213.0690923182087, "county": "Albany" }, "geometry": { "type": "Polygon", "coordinates": [ [ [ -73.826984024891274, 42.497487108009167 ], [ -73.824509024555582, 42.501997103434292 ], [ -73.821553023519186, 42.501574106211493 ], [ -73.819839022169873, 42.490540127862857 ], [ -73.812779019461061, 42.481106152909661 ], [ -73.801483016074073, 42.482218160500942 ], [ -73.800081014917041, 42.462492202164867 ], [ -73.807895017082728, 42.461662196664072 ], [ -73.805685016707358, 42.467315187189655 ], [ -73.808279017454183, 42.467330184804581 ], [ -73.80941401750195, 42.461500195592329 ], [ -73.812442018335986, 42.461178193450387 ], [ -73.815969019457711, 42.463566185393276 ], [ -73.815909019655734, 42.467451177635596 ], [ -73.81781602034188, 42.469837171118286 ], [ -73.818034020320539, 42.468372173860139 ], [ -73.82087502113076, 42.468201171630511 ], [ -73.821599021513038, 42.470998165389638 ], [ -73.818230020544249, 42.471251167909664 ], [ -73.820875022796031, 42.495454117160641 ], [ -73.825396024262147, 42.495727112829741 ], [ -73.826984024891274, 42.497487108009167 ] ] ] } },
{ "type": "Feature", "properties": { "GEOID": "36029012501", "tract_name": "Census Tract 125.01; Erie County; New York", "median_age": 46.3, "median_income": 58485.0, "population_density": 4575.5237143000113, "county": "Erie" }, "geometry": { "type": "Polygon", "coordinates": [ [ [ -78.825141848072192, 42.832064358739053 ], [ -78.801697815122751, 42.831982350821008 ], [ -78.800508818115588, 42.828094350814176 ], [ -78.794086808994834, 42.828113348589831 ], [ -78.79415381271447, 42.825066348883887 ], [ -78.799510820216369, 42.825163350760931 ], [ -78.797451826253422, 42.81766435075258 ], [ -78.810363846248833, 42.816463355638511 ], [ -78.815576842330586, 42.825758356337623 ], [ -78.825141848072192, 42.832064358739053 ] ] ] } },
{ "type": "Feature", "properties": { "GEOID": "36029007903", "tract_name": "Census Tract 79.03; Erie County; New York", "median_age": 42.1, "median_income": 74850.0, "population_density": 5567.9336975975657, "county": "Erie" }, "geometry": { "type": "Polygon", "coordinates": [ [ [ -78.855124683857682, 42.991140335208165 ], [ -78.836627663135616, 42.99104433489503 ], [ -78.837532677201565, 42.980745336726343 ], [ -78.849141690358778, 42.980853337154784 ], [ -78.855124683857682, 42.991140335208165 ] ] ] } },
{ "type": "Feature", "properties": { "GEOID": "36029014400", "tract_name": "Census Tract 144; Erie County; New York", "median_age": 43.5, "median_income": 59020.0, "population_density": 2944.8454053603446, "county": "Erie" }, "geometry": { "type": "Polygon", "coordinates": [ [ [ -78.682806739972236, 42.901217288173306 ], [ -78.68220772615112, 42.914255283842337 ], [ -78.657138749734443, 42.91809926395468 ], [ -78.657544772981126, 42.896771273022026 ], [ -78.669732755476673, 42.900337279700402 ], [ -78.682806739972236, 42.901217288173306 ] ] ] } },
{ "type": "Feature", "properties": { "GEOID": "36029003700", "tract_name": "Census Tract 37; Erie County; New York", "median_age": 34.3, "median_income": 33713.0, "population_density": 9898.6538336910744, "county": "Erie" }, "geometry": { "type": "Polygon", "coordinates": [ [ [ -78.814751738162926, 42.909752345098312 ], [ -78.812585719619349, 42.92266934307716 ], [ -78.805883711181139, 42.922727342027201 ], [ -78.805904715624436, 42.919078342441182 ], [ -78.803970713214241, 42.919064342127619 ], [ -78.803789724181968, 42.909787343102785 ], [ -78.814751738162926, 42.909752345098312 ] ] ] } },
{ "type": "Feature", "properties": { "GEOID": "36029010101", "tract_name": "Census Tract 101.01; Erie County; New York", "median_age": 43.9, "median_income": 66158.0, "population_density": 4968.2591099484916, "county": "Erie" }, "geometry": { "type": "Polygon", "coordinates": [ [ [ -78.784156671857758, 42.933136337931295 ], [ -78.783916657912187, 42.944789337103266 ], [ -78.774789646655776, 42.944979336079285 ], [ -78.774847641903719, 42.9491533358769 ], [ -78.766085631357939, 42.949169334979437 ], [ -78.766194650418086, 42.932563335532009 ], [ -78.784156671857758, 42.933136337931295 ] ] ] } },
{ "type": "Feature", "properties": { "GEOID": "36029006301", "tract_name": "Census Tract 63.01; Erie County; New York", "median_age": 32.1, "median_income": 85023.0, "population_density": 16813.262817277529, "county": "Erie" }, "geometry": { "type": "Polygon", "coordinates": [ [ [ -78.887916817034693, 42.920193355492877 ], [ -78.887199805815101, 42.927810353273649 ], [ -78.877006792996951, 42.927948351756939 ], [ -78.877010803155699, 42.920353353699653 ], [ -78.887916817034693, 42.920193355492877 ] ] ] } },
{ "type": "Feature", "properties": { "GEOID": "36029014901", "tract_name": "Census Tract 149.01; Erie County; New York", "median_age": 41.5, "median_income": 71985.0, "population_density": 957.5551984789862, "county": "Erie" }, "geometry": { "type": "Polygon", "coordinates": [ [ [ -78.511215937816687, 42.894748179714931 ], [ -78.509645938978906, 42.895272178145134 ], [ -78.509830921121107, 42.911159161306436 ], [ -78.4781239122117, 42.910996147041963 ], [ -78.478659936262915, 42.889359169156855 ], [ -78.484509941862129, 42.889253171824905 ], [ -78.484938945874859, 42.885957175448318 ], [ -78.511332946773351, 42.886570188464987 ], [ -78.511215937816687, 42.894748179714931 ] ] ] } },
{ "type": "Feature", "properties": { "GEOID": "36029005000", "tract_name": "Census Tract 50; Erie County; New York", "median_age": 31.4, "median_income": 54333.0, "population_density": 4639.888152953853, "county": "Erie" }, "geometry": { "type": "Polygon", "coordinates": [ [ [ -78.878385753606466, 42.958634344025199 ], [ -78.86962074315818, 42.958683343283461 ], [ -78.868887751750819, 42.951529344934862 ], [ -78.86724874979376, 42.95152534477586 ], [ -78.868078760633125, 42.944072346628673 ], [ -78.878380773110763, 42.94406734778994 ], [ -78.878385753606466, 42.958634344025199 ] ] ] } },
{ "type": "Feature", "properties": { "GEOID": "36029015402", "tract_name": "Census Tract 154.02; Erie County; New York", "median_age": 53.5, "median_income": 65417.0, "population_density": 228.84287528535893, "county": "Erie" }, "geometry": { "type": "Polygon", "coordinates": [ [ [ -79.065685521135293, 42.665119015884436 ], [ -79.06141850277541, 42.673630972036712 ], [ -79.055323460289102, 42.678827919364593 ], [ -79.055201474858976, 42.684651911301941 ], [ -79.053251459661325, 42.685547895653436 ], [ -79.049716447062096, 42.692446861240157 ], [ -79.041792382136251, 42.694328800704049 ], [ -79.035576337550424, 42.697732751510095 ], [ -79.027408265736881, 42.697732691681672 ], [ -79.02021622037843, 42.703019634590909 ], [ -79.01509617589474, 42.703019597391695 ], [ -79.009367136103563, 42.705797553787761 ], [ -78.991691049865778, 42.706782480376567 ], [ -78.970198071858036, 42.719938460257595 ], [ -78.969640050614629, 42.71398746311359 ], [ -78.963449031962014, 42.710622461201609 ], [ -78.963929018341261, 42.706447463660503 ], [ -78.958069017246757, 42.708038459285746 ], [ -78.955908002588373, 42.704330459833763 ], [ -78.951365004597946, 42.706436456011772 ], [ -78.946523989964277, 42.703520454455628 ], [ -78.947408981357938, 42.700553456425006 ], [ -78.938239971054472, 42.700272450836366 ], [ -78.937590958080918, 42.696317452234936 ], [ -78.943389963403391, 42.696198455966503 ], [ -78.94333982383921, 42.652234476599148 ], [ -79.025091096663132, 42.652465714953046 ], [ -79.033953189643384, 42.654775782078268 ], [ -79.034852204047098, 42.656631787243008 ], [ -79.039635255794238, 42.658576822434512 ], [ -79.045447309006036, 42.657759868469455 ], [ -79.046894327969227, 42.659546877691298 ], [ -79.05390339429735, 42.659343932276393 ], [ -79.058536431817032, 42.656791971430899 ], [ -79.062548484027189, 42.662169995619799 ], [ -79.065288510562738, 42.662383016496456 ], [ -79.065685521135293, 42.665119015884436 ] ], [ [ -79.001129046002262, 42.700744497326312 ], [ -78.999422018205721, 42.696144491530639 ], [ -79.000525008055959, 42.692072498244151 ], [ -78.983074015861121, 42.699951479004646 ], [ -78.979892009819949, 42.699168477453497 ], [ -78.980030001279616, 42.69673347890172 ], [ -78.975848997274525, 42.696768476236663 ], [ -78.974756039468716, 42.709102468805717 ], [ -78.977614048107185, 42.710639469677893 ], [ -78.979231039434978, 42.707684472293288 ], [ -79.001129046002262, 42.700744497326312 ] ] ] } },
{ "type": "Feature", "properties": { "GEOID": "36029006602", "tract_name": "Census Tract 66.02; Erie County; New York", "median_age": 41.8, "median_income": 67772.0, "population_density": 13807.730954536764, "county": "Erie" }, "geometry": { "type": "Polygon", "coordinates": [ [ [ -78.87707381408319, 42.912239355785644 ], [ -78.877047809739864, 42.91546335495638 ], [ -78.864432793979844, 42.915347352836079 ], [ -78.86591380125266, 42.911244354046005 ], [ -78.87707381408319, 42.912239355785644 ] ] ] } },
{ "type": "Feature", "properties": { "GEOID": "36029009112", "tract_name": "Census Tract 91.12; Erie County; New York", "median_age": 61.4, "median_income": 48884.0, "population_density": 2349.4872685770015, "county": "Erie" }, "geometry": { "type": "Polygon", "coordinates": [ [ [ -78.79406059735237, 43.015563332228901 ], [ -78.788966590717749, 43.019153331899993 ], [ -78.793990594467587, 43.021689331793041 ], [ -78.789605589359013, 43.023777331565526 ], [ -78.782321581843888, 43.025422331302487 ], [ -78.76781856826841, 43.025485331016533 ], [ -78.768268574146219, 43.006071332783399 ], [ -78.778130584398326, 43.006902332759886 ], [ -78.781240586824524, 43.0092753325847 ], [ -78.78119358614029, 43.010988332446061 ], [ -78.78469358905113, 43.012789332334677 ], [ -78.790444595237673, 43.012084332442548 ], [ -78.790948594678412, 43.014541332267022 ], [ -78.79406059735237, 43.015563332228901 ] ] ] } },
{ "type": "Feature", "properties": { "GEOID": "36065025601", "tract_name": "Census Tract 256.01; Oneida County; New York", "median_age": 38.3, "median_income": 97500.0, "population_density": 68.525078246169684, "county": "Oneida" }, "geometry": { "type": "Polygon", "coordinates": [ [ [ -75.458065301667787, 42.996183864817283 ], [ -75.325085272466964, 43.006654845398209 ], [ -75.316518260566511, 42.952428735341861 ], [ -75.303048254808019, 42.935665689716991 ], [ -75.456499292405297, 42.932880776439141 ], [ -75.458065301667787, 42.996183864817283 ] ] ] } },
{ "type": "Feature", "properties": { "GEOID": "36065025602", "tract_name": "Census Tract 256.02; Oneida County; New York", "median_age": 45.4, "median_income": 61480.0, "population_density": 70.133199659460189, "county": "Oneida" }, "geometry": { "type": "Polygon", "coordinates": [ [ [ -75.550924366238775, 43.020409831581823 ], [ -75.459115319758823, 43.021766870337515 ], [ -75.456499292405297, 42.932880776439141 ], [ -75.542803328544949, 42.931772771614668 ], [ -75.550924366238775, 43.020409831581823 ] ] ] } },
{ "type": "Feature", "properties": { "GEOID": "36011042100", "tract_name": "Census Tract 421; Cayuga County; New York", "median_age": 38.9, "median_income": 28073.0, "population_density": 4010.3531608870244, "county": "Cayuga" }, "geometry": { "type": "Polygon", "coordinates": [ [ [ -76.59490883207549, 42.93150717233938 ], [ -76.589101827143239, 42.93262517752833 ], [ -76.58520882646603, 42.935961182861575 ], [ -76.570852811451175, 42.935989194053626 ], [ -76.569935808170058, 42.933693193008445 ], [ -76.566292804956902, 42.934288196274956 ], [ -76.566152802269386, 42.93176919441585 ], [ -76.594119818102087, 42.918645164310249 ], [ -76.59490883207549, 42.93150717233938 ] ] ] } },
{ "type": "Feature", "properties": { "GEOID": "36011990200", "tract_name": "Census Tract 9902; Cayuga County; New York", "median_age": null, "median_income": null, "population_density": 0.0, "county": "Cayuga" }, "geometry": { "type": "Polygon", "coordinates": [ [ [ -76.753539455446699, 43.684273776082534 ], [ -76.734726424170148, 43.708119838356758 ], [ -76.644713269868134, 43.703464932620733 ], [ -76.617103278319732, 43.419062508189796 ], [ -76.623874286728352, 43.414120499130625 ], [ -76.631322296759961, 43.414303495055755 ], [ -76.643689311436404, 43.402163475956158 ], [ -76.671134341783883, 43.367546428828014 ], [ -76.681343353509035, 43.35897841628163 ], [ -76.683776355945128, 43.355163411751874 ], [ -76.699088373933463, 43.345901396974462 ], [ -76.707550385119305, 43.347185394507285 ], [ -76.708955387565112, 43.350189396450446 ], [ -76.708674386585258, 43.347255394090936 ], [ -76.722613404014851, 43.344682386096359 ], [ -76.737833459777988, 43.500064501060784 ], [ -76.753539455446699, 43.684273776082534 ] ] ] } },
{ "type": "Feature", "properties": { "GEOID": "36029004500", "tract_name": "Census Tract 45; Erie County; New York", "median_age": 40.0, "median_income": 100632.0, "population_density": 7138.7182376310775, "county": "Erie" }, "geometry": { "type": "Polygon", "coordinates": [ [ [ -78.844144736478768, 42.940303344648143 ], [ -78.84380771283287, 42.958486341173518 ], [ -78.838287706388542, 42.958410340725685 ], [ -78.838380709489243, 42.956052341153047 ], [ -78.835682706327432, 42.956015340920715 ], [ -78.833322706959663, 42.953284341169862 ], [ -78.826404715131886, 42.940105342546502 ], [ -78.844144736478768, 42.940303344648143 ] ] ] } },
{ "type": "Feature", "properties": { "GEOID": "36029004800", "tract_name": "Census Tract 48; Erie County; New York", "median_age": 36.5, "median_income": 93375.0, "population_density": 11425.917071716611, "county": "Erie" }, "geometry": { "type": "Polygon", "coordinates": [ [ [ -78.855937745355163, 42.944519345166285 ], [ -78.855880741158188, 42.947696344482672 ], [ -78.85307173780437, 42.947674344191441 ], [ -78.853077728899933, 42.954559342763247 ], [ -78.843873718088247, 42.954435341944667 ], [ -78.844132735028467, 42.941426344433879 ], [ -78.849325738040122, 42.943988344533921 ], [ -78.855937745355163, 42.944519345166285 ] ] ] } },
{ "type": "Feature", "properties": { "GEOID": "36029005100", "tract_name": "Census Tract 51; Erie County; New York", "median_age": 33.5, "median_income": 52523.0, "population_density": 10888.130404430894, "county": "Erie" }, "geometry": { "type": "Polygon", "coordinates": [ [ [ -78.869594743083709, 42.958716343273345 ], [ -78.84380771283287, 42.958486341173518 ], [ -78.843873718088247, 42.954435341944667 ], [ -78.864446742437423, 42.954569343801019 ], [ -78.864568751536524, 42.947759345382998 ], [ -78.86729775481426, 42.9477653456686 ], [ -78.869594743083709, 42.958716343273345 ] ] ] } },
{ "type": "Feature", "properties": { "GEOID": "36029005201", "tract_name": "Census Tract 52.01; Erie County; New York", "median_age": 35.9, "median_income": 93947.0, "population_density": 8743.651415042712, "county": "Erie" }, "geometry": { "type": "Polygon", "coordinates": [ [ [ -78.851848755143209, 42.933116347047779 ], [ -78.849841738499904, 42.944116344566389 ], [ -78.844132735028467, 42.941426344433879 ], [ -78.842753751091649, 42.927524346867351 ], [ -78.851505761777119, 42.927653348118028 ], [ -78.84815975355616, 42.930821347004581 ], [ -78.851848755143209, 42.933116347047779 ] ] ] } },
{ "type": "Feature", "properties": { "GEOID": "36029005300", "tract_name": "Census Tract 53; Erie County; New York", "median_age": 24.3, "median_income": 64213.0, "population_density": 1846.016448394023, "county": "Erie" }, "geometry": { "type": "Polygon", "coordinates": [ [ [ -78.867776781808701, 42.927759350462836 ], [ -78.865313773084594, 42.932068349104235 ], [ -78.866339770015117, 42.935356348474407 ], [ -78.860289755925791, 42.940460346553678 ], [ -78.85075974392177, 42.940775345347426 ], [ -78.851838755397083, 42.932910347088672 ], [ -78.84815975355616, 42.930821347004581 ], [ -78.857315776106489, 42.922179350146997 ], [ -78.867329788498452, 42.922270351694443 ], [ -78.867776781808701, 42.927759350462836 ] ] ] } },
{ "type": "Feature", "properties": { "GEOID": "36029005400", "tract_name": "Census Tract 54; Erie County; New York", "median_age": 40.5, "median_income": 66882.0, "population_density": 5860.1891375614287, "county": "Erie" }, "geometry": { "type": "Polygon", "coordinates": [ [ [ -78.877451785193173, 42.934194350218753 ], [ -78.878380773110763, 42.94406734778994 ], [ -78.849841738499904, 42.944116344566389 ], [ -78.85075974392177, 42.940775345347426 ], [ -78.860289755925791, 42.940460346553678 ], [ -78.866339770015117, 42.935356348474407 ], [ -78.865877777070835, 42.929569349764378 ], [ -78.869145777519392, 42.932284349576491 ], [ -78.877451785193173, 42.934194350218753 ] ] ] } },
{ "type": "Feature", "properties": { "GEOID": "36029005500", "tract_name": "Census Tract 55; Erie County; New York", "median_age": 27.9, "median_income": 30000.0, "population_density": 6973.7018369763618, "county": "Erie" }, "geometry": { "type": "Polygon", "coordinates": [ [ [ -78.898812808389081, 42.93640235238724 ], [ -78.898599803673761, 42.939641351390911 ], [ -78.896536800376978, 42.940212350971763 ], [ -78.894526793154157, 42.943703349714021 ], [ -78.878380773110763, 42.94406734778994 ], [ -78.877451785193173, 42.934194350218753 ], [ -78.882366787468698, 42.936987350125591 ], [ -78.887748793894289, 42.937103350776198 ], [ -78.897583818317415, 42.928078354703217 ], [ -78.896733806892186, 42.935638352346743 ], [ -78.898812808389081, 42.93640235238724 ] ] ] } },
{ "type": "Feature", "properties": { "GEOID": "36029005600", "tract_name": "Census Tract 56; Erie County; New York", "median_age": 33.7, "median_income": 37108.0, "population_density": 5737.576408464618, "county": "Erie" }, "geometry": { "type": "Polygon", "coordinates": [ [ [ -78.896273797522909, 42.942060350395877 ], [ -78.89253376678505, 42.961259344450148 ], [ -78.890608768180329, 42.958565345062659 ], [ -78.878385753606466, 42.958634344025199 ], [ -78.878380773110763, 42.94406734778994 ], [ -78.893240791156799, 42.944025349475403 ], [ -78.896273797522909, 42.942060350395877 ] ] ] } },
{ "type": "Feature", "properties": { "GEOID": "36029001500", "tract_name": "Census Tract 15; Erie County; New York", "median_age": 37.6, "median_income": 36667.0, "population_density": 4921.4830977657548, "county": "Erie" }, "geometry": { "type": "Polygon", "coordinates": [ [ [ -78.853968813905325, 42.889785356403387 ], [ -78.844014798094364, 42.891976353779924 ], [ -78.844081814860516, 42.878929356265807 ], [ -78.852891824560587, 42.88046335809549 ], [ -78.853968813905325, 42.889785356403387 ] ] ] } },
{ "type": "Feature", "properties": { "GEOID": "36029004200", "tract_name": "Census Tract 42; Erie County; New York", "median_age": 30.8, "median_income": 31591.0, "population_density": 10091.110169572998, "county": "Erie" }, "geometry": { "type": "Polygon", "coordinates": [ [ [ -78.826404715131886, 42.940105342546502 ], [ -78.813653699490132, 42.940200340996753 ], [ -78.813656713478707, 42.928777342461096 ], [ -78.818411719311086, 42.928820343137005 ], [ -78.818434716848117, 42.930841342861846 ], [ -78.821123720949856, 42.930208343326896 ], [ -78.826404715131886, 42.940105342546502 ] ] ] } },
{ "type": "Feature", "properties": { "GEOID": "36029007600", "tract_name": "Census Tract 76; Erie County; New York", "median_age": 49.1, "median_income": 50857.0, "population_density": 3821.0454469157162, "county": "Erie" }, "geometry": { "type": "Polygon", "coordinates": [ [ [ -78.875251693338399, 43.001352333320838 ], [ -78.872822681756105, 43.010205333220071 ], [ -78.865849673312368, 43.011447333145618 ], [ -78.868328672603326, 43.014798333118542 ], [ -78.861297668014885, 43.012096333093119 ], [ -78.85299065971445, 43.011828333023757 ], [ -78.853254668989791, 43.001483333294807 ], [ -78.875251693338399, 43.001352333320838 ] ] ] } },
{ "type": "Feature", "properties": { "GEOID": "36029013002", "tract_name": "Census Tract 130.02; Erie County; New York", "median_age": 49.1, "median_income": 66875.0, "population_density": 2780.532532339837, "county": "Erie" }, "geometry": { "type": "Polygon", "coordinates": [ [ [ -78.864398991634204, 42.764948387470348 ], [ -78.853778966125134, 42.772104380949436 ], [ -78.823916921096412, 42.771903367277879 ], [ -78.824252931797062, 42.763705368657725 ], [ -78.854614995531719, 42.749758386050082 ], [ -78.864398991634204, 42.764948387470348 ] ] ] } },
{ "type": "Feature", "properties": { "GEOID": "36029014300", "tract_name": "Census Tract 143; Erie County; New York", "median_age": 47.2, "median_income": 71776.0, "population_density": 4529.4283158958233, "county": "Erie" }, "geometry": { "type": "Polygon", "coordinates": [ [ [ -78.686255753114452, 42.88594029481947 ], [ -78.685985745881126, 42.892720292727347 ], [ -78.682547749516672, 42.89288629049679 ], [ -78.682806739972236, 42.901217288173306 ], [ -78.669732755476673, 42.900337279700402 ], [ -78.657544772981126, 42.896771273022026 ], [ -78.657865784746676, 42.88586127769895 ], [ -78.686255753114452, 42.88594029481947 ] ] ] } },
{ "type": "Feature", "properties": { "GEOID": "36029000600", "tract_name": "Census Tract 6; Erie County; New York", "median_age": 42.7, "median_income": 85785.0, "population_density": 9815.5076438451069, "county": "Erie" }, "geometry": { "type": "Polygon", "coordinates": [ [ [ -78.823887845259549, 42.832905358189961 ], [ -78.82373283062195, 42.844513356414652 ], [ -78.81497781961734, 42.843581353795884 ], [ -78.815027822814926, 42.841031354145478 ], [ -78.812347819133521, 42.840987353293251 ], [ -78.812546830393288, 42.832002354488409 ], [ -78.823887845259549, 42.832905358189961 ] ] ] } },
{ "type": "Feature", "properties": { "GEOID": "36029008800", "tract_name": "Census Tract 88; Erie County; New York", "median_age": 36.1, "median_income": 72000.0, "population_density": 9641.8314464634441, "county": "Erie" }, "geometry": { "type": "Polygon", "coordinates": [ [ [ -78.889490766382792, 42.958913344871661 ], [ -78.887333749682398, 42.969351341807169 ], [ -78.878743739541292, 42.969447341252256 ], [ -78.878737754026147, 42.95863234405504 ], [ -78.889490766382792, 42.958913344871661 ] ] ] } },
{ "type": "Feature", "properties": { "GEOID": "36029010400", "tract_name": "Census Tract 104; Erie County; New York", "median_age": 35.5, "median_income": 53958.0, "population_density": 13212.243375651222, "county": "Erie" }, "geometry": { "type": "Polygon", "coordinates": [ [ [ -78.796360718074411, 42.906990342014559 ], [ -78.796336713014426, 42.911204341616937 ], [ -78.784357697193371, 42.91173333943884 ], [ -78.784259702398273, 42.907186339735048 ], [ -78.796360718074411, 42.906990342014559 ] ] ] } },
{ "type": "Feature", "properties": { "GEOID": "36029009302", "tract_name": "Census Tract 93.02; Erie County; New York", "median_age": 35.4, "median_income": 80035.0, "population_density": 6991.062138594415, "county": "Erie" }, "geometry": { "type": "Polygon", "coordinates": [ [ [ -78.813844671756215, 42.963037338084312 ], [ -78.813937650675783, 42.980338335864133 ], [ -78.798912634445827, 42.979512335350755 ], [ -78.813844671756215, 42.963037338084312 ] ] ] } },
{ "type": "Feature", "properties": { "GEOID": "36029015800", "tract_name": "Census Tract 158; Erie County; New York", "median_age": 49.7, "median_income": 81731.0, "population_density": 61.496788088558404, "county": "Erie" }, "geometry": { "type": "Polygon", "coordinates": [ [ [ -78.784385679200511, 42.609513362384149 ], [ -78.62513089237612, 42.606684333333369 ], [ -78.626807826871413, 42.497665338486435 ], [ -78.631765816279952, 42.498056337631063 ], [ -78.634117809549153, 42.496597340866728 ], [ -78.63867880094044, 42.498056337642581 ], [ -78.645025779560569, 42.490887353599874 ], [ -78.650623769072254, 42.492737349519601 ], [ -78.653471760154346, 42.490122355373089 ], [ -78.655667757338534, 42.492150350862097 ], [ -78.662400742747465, 42.492435350269218 ], [ -78.663220738282831, 42.48974735629568 ], [ -78.667178727061255, 42.48720236203993 ], [ -78.670243721791806, 42.488715358675329 ], [ -78.674066711649104, 42.486939362707112 ], [ -78.675206705978098, 42.483667370082813 ], [ -78.679325697885858, 42.484654367916001 ], [ -78.681885691282346, 42.483627370266625 ], [ -78.681969688360411, 42.480761376733753 ], [ -78.683864683314269, 42.47981937889179 ], [ -78.682777683894699, 42.477934383127007 ], [ -78.686547673249365, 42.47539238894332 ], [ -78.691847662633705, 42.476395386783828 ], [ -78.692253658041579, 42.472443395742971 ], [ -78.693738654135615, 42.471721397414257 ], [ -78.700185642814901, 42.474639390941768 ], [ -78.699548648755311, 42.479558379756043 ], [ -78.701040651074962, 42.485608366033894 ], [ -78.703317647106218, 42.486735363498752 ], [ -78.706466638085857, 42.484444368751412 ], [ -78.710226630340159, 42.485007367517753 ], [ -78.712368624334971, 42.483569370827048 ], [ -78.715097621303599, 42.486858363351764 ], [ -78.717459615251556, 42.485902365564314 ], [ -78.718093611881088, 42.483691370628705 ], [ -78.728828587312108, 42.482538373426486 ], [ -78.731040579116552, 42.478702382275429 ], [ -78.738306564738267, 42.480454378370823 ], [ -78.739316561068506, 42.478754382306732 ], [ -78.737154563188383, 42.475729389235205 ], [ -78.738137558959465, 42.473305394841205 ], [ -78.7498015339213, 42.47372739413165 ], [ -78.75144552737153, 42.46831640841144 ], [ -78.764503514887139, 42.470383419362591 ], [ -78.764430513656563, 42.468803423004253 ], [ -78.758296517765373, 42.465729422773322 ], [ -78.758532515767868, 42.463640427953216 ], [ -78.761507511158499, 42.461974435521547 ], [ -78.765573506496764, 42.461660441275733 ], [ -78.76808950580498, 42.464118438548546 ], [ -78.772416501948513, 42.465132441432957 ], [ -78.778684492483322, 42.461876456930035 ], [ -78.779541556179595, 42.521939365476847 ], [ -78.783514553071683, 42.521994369797923 ], [ -78.784385679200511, 42.609513362384149 ] ], [ [ -78.696997667947457, 42.494198346493448 ], [ -78.676369715362767, 42.496041342241703 ], [ -78.677389711993641, 42.494889344839663 ], [ -78.672167723498461, 42.494833344942649 ], [ -78.672260721554366, 42.493044348964297 ], [ -78.666896733325871, 42.492957349127458 ], [ -78.669112734111877, 42.498775336079071 ], [ -78.671894728005398, 42.498847335920175 ], [ -78.671747730265594, 42.501065333333365 ], [ -78.656363764380714, 42.501067333333367 ], [ -78.655447767667923, 42.502885333333367 ], [ -78.646597787246435, 42.502924333333368 ], [ -78.646615788288358, 42.504584333333376 ], [ -78.641395799822831, 42.504649333333369 ], [ -78.640798810100662, 42.518973333333371 ], [ -78.684857716505519, 42.519701333333366 ], [ -78.684948714697711, 42.517738333333369 ], [ -78.691280701069729, 42.517672333333373 ], [ -78.692313685340409, 42.501860333333376 ], [ -78.696699675616046, 42.501844333333366 ], [ -78.696997667947457, 42.494198346493448 ] ] ] } },
{ "type": "Feature", "properties": { "GEOID": "36029015102", "tract_name": "Census Tract 151.02; Erie County; New York", "median_age": 45.3, "median_income": 81023.0, "population_density": 53.731760999094533, "county": "Erie" }, "geometry": { "type": "Polygon", "coordinates": [ [ [ -78.626271830540929, 42.500055333333371 ], [ -78.62513089237612, 42.606684333333369 ], [ -78.563793999285991, 42.605587333333375 ], [ -78.462371115420211, 42.606543295774884 ], [ -78.463932136346855, 42.53640129865974 ], [ -78.468635133853681, 42.533354303230922 ], [ -78.475322128786715, 42.534415309634809 ], [ -78.477173127753119, 42.532881311430643 ], [ -78.48304012347954, 42.532856317060052 ], [ -78.484092122401975, 42.535195318049887 ], [ -78.488477119323719, 42.534843322264607 ], [ -78.491166117757913, 42.530087324869413 ], [ -78.497433113062016, 42.52988133086162 ], [ -78.499135111784426, 42.527740332501502 ], [ -78.507288095773589, 42.526421333333374 ], [ -78.511797086352345, 42.527742333333372 ], [ -78.512176085374719, 42.524376333333365 ], [ -78.519079070340197, 42.519158333333372 ], [ -78.527624052425793, 42.521983333333367 ], [ -78.531527044010232, 42.52110133333337 ], [ -78.533366039834632, 42.519338333333366 ], [ -78.533139039991553, 42.517111333333375 ], [ -78.538290029003718, 42.517505333333375 ], [ -78.53933402613805, 42.513919333333369 ], [ -78.548136007952721, 42.517799333333372 ], [ -78.549043005806638, 42.516871333333363 ], [ -78.547293009263726, 42.515441333333364 ], [ -78.552581997634803, 42.514420333333376 ], [ -78.555692990091444, 42.511069333333367 ], [ -78.557430986399993, 42.511403333333377 ], [ -78.557367987007709, 42.513250333333374 ], [ -78.560251980764406, 42.513234333333365 ], [ -78.563956971469054, 42.508731333333365 ], [ -78.567404964263289, 42.509808333333368 ], [ -78.568853962026964, 42.512816333333376 ], [ -78.573350951560556, 42.510579333333375 ], [ -78.583728930315971, 42.514152333333364 ], [ -78.586025924598246, 42.512170333333373 ], [ -78.585846924043196, 42.509698333333375 ], [ -78.587828919441179, 42.508973333333373 ], [ -78.597241900472881, 42.512615333333372 ], [ -78.606000879895461, 42.509210333333364 ], [ -78.60522688063628, 42.50718433333337 ], [ -78.611371865140626, 42.503070333333376 ], [ -78.61548185685227, 42.504607333333368 ], [ -78.622323841535703, 42.504143333333367 ], [ -78.626271830540929, 42.500055333333371 ] ] ] } },
{ "type": "Feature", "properties": { "GEOID": "36029015401", "tract_name": "Census Tract 154.01; Erie County; New York", "median_age": 48.3, "median_income": 84077.0, "population_density": 3508.7459145278181, "county": "Erie" }, "geometry": { "type": "Polygon", "coordinates": [ [ [ -79.001129046002262, 42.700744497326312 ], [ -78.979231039434978, 42.707684472293288 ], [ -78.977614048107185, 42.710639469677893 ], [ -78.974756039468716, 42.709102468805717 ], [ -78.975848997274525, 42.696768476236663 ], [ -78.980030001279616, 42.69673347890172 ], [ -78.979892009819949, 42.699168477453497 ], [ -78.983074015861121, 42.699951479004646 ], [ -79.000525008055959, 42.692072498244151 ], [ -78.999422018205721, 42.696144491530639 ], [ -79.001129046002262, 42.700744497326312 ] ] ] } },
{ "type": "Feature", "properties": { "GEOID": "36029005202", "tract_name": "Census Tract 52.02; Erie County; New York", "median_age": 22.4, "median_income": 53628.0, "population_density": 12913.235791108778, "county": "Erie" }, "geometry": { "type": "Polygon", "coordinates": [ [ [ -78.857315776106489, 42.922179350146997 ], [ -78.851505761777119, 42.927653348118028 ], [ -78.842753751091649, 42.927524346867351 ], [ -78.843486759141982, 42.921933348026634 ], [ -78.857315776106489, 42.922179350146997 ] ] ] } },
{ "type": "Feature", "properties": { "GEOID": "36029011100", "tract_name": "Census Tract 111; Erie County; New York", "median_age": 39.2, "median_income": 66615.0, "population_density": 5098.9257703278072, "county": "Erie" }, "geometry": { "type": "Polygon", "coordinates": [ [ [ -78.799754758194439, 42.87715634563861 ], [ -78.79954974901905, 42.884580344847308 ], [ -78.784580729581563, 42.884353341384688 ], [ -78.784775738842924, 42.876676341967588 ], [ -78.799754758194439, 42.87715634563861 ] ] ] } },
{ "type": "Feature", "properties": { "GEOID": "36055980000", "tract_name": "Census Tract 9800; Monroe County; New York", "median_age": null, "median_income": null, "population_density": 0.0, "county": "Monroe" }, "geometry": { "type": "Polygon", "coordinates": [ [ [ -77.700477481906091, 43.099571975851951 ], [ -77.693833476852078, 43.107179963020457 ], [ -77.69092747939159, 43.106840958333045 ], [ -77.682929472128023, 43.116442941946993 ], [ -77.681265466518184, 43.121396937424343 ], [ -77.672918459065215, 43.130743919473183 ], [ -77.658303468115022, 43.130881893608219 ], [ -77.645433487667603, 43.123239874877399 ], [ -77.670616486120124, 43.112478922665368 ], [ -77.678504480739676, 43.112377935906146 ], [ -77.677615487487429, 43.107925936031116 ], [ -77.679689488074715, 43.106410939988848 ], [ -77.678825490204275, 43.105312938959827 ], [ -77.686064493854616, 43.09869195293691 ], [ -77.700477481906091, 43.099571975851951 ] ] ] } },
{ "type": "Feature", "properties": { "GEOID": "36029000500", "tract_name": "Census Tract 5; Erie County; New York", "median_age": 42.2, "median_income": 29079.0, "population_density": 853.98785421446894, "county": "Erie" }, "geometry": { "type": "Polygon", "coordinates": [ [ [ -78.894560882525852, 42.8784083687218 ], [ -78.88219186735806, 42.877480365940848 ], [ -78.872157862423677, 42.871156365021108 ], [ -78.868976865961471, 42.865258365608746 ], [ -78.866215860457359, 42.866605364544576 ], [ -78.864544851462412, 42.871733362913211 ], [ -78.847550832536882, 42.868750359110543 ], [ -78.849174837063359, 42.866930359903073 ], [ -78.842288833150477, 42.862721358840311 ], [ -78.844633838210257, 42.861250359768697 ], [ -78.846772839712045, 42.862343360153261 ], [ -78.854488860723663, 42.854208364003071 ], [ -78.866507875739188, 42.855311367272201 ], [ -78.865093875481918, 42.854036367155743 ], [ -78.875383893740846, 42.850921370966006 ], [ -78.884094887384606, 42.864514369910751 ], [ -78.893762887093345, 42.87429136971808 ], [ -78.894560882525852, 42.8784083687218 ] ] ] } },
{ "type": "Feature", "properties": { "GEOID": "36029000700", "tract_name": "Census Tract 7; Erie County; New York", "median_age": 44.8, "median_income": 87500.0, "population_density": 9024.1634890446167, "county": "Erie" }, "geometry": { "type": "Polygon", "coordinates": [ [ [ -78.815023822653558, 42.841158354127572 ], [ -78.814991820632855, 42.842769353906533 ], [ -78.805386807564929, 42.84253035089268 ], [ -78.800816804731667, 42.839597349743912 ], [ -78.801077814251073, 42.831980350611495 ], [ -78.812546830393288, 42.832002354488409 ], [ -78.812347819133521, 42.840987353293251 ], [ -78.815023822653558, 42.841158354127572 ] ] ] } },
{ "type": "Feature", "properties": { "GEOID": "36029000900", "tract_name": "Census Tract 9; Erie County; New York", "median_age": 39.1, "median_income": 68655.0, "population_density": 10735.389498677276, "county": "Erie" }, "geometry": { "type": "Polygon", "coordinates": [ [ [ -78.823620815818501, 42.856307354631468 ], [ -78.821509809314321, 42.859230353599926 ], [ -78.809163802671421, 42.850873351096361 ], [ -78.812502810377197, 42.848328352419109 ], [ -78.823620815818501, 42.856307354631468 ] ] ] } },
{ "type": "Feature", "properties": { "GEOID": "36029001000", "tract_name": "Census Tract 10; Erie County; New York", "median_age": 44.7, "median_income": 56250.0, "population_density": 7706.5251717406618, "county": "Erie" }, "geometry": { "type": "Polygon", "coordinates": [ [ [ -78.816853805407433, 42.857253352546465 ], [ -78.814477799715448, 42.85925135160425 ], [ -78.813260799099979, 42.858400351367763 ], [ -78.80016177750565, 42.861518347318565 ], [ -78.800649797489754, 42.845432349094963 ], [ -78.796904792194454, 42.845520347921244 ], [ -78.798269796739575, 42.843303348561228 ], [ -78.795157795000208, 42.841133347776747 ], [ -78.79665980039249, 42.838370348516712 ], [ -78.80019680426328, 42.839266349577137 ], [ -78.800791802360024, 42.841542349536937 ], [ -78.800816804731667, 42.839597349743912 ], [ -78.803551806888166, 42.840975350478587 ], [ -78.812502810377197, 42.848328352419109 ], [ -78.809163802671421, 42.850873351096361 ], [ -78.816853805407433, 42.857253352546465 ] ] ] } },
{ "type": "Feature", "properties": { "GEOID": "36029001100", "tract_name": "Census Tract 11; Erie County; New York", "median_age": 43.2, "median_income": 37028.0, "population_density": 5646.2392180028, "county": "Erie" }, "geometry": { "type": "Polygon", "coordinates": [ [ [ -78.825713809423064, 42.863737354104366 ], [ -78.823938803499459, 42.866571353195546 ], [ -78.825120803761394, 42.867641353351246 ], [ -78.821972797540397, 42.869241352280511 ], [ -78.810345788647894, 42.86371834989064 ], [ -78.800080773406421, 42.864842346960828 ], [ -78.80016177750565, 42.861518347318565 ], [ -78.813260799099979, 42.858400351367763 ], [ -78.814477799715448, 42.85925135160425 ], [ -78.817133806091064, 42.857008352660046 ], [ -78.825183812879501, 42.860384354466504 ], [ -78.825713809423064, 42.863737354104366 ] ] ] } },
{ "type": "Feature", "properties": { "GEOID": "36029001700", "tract_name": "Census Tract 17; Erie County; New York", "median_age": 34.6, "median_income": 26250.0, "population_density": 4736.8684786768099, "county": "Erie" }, "geometry": { "type": "Polygon", "coordinates": [ [ [ -78.844084816168433, 42.877909356459753 ], [ -78.844027806960767, 42.885053355093326 ], [ -78.82413878105119, 42.884849350521009 ], [ -78.830397800314927, 42.876055353395515 ], [ -78.839223807957495, 42.879291355016626 ], [ -78.841914814871828, 42.876665356156551 ], [ -78.844084816168433, 42.877909356459753 ] ] ] } },
{ "type": "Feature", "properties": { "GEOID": "36053030701", "tract_name": "Census Tract 307.01; Madison County; New York", "median_age": 26.9, "median_income": 48899.0, "population_density": 92.299134819205761, "county": "Madison" }, "geometry": { "type": "Polygon", "coordinates": [ [ [ -75.697008420093965, 42.931208663321044 ], [ -75.566898342851431, 42.931590754567878 ], [ -75.55965530849501, 42.83415067252411 ], [ -75.690374346810486, 42.829172628246504 ], [ -75.697008420093965, 42.931208663321044 ] ] ] } },
{ "type": "Feature", "properties": { "GEOID": "36053030601", "tract_name": "Census Tract 306.01; Madison County; New York", "median_age": 45.9, "median_income": 71321.0, "population_density": 55.469886037019265, "county": "Madison" }, "geometry": { "type": "Polygon", "coordinates": [ [ [ -75.718648432958872, 42.931204648198708 ], [ -75.718536484160481, 43.007388672804673 ], [ -75.654264435649523, 43.007455733143381 ], [ -75.655905441112779, 43.033217744153013 ], [ -75.552774378716734, 43.037552832027053 ], [ -75.542803328544949, 42.931772771614668 ], [ -75.718648432958872, 42.931204648198708 ] ] ] } },
{ "type": "Feature", "properties": { "GEOID": "36053030602", "tract_name": "Census Tract 306.02; Madison County; New York", "median_age": 49.1, "median_income": 73597.0, "population_density": 59.722118989617648, "county": "Madison" }, "geometry": { "type": "Polygon", "coordinates": [ [ [ -75.848627470736957, 43.004062630017003 ], [ -75.845114473422839, 43.006849631796435 ], [ -75.799677489999425, 43.007085637226616 ], [ -75.803806496062663, 43.058499669706769 ], [ -75.702184468790563, 43.061922723640549 ], [ -75.655905441112779, 43.033217744153013 ], [ -75.654264435649523, 43.007455733143381 ], [ -75.718536484160481, 43.007388672804673 ], [ -75.718648432958872, 42.931204648198708 ], [ -75.822108426865526, 42.931206621303517 ], [ -75.822511443938268, 42.953588624262053 ], [ -75.838599437963552, 42.953510623012711 ], [ -75.835058442310114, 42.957542623805622 ], [ -75.832269443373647, 42.957576624028768 ], [ -75.83488044535008, 42.961479624327794 ], [ -75.833567448577057, 42.965090624900384 ], [ -75.836471450940323, 42.969692625256421 ], [ -75.838362450500682, 42.970077625149273 ], [ -75.837179453762161, 42.973803625725225 ], [ -75.838124454813652, 42.975692625887419 ], [ -75.845945456416928, 42.981976626010969 ], [ -75.844519467804318, 42.996503627961111 ], [ -75.848627470736957, 43.004062630017003 ] ] ] } },
{ "type": "Feature", "properties": { "GEOID": "36053030702", "tract_name": "Census Tract 307.02; Madison County; New York", "median_age": 47.3, "median_income": 72000.0, "population_density": 41.158861885979974, "county": "Madison" }, "geometry": { "type": "Polygon", "coordinates": [ [ [ -75.817650428422795, 42.931242621616789 ], [ -75.697008420093965, 42.931208663321044 ], [ -75.690374346810486, 42.829172628246504 ], [ -75.81021034734087, 42.824364607409301 ], [ -75.817650428422795, 42.931242621616789 ] ] ] } },
{ "type": "Feature", "properties": { "GEOID": "36053030403", "tract_name": "Census Tract 304.03; Madison County; New York", "median_age": 45.4, "median_income": 69536.0, "population_density": 129.73874691999194, "county": "Madison" }, "geometry": { "type": "Polygon", "coordinates": [ [ [ -75.980553676117054, 43.16870762473652 ], [ -75.963038653041338, 43.163882635655504 ], [ -75.945777620683714, 43.150581644420853 ], [ -75.855736544212917, 43.139856692875114 ], [ -75.833955529278612, 43.140486705375849 ], [ -75.832120527559937, 43.139331705772371 ], [ -75.827683525128123, 43.141232709309605 ], [ -75.811053513482662, 43.141847719049409 ], [ -75.806864502272262, 43.093869691143631 ], [ -75.830214509942181, 43.093770681622722 ], [ -75.84603151604874, 43.095629676146572 ], [ -75.877488526467587, 43.095080662992281 ], [ -75.901015531442837, 43.091811652320267 ], [ -75.895251527234507, 43.089072653694195 ], [ -75.895973525774025, 43.087178652779045 ], [ -75.905386528581715, 43.087391649237006 ], [ -75.907100527553567, 43.085841648117579 ], [ -75.911876530284033, 43.087288646716686 ], [ -75.912184528089227, 43.085034645965571 ], [ -75.915275529521438, 43.085642644967756 ], [ -75.915231528113367, 43.08429464461949 ], [ -75.918737530819669, 43.086002643752202 ], [ -75.919894535284115, 43.089874644301531 ], [ -75.926757538107253, 43.090563641770515 ], [ -75.928920536955786, 43.088984640561833 ], [ -75.92866653485622, 43.087212640260148 ], [ -75.931135539036489, 43.090219639968844 ], [ -75.934450536324533, 43.087100638020139 ], [ -75.938057539764657, 43.089107637030011 ], [ -75.939488537175222, 43.086661636007655 ], [ -75.947087542196314, 43.088948633485984 ], [ -75.948699539885794, 43.086815632518778 ], [ -75.950431544062624, 43.089627632289371 ], [ -75.95126054124583, 43.08731363161575 ], [ -75.954115544068657, 43.088821630733833 ], [ -75.954475542339623, 43.087462630403351 ], [ -75.961680541576698, 43.085491627406704 ], [ -75.960814546272601, 43.089009628152866 ], [ -75.963973543895563, 43.086695626671812 ], [ -75.96667354583829, 43.087529625724748 ], [ -75.965272547358481, 43.088861626402178 ], [ -75.967382549505217, 43.089918625684774 ], [ -75.968792549353935, 43.08952762509545 ], [ -75.967530546214334, 43.087623625404483 ], [ -75.969547549606318, 43.08954762480208 ], [ -75.971464549093525, 43.08882062399158 ], [ -75.971002554279011, 43.092412624477483 ], [ -75.975588554015218, 43.091276622560954 ], [ -75.974569561595388, 43.096507623349396 ], [ -75.976344565547336, 43.098692622761803 ], [ -75.97639657218636, 43.103036623032487 ], [ -75.971524573008296, 43.104912625312835 ], [ -75.972970576186981, 43.106632624808988 ], [ -75.970349576431985, 43.107565626064357 ], [ -75.971793579240568, 43.109027625534054 ], [ -75.96592858577273, 43.115398628858145 ], [ -75.965463591646795, 43.119649629520787 ], [ -75.963719590598771, 43.119569630368524 ], [ -75.963517587636986, 43.117561630246435 ], [ -75.960135582859124, 43.115393631620648 ], [ -75.956023580459856, 43.115146633548527 ], [ -75.954400581953252, 43.116855634561389 ], [ -75.955843584675492, 43.11831263406382 ], [ -75.957585584739618, 43.117693633135644 ], [ -75.956135587487964, 43.120264634184679 ], [ -75.959320588281301, 43.119595632530952 ], [ -75.957010590298268, 43.121971633978163 ], [ -75.958339593456429, 43.123726633538794 ], [ -75.960567594082235, 43.123268632359455 ], [ -75.958628595926101, 43.125394633603833 ], [ -75.95867760000823, 43.128326633949044 ], [ -75.956763596766748, 43.126802634742099 ], [ -75.954592597075617, 43.127984636025218 ], [ -75.950149599756898, 43.132059638960371 ], [ -75.953277603486129, 43.133361637482913 ], [ -75.950057603366616, 43.134851639441891 ], [ -75.953405606378382, 43.135457637715596 ], [ -75.955015605370519, 43.13392563662822 ], [ -75.957580610282903, 43.136288635553775 ], [ -75.957405606572991, 43.133670635307773 ], [ -75.963814610665978, 43.133630631857166 ], [ -75.964495613301608, 43.135166631655309 ], [ -75.967520614975328, 43.134945629992252 ], [ -75.972191626277194, 43.140467627909928 ], [ -75.975299626414255, 43.13911862607268 ], [ -75.973837622730812, 43.137340626750415 ], [ -75.977284623307682, 43.136193624780965 ], [ -75.977267629840767, 43.140468625065836 ], [ -75.971783631014361, 43.143845628417878 ], [ -75.973374639896193, 43.148994627907108 ], [ -75.971235646616762, 43.154637629643183 ], [ -75.977068655967955, 43.157644626295919 ], [ -75.977439658966688, 43.159398626178927 ], [ -75.974380662050123, 43.16317362836503 ], [ -75.978661668790366, 43.16509362575804 ], [ -75.978099672146229, 43.167604626273864 ], [ -75.980539674148517, 43.167451624678385 ], [ -75.980553676117054, 43.16870762473652 ] ] ] } },
{ "type": "Feature", "properties": { "GEOID": "36053030404", "tract_name": "Census Tract 304.04; Madison County; New York", "median_age": 46.8, "median_income": 91842.0, "population_density": 294.86161288237429, "county": "Madison" }, "geometry": { "type": "Polygon", "coordinates": [ [ [ -75.993505713073247, 43.183733616420852 ], [ -75.992504714480788, 43.185219617146224 ], [ -75.987007706707985, 43.184005621005149 ], [ -75.984622697383628, 43.179713622514967 ], [ -75.979686688776454, 43.177392625793729 ], [ -75.972254685426975, 43.180112631090978 ], [ -75.959359672681302, 43.180387640049858 ], [ -75.95867166468804, 43.175113639860641 ], [ -75.952692653476475, 43.171095643312142 ], [ -75.932895641326738, 43.176686657605593 ], [ -75.928160628264592, 43.169337659155325 ], [ -75.927821621047286, 43.163264657988037 ], [ -75.925365617137174, 43.161706659181043 ], [ -75.886155578474984, 43.156105681861931 ], [ -75.874588566577629, 43.152821687611734 ], [ -75.872921562649623, 43.149107687086477 ], [ -75.867769557058182, 43.146641689064552 ], [ -75.857426551027672, 43.149663696470967 ], [ -75.853277551448741, 43.15637770212286 ], [ -75.84027754246172, 43.16045471221409 ], [ -75.828254531589707, 43.158940718902024 ], [ -75.813284519457099, 43.16153972979366 ], [ -75.811053513482662, 43.141847719049409 ], [ -75.827683525128123, 43.141232709309605 ], [ -75.832120527559937, 43.139331705772371 ], [ -75.833955529278612, 43.140486705375849 ], [ -75.855736544212917, 43.139856692875114 ], [ -75.945777620683714, 43.150581644420853 ], [ -75.963038653041338, 43.163882635655504 ], [ -75.980553676117054, 43.16870762473652 ], [ -75.979478678200451, 43.17069662555339 ], [ -75.98266868582472, 43.173629623581803 ], [ -75.986032685750487, 43.171552621252673 ], [ -75.988447689764598, 43.172614619678939 ], [ -75.990028689501543, 43.171525618600114 ], [ -75.99263569581629, 43.173847616901249 ], [ -75.989672702306436, 43.179589619023623 ], [ -75.991437710110958, 43.183248617868614 ], [ -75.993505713073247, 43.183733616420852 ] ] ] } },
{ "type": "Feature", "properties": { "GEOID": "36029005802", "tract_name": "Census Tract 58.02; Erie County; New York", "median_age": 30.5, "median_income": 42614.0, "population_density": 9702.2913249768771, "county": "Erie" }, "geometry": { "type": "Polygon", "coordinates": [ [ [ -78.912450797304473, 42.956246347643152 ], [ -78.908680788802926, 42.959131346389377 ], [ -78.907148791135839, 42.956149347206797 ], [ -78.897289773653284, 42.96034434509243 ], [ -78.893220771713345, 42.958244345373117 ], [ -78.895517773986768, 42.95857234547011 ], [ -78.907597806274012, 42.945652350577078 ], [ -78.907185807902593, 42.944123351015882 ], [ -78.914008818470265, 42.942477352326947 ], [ -78.912450797304473, 42.956246347643152 ] ] ] } },
{ "type": "Feature", "properties": { "GEOID": "36029009010", "tract_name": "Census Tract 90.10; Erie County; New York", "median_age": 39.7, "median_income": 128750.0, "population_density": 3019.2451852296681, "county": "Erie" }, "geometry": { "type": "Polygon", "coordinates": [ [ [ -78.758859560095715, 43.024565330932894 ], [ -78.747728552415197, 43.034722327215157 ], [ -78.696946602565149, 43.033398271636315 ], [ -78.696936606217577, 43.023209272463639 ], [ -78.732309570116072, 43.022939311450187 ], [ -78.732817568682407, 43.027089311606112 ], [ -78.740373561688031, 43.023859320240518 ], [ -78.758859560095715, 43.024565330932894 ] ] ] } },
{ "type": "Feature", "properties": { "GEOID": "36073040603", "tract_name": "Census Tract 406.03; Orleans County; New York", "median_age": 53.6, "median_income": 56895.0, "population_density": 58.315507813551342, "county": "Orleans" }, "geometry": { "type": "Polygon", "coordinates": [ [ [ -78.310427711051602, 43.218747922985997 ], [ -78.299006718353908, 43.218861914918875 ], [ -78.296871654852083, 43.306180962567822 ], [ -78.190191601742242, 43.306117946908657 ], [ -78.115515483285392, 43.307905976042008 ], [ -78.115610571987375, 43.198577010558765 ], [ -78.134575595124957, 43.198893994436638 ], [ -78.135794594926963, 43.200539991883019 ], [ -78.135961581288086, 43.213884979287158 ], [ -78.146255592452675, 43.218112966850526 ], [ -78.170818630361708, 43.216662947920256 ], [ -78.229953715873322, 43.207134907553325 ], [ -78.241997731908981, 43.206432898172302 ], [ -78.258268735939609, 43.20211490061029 ], [ -78.309702708876003, 43.202095933591075 ], [ -78.310427711051602, 43.218747922985997 ] ], [ [ -78.253140762258056, 43.251604857895636 ], [ -78.220932708514937, 43.251454878358217 ], [ -78.214256696933234, 43.248729883380314 ], [ -78.223626714782185, 43.247032877305095 ], [ -78.223862713861379, 43.23985288350174 ], [ -78.201736673587746, 43.240859900603951 ], [ -78.20188167462797, 43.234186906495836 ], [ -78.194048661009134, 43.234292912797635 ], [ -78.194424665034305, 43.218993926325915 ], [ -78.179376641997905, 43.219262938485038 ], [ -78.178870631589092, 43.241268918830976 ], [ -78.166083607957191, 43.241548928972634 ], [ -78.165827598336179, 43.255631924918852 ], [ -78.17835062434915, 43.253080913496866 ], [ -78.177932615891734, 43.262940920851712 ], [ -78.193129644396777, 43.262829909955059 ], [ -78.193203646247028, 43.26088190828915 ], [ -78.206021675432396, 43.255653894139719 ], [ -78.205647677675458, 43.252578891590254 ], [ -78.20834668550502, 43.247529889241463 ], [ -78.213244694965553, 43.248601884314105 ], [ -78.226236713609623, 43.256202879244746 ], [ -78.247649757825059, 43.253623859731128 ], [ -78.253140762258056, 43.251604857895636 ] ] ] } },
{ "type": "Feature", "properties": { "GEOID": "36073040601", "tract_name": "Census Tract 406.01; Orleans County; New York", "median_age": 44.6, "median_income": 79732.0, "population_density": 36.461386162935227, "county": "Orleans" }, "geometry": { "type": "Polygon", "coordinates": [ [ [ -78.310499697641973, 43.131443981051355 ], [ -78.310352708555499, 43.202234933915229 ], [ -78.258268735939609, 43.20211490061029 ], [ -78.241997731908981, 43.206432898172302 ], [ -78.229953715873322, 43.207134907553325 ], [ -78.170818630361708, 43.216662947920256 ], [ -78.146255592452675, 43.218112966850526 ], [ -78.135961581288086, 43.213884979287158 ], [ -78.135794594926963, 43.200539991883019 ], [ -78.134575595124957, 43.198893994436638 ], [ -78.115610571987375, 43.198577010558765 ], [ -78.115471659461988, 43.132396073125321 ], [ -78.310499697641973, 43.131443981051355 ] ] ] } },
{ "type": "Feature", "properties": { "GEOID": "36073040702", "tract_name": "Census Tract 407.02; Orleans County; New York", "median_age": 45.5, "median_income": 39233.0, "population_density": 1329.792542954192, "county": "Orleans" }, "geometry": { "type": "Polygon", "coordinates": [ [ [ -78.253135762095425, 43.251736858057711 ], [ -78.226236713609623, 43.256202879244746 ], [ -78.213244694965553, 43.248601884314105 ], [ -78.20834668550502, 43.247529889241463 ], [ -78.205647677675458, 43.252578891590254 ], [ -78.206021675432396, 43.255653894139719 ], [ -78.193203646247028, 43.26088190828915 ], [ -78.193129644396777, 43.262829909955059 ], [ -78.177932615891734, 43.262940920851712 ], [ -78.17835062434915, 43.253080913496866 ], [ -78.165827598336179, 43.255631924918852 ], [ -78.165989604436689, 43.246965924073628 ], [ -78.208775686361122, 43.245934890324932 ], [ -78.220241707257756, 43.251371878823825 ], [ -78.253135762095425, 43.251736858057711 ] ] ] } },
{ "type": "Feature", "properties": { "GEOID": "36073040701", "tract_name": "Census Tract 407.01; Orleans County; New York", "median_age": 41.5, "median_income": 55464.0, "population_density": 1266.664441027212, "county": "Orleans" }, "geometry": { "type": "Polygon", "coordinates": [ [ [ -78.214510696945482, 43.240783890281072 ], [ -78.214484697010477, 43.24265688862711 ], [ -78.210350689346143, 43.242736891914447 ], [ -78.209983688656251, 43.245892889383008 ], [ -78.165989604436689, 43.246965924073628 ], [ -78.166083607957191, 43.241548928972634 ], [ -78.178870631589092, 43.241268918830976 ], [ -78.179376641997905, 43.219262938485038 ], [ -78.194424665034305, 43.218993926325915 ], [ -78.194048661009134, 43.234292912797635 ], [ -78.20188167462797, 43.234186906495836 ], [ -78.201736673587746, 43.240859900603951 ], [ -78.214510696945482, 43.240783890281072 ] ] ] } },
{ "type": "Feature", "properties": { "GEOID": "36073040602", "tract_name": "Census Tract 406.02; Orleans County; New York", "median_age": 34.4, "median_income": null, "population_density": 5277.8861145732772, "county": "Orleans" }, "geometry": { "type": "Polygon", "coordinates": [ [ [ -78.223862713861379, 43.23985288350174 ], [ -78.223626714782185, 43.247032877305095 ], [ -78.214256696933234, 43.248729883380314 ], [ -78.208774686356165, 43.246089890186681 ], [ -78.210239689142327, 43.245693889353809 ], [ -78.210350689346143, 43.242736891914447 ], [ -78.214484697010477, 43.24265688862711 ], [ -78.214506696955794, 43.241075890023183 ], [ -78.223862713861379, 43.23985288350174 ] ] ] } },
{ "type": "Feature", "properties": { "GEOID": "36055014601", "tract_name": "Census Tract 146.01; Monroe County; New York", "median_age": 44.3, "median_income": 92083.0, "population_density": 545.47542717894589, "county": "Monroe" }, "geometry": { "type": "Polygon", "coordinates": [ [ [ -77.820079622438115, 43.037699115132391 ], [ -77.818489507281498, 43.107612094606282 ], [ -77.802903490460324, 43.1080100856352 ], [ -77.787690470610471, 43.110936076543716 ], [ -77.782866470252031, 43.107572074300137 ], [ -77.750843437374868, 43.107153056037639 ], [ -77.748649438859999, 43.105904053338286 ], [ -77.75892545322408, 43.100855060885756 ], [ -77.773506468717784, 43.101171069564302 ], [ -77.778023479571758, 43.096658072762722 ], [ -77.778047483436595, 43.093742073104963 ], [ -77.78174048897047, 43.092763075540176 ], [ -77.780052492837726, 43.088399075002513 ], [ -77.781373497055284, 43.086417076106351 ], [ -77.783602543238416, 43.054343081882259 ], [ -77.77934655037653, 43.04436607972017 ], [ -77.778140559078437, 43.036381079626885 ], [ -77.820079622438115, 43.037699115132391 ] ] ] } },
{ "type": "Feature", "properties": { "GEOID": "36055015303", "tract_name": "Census Tract 153.03; Monroe County; New York", "median_age": 30.3, "median_income": 52813.0, "population_density": 2471.2089214554135, "county": "Monroe" }, "geometry": { "type": "Polygon", "coordinates": [ [ [ -77.958783413956965, 43.198367098722052 ], [ -77.957722394650915, 43.205556092522798 ], [ -77.949336392175269, 43.205459091107805 ], [ -77.945498377776275, 43.210635086371191 ], [ -77.922366377884501, 43.207782084694195 ], [ -77.922272400501953, 43.198229091268473 ], [ -77.958783413956965, 43.198367098722052 ] ] ] } },
{ "type": "Feature", "properties": { "GEOID": "36055015304", "tract_name": "Census Tract 153.04; Monroe County; New York", "median_age": 33.7, "median_income": 46766.0, "population_density": 1797.5013901500356, "county": "Monroe" }, "geometry": { "type": "Polygon", "coordinates": [ [ [ -77.967867374484953, 43.214233086758135 ], [ -77.967009358705738, 43.219999081624593 ], [ -77.892126342709844, 43.219800072742203 ], [ -77.894851360976332, 43.211660077793312 ], [ -77.922371360542101, 43.215096079646543 ], [ -77.922366377884501, 43.207782084694195 ], [ -77.942882377141942, 43.210588085995141 ], [ -77.942545371294358, 43.212871084181685 ], [ -77.947317371529863, 43.213286084563244 ], [ -77.948071367701459, 43.214861083424857 ], [ -77.967867374484953, 43.214233086758135 ] ] ] } },
{ "type": "Feature", "properties": { "GEOID": "36011041400", "tract_name": "Census Tract 414; Cayuga County; New York", "median_age": 46.3, "median_income": 46250.0, "population_density": 3061.33293766939, "county": "Cayuga" }, "geometry": { "type": "Polygon", "coordinates": [ [ [ -76.567369820703334, 42.948772206685433 ], [ -76.565133824070088, 42.954449212993985 ], [ -76.539303797762102, 42.9554432358524 ], [ -76.538160794900648, 42.953782235349408 ], [ -76.538421785454489, 42.944014226434597 ], [ -76.562051801092181, 42.934860200002973 ], [ -76.566292804956902, 42.934288196274956 ], [ -76.567369820703334, 42.948772206685433 ] ] ] } },
{ "type": "Feature", "properties": { "GEOID": "36011040900", "tract_name": "Census Tract 409; Cayuga County; New York", "median_age": 46.1, "median_income": 66875.0, "population_density": 43.922531097844832, "county": "Cayuga" }, "geometry": { "type": "Polygon", "coordinates": [ [ [ -76.46260047594977, 42.691775197147827 ], [ -76.367572436975905, 42.695537238856069 ], [ -76.372463468928828, 42.781810223127408 ], [ -76.279067385711286, 42.78586432611457 ], [ -76.275348378328644, 42.780468324007693 ], [ -76.265584450698825, 42.623586278316509 ], [ -76.458474418412749, 42.61860632503231 ], [ -76.46260047594977, 42.691775197147827 ] ] ] } },
{ "type": "Feature", "properties": { "GEOID": "36011040800", "tract_name": "Census Tract 408; Cayuga County; New York", "median_age": 43.3, "median_income": 69625.0, "population_density": 59.901532874453331, "county": "Cayuga" }, "geometry": { "type": "Polygon", "coordinates": [ [ [ -76.515348659773395, 42.84096214405151 ], [ -76.472573618493442, 42.84222518105522 ], [ -76.47265062103817, 42.844833183712083 ], [ -76.356974510031804, 42.849448313185583 ], [ -76.305762431415246, 42.813336328362659 ], [ -76.292357409493732, 42.801187329127345 ], [ -76.279067385711286, 42.78586432611457 ], [ -76.372463468928828, 42.781810223127408 ], [ -76.367572436975905, 42.695537238856069 ], [ -76.46260047594977, 42.691775197147827 ], [ -76.465805531650659, 42.756870098467168 ], [ -76.482710570577424, 42.781714106802241 ], [ -76.50514161940616, 42.81017911675373 ], [ -76.51126863995124, 42.824941129732103 ], [ -76.515348659773395, 42.84096214405151 ] ] ] } },
{ "type": "Feature", "properties": { "GEOID": "36011040300", "tract_name": "Census Tract 403; Cayuga County; New York", "median_age": 44.9, "median_income": 56500.0, "population_density": 72.662396435019005, "county": "Cayuga" }, "geometry": { "type": "Polygon", "coordinates": [ [ [ -76.715651120813774, 43.064592149708716 ], [ -76.711747122062633, 43.068688156397393 ], [ -76.705886118374679, 43.070782162856247 ], [ -76.702325127161046, 43.080157173409461 ], [ -76.707561244360392, 43.161736237943828 ], [ -76.593330118063733, 43.167147297266681 ], [ -76.587985012957077, 43.091061265862862 ], [ -76.601780027796579, 43.090502255516199 ], [ -76.600812006595049, 43.07510724870162 ], [ -76.603017008248713, 43.074483246666446 ], [ -76.601442979352996, 43.053716237710169 ], [ -76.593644971068954, 43.053991244490447 ], [ -76.590171910722091, 43.010545227741687 ], [ -76.667900990673516, 43.007300148077995 ], [ -76.67099305312982, 43.051260176610008 ], [ -76.662068043489072, 43.051438184418906 ], [ -76.663405070048753, 43.0701481962682 ], [ -76.670900072484997, 43.065732187102618 ], [ -76.677783077537214, 43.063788180060421 ], [ -76.682701076983889, 43.059324172642746 ], [ -76.704345111870353, 43.067273161173041 ], [ -76.713454117513749, 43.063969150968703 ], [ -76.715651120813774, 43.064592149708716 ] ] ] } },
{ "type": "Feature", "properties": { "GEOID": "36001014803", "tract_name": "Census Tract 148.03; Albany County; New York", "median_age": 42.4, "median_income": 83220.0, "population_density": 54.821696358926523, "county": "Albany" }, "geometry": { "type": "Polygon", "coordinates": [ [ [ -74.119249949586404, 42.551214915375603 ], [ -74.001036116505219, 42.565625938771795 ], [ -73.996274104764538, 42.544866948246082 ], [ -73.975523094775127, 42.542718963584917 ], [ -73.963792056355928, 42.44162108591938 ], [ -74.090670972335218, 42.426833036766887 ], [ -74.119249949586404, 42.551214915375603 ] ] ] } },
{ "type": "Feature", "properties": { "GEOID": "36001013703", "tract_name": "Census Tract 137.03; Albany County; New York", "median_age": 42.4, "median_income": 100242.0, "population_density": 365.59121728637734, "county": "Albany" }, "geometry": { "type": "Polygon", "coordinates": [ [ [ -73.847079081352916, 42.746411900211491 ], [ -73.837871073474815, 42.748536899697889 ], [ -73.839569073154664, 42.757983898579731 ], [ -73.831626065872655, 42.759245899522782 ], [ -73.824895057008987, 42.772993900668318 ], [ -73.81383204905022, 42.766268901749008 ], [ -73.799899037743913, 42.762117903229012 ], [ -73.793416033206427, 42.752482903709613 ], [ -73.794207033920785, 42.746492906729301 ], [ -73.791538031056319, 42.740067912933128 ], [ -73.782876023319702, 42.738324915805428 ], [ -73.791339030154091, 42.730055922117025 ], [ -73.811253045550743, 42.715614931092865 ], [ -73.816480050349753, 42.719301926875154 ], [ -73.81601505014315, 42.720698925789748 ], [ -73.809582044676873, 42.720018927649434 ], [ -73.808616044107112, 42.722129926015995 ], [ -73.81086504612172, 42.72317692468085 ], [ -73.808665044401707, 42.724376924062632 ], [ -73.826381060671793, 42.732697913963506 ], [ -73.827084060654599, 42.728674917117559 ], [ -73.833234066196411, 42.730305914743319 ], [ -73.840550073673384, 42.73665790857752 ], [ -73.836734071461777, 42.742986904190197 ], [ -73.843993078052634, 42.743682902682387 ], [ -73.847079081352916, 42.746411900211491 ] ] ] } },
{ "type": "Feature", "properties": { "GEOID": "36001014502", "tract_name": "Census Tract 145.02; Albany County; New York", "median_age": 52.5, "median_income": 114315.0, "population_density": 99.288010296353875, "county": "Albany" }, "geometry": { "type": "Polygon", "coordinates": [ [ [ -74.007672123635956, 42.595368928068524 ], [ -74.003202130255374, 42.595916928718538 ], [ -74.000002136415901, 42.598854928365675 ], [ -73.996974134987482, 42.599305929867114 ], [ -73.988648128822305, 42.596408935415127 ], [ -73.986511125815056, 42.592918937845667 ], [ -73.974347119970517, 42.59440294409788 ], [ -73.971159124657575, 42.607517940601504 ], [ -73.975574131906171, 42.616937934634223 ], [ -73.975430134725286, 42.622751932437843 ], [ -73.973812134338303, 42.623962932731693 ], [ -73.968644130558815, 42.622700935695349 ], [ -73.951151121597661, 42.62656594226663 ], [ -73.942642115250919, 42.624020947462867 ], [ -73.919938103175156, 42.62900395547851 ], [ -73.911893098135252, 42.62896695919347 ], [ -73.903546094059848, 42.632389960990878 ], [ -73.882566079416947, 42.627573973573725 ], [ -73.885170079068601, 42.620797976752506 ], [ -73.886822074860106, 42.603084987334768 ], [ -73.880788067133551, 42.587665000722168 ], [ -73.874656061764995, 42.579672009671818 ], [ -73.875077058590691, 42.566971018003848 ], [ -73.883193052815543, 42.533092034958315 ], [ -73.996274104764538, 42.544866948246082 ], [ -74.007672123635956, 42.595368928068524 ] ] ] } },
{ "type": "Feature", "properties": { "GEOID": "36029009107", "tract_name": "Census Tract 91.07; Erie County; New York", "median_age": 30.2, "median_income": 79629.0, "population_density": 2366.6586837705472, "county": "Erie" }, "geometry": { "type": "Polygon", "coordinates": [ [ [ -78.832237611640977, 43.04869833129068 ], [ -78.829144607380329, 43.05135533105851 ], [ -78.81384559564512, 43.05166333044415 ], [ -78.804624586824815, 43.055185329860436 ], [ -78.800462585086422, 43.052620329855408 ], [ -78.798979599213212, 43.021785331868848 ], [ -78.800544601364962, 43.020499331979671 ], [ -78.807431608036609, 43.020502332086792 ], [ -78.807471607153133, 43.022170331986054 ], [ -78.822179619514614, 43.024796332103676 ], [ -78.822211615466614, 43.031021331795742 ], [ -78.828805621994491, 43.030137331990595 ], [ -78.825366616511062, 43.033654331745943 ], [ -78.826748613678888, 43.039546331509577 ], [ -78.832237611640977, 43.04869833129068 ] ] ] } },
{ "type": "Feature", "properties": { "GEOID": "36055014906", "tract_name": "Census Tract 149.06; Monroe County; New York", "median_age": 40.7, "median_income": 77656.0, "population_density": 491.28079870114374, "county": "Monroe" }, "geometry": { "type": "Polygon", "coordinates": [ [ [ -77.805715430019077, 43.149737077924435 ], [ -77.80419838071532, 43.181708070376615 ], [ -77.773889366522667, 43.180977062158135 ], [ -77.773339348658297, 43.194698060723752 ], [ -77.799638358204746, 43.19543506640106 ], [ -77.796903344215067, 43.20430606413732 ], [ -77.753133330615043, 43.203405056139985 ], [ -77.753911383876343, 43.15690505701339 ], [ -77.774490396188696, 43.158218064556188 ], [ -77.774690408239408, 43.148992065541869 ], [ -77.805715430019077, 43.149737077924435 ] ] ] } },
{ "type": "Feature", "properties": { "GEOID": "36001001600", "tract_name": "Census Tract 16; Albany County; New York", "median_age": 25.4, "median_income": 59795.0, "population_density": 13474.922079519409, "county": "Albany" }, "geometry": { "type": "Polygon", "coordinates": [ [ [ -73.798693029775464, 42.655331987623562 ], [ -73.788922023692962, 42.664585982850944 ], [ -73.784157020170127, 42.661865987098714 ], [ -73.782423019039427, 42.663503986193049 ], [ -73.779838017179671, 42.662683987902597 ], [ -73.788760022816163, 42.65313999345981 ], [ -73.798693029775464, 42.655331987623562 ] ] ] } },
{ "type": "Feature", "properties": { "GEOID": "36011040400", "tract_name": "Census Tract 404; Cayuga County; New York", "median_age": 48.0, "median_income": 74893.0, "population_density": 191.41147724846277, "county": "Cayuga" }, "geometry": { "type": "Polygon", "coordinates": [ [ [ -76.603017008248713, 43.074483246666446 ], [ -76.582240989743013, 43.078152264537813 ], [ -76.574961988753785, 43.083705272402518 ], [ -76.571409980278347, 43.080232273721016 ], [ -76.565100969614022, 43.077449277519555 ], [ -76.55868495397425, 43.070867280188232 ], [ -76.54352693813091, 43.071728292521485 ], [ -76.539236936459659, 43.074184296628886 ], [ -76.521571917111544, 43.074522310584896 ], [ -76.511584910338414, 43.078028319103403 ], [ -76.506739909507104, 43.081696323504758 ], [ -76.501694913015001, 43.089025328532806 ], [ -76.499312921335459, 43.097947331732563 ], [ -76.492667810129447, 43.015310326139137 ], [ -76.590171910722091, 43.010545227741687 ], [ -76.593644971068954, 43.053991244490447 ], [ -76.601442979352996, 43.053716237710169 ], [ -76.603017008248713, 43.074483246666446 ] ] ] } },
{ "type": "Feature", "properties": { "GEOID": "36011040600", "tract_name": "Census Tract 406; Cayuga County; New York", "median_age": 46.4, "median_income": 106083.0, "population_density": 114.5287029800735, "county": "Cayuga" }, "geometry": { "type": "Polygon", "coordinates": [ [ [ -76.571210873538661, 42.99702024022077 ], [ -76.569420871800972, 42.997209242188667 ], [ -76.570310890424196, 43.011510247883287 ], [ -76.492667810129447, 43.015310326139137 ], [ -76.491941796479395, 43.004962325576521 ], [ -76.462999764123794, 43.006314357820145 ], [ -76.457428684672237, 42.92952228949229 ], [ -76.536915766882629, 42.926933212351074 ], [ -76.539041794551096, 42.952496233460735 ], [ -76.53803479348484, 42.95249323430712 ], [ -76.539303797762102, 42.9554432358524 ], [ -76.567733826717884, 42.954350210705108 ], [ -76.571210873538661, 42.99702024022077 ] ] ] } },
{ "type": "Feature", "properties": { "GEOID": "36011040700", "tract_name": "Census Tract 407; Cayuga County; New York", "median_age": 53.2, "median_income": 106991.0, "population_density": 151.88209105095194, "county": "Cayuga" }, "geometry": { "type": "Polygon", "coordinates": [ [ [ -76.552447782552051, 42.926396200368536 ], [ -76.457428684672237, 42.92952228949229 ], [ -76.450738600147929, 42.845758208263369 ], [ -76.47265062103817, 42.844833183712083 ], [ -76.472573618493442, 42.84222518105522 ], [ -76.515348659773395, 42.84096214405151 ], [ -76.522094691178566, 42.86592416514199 ], [ -76.54264574844332, 42.902449186712204 ], [ -76.542977750877554, 42.904546188326357 ], [ -76.540053747902903, 42.90459119028003 ], [ -76.540361749456281, 42.905831191172503 ], [ -76.542955754679156, 42.908380191684607 ], [ -76.546354758633044, 42.908818189784654 ], [ -76.544844759339981, 42.911091192763926 ], [ -76.548950776661016, 42.924154201055558 ], [ -76.552447782552051, 42.926396200368536 ] ] ] } },
{ "type": "Feature", "properties": { "GEOID": "36065980002", "tract_name": "Census Tract 9800.02; Oneida County; New York", "median_age": null, "median_income": null, "population_density": 0.0, "county": "Oneida" }, "geometry": { "type": "Polygon", "coordinates": [ [ [ -75.255143280474869, 43.111263867324581 ], [ -75.254011280254943, 43.112837867835218 ], [ -75.246781275963741, 43.11324387151415 ], [ -75.247666277160576, 43.115647871343334 ], [ -75.243284272772954, 43.110164874384736 ], [ -75.233755269901039, 43.123045889241553 ], [ -75.205366247183832, 43.112001917368239 ], [ -75.182907230435276, 43.109088941668269 ], [ -75.170016219529913, 43.105157955091208 ], [ -75.180598221834074, 43.093775940115272 ], [ -75.230077262563384, 43.106666888041758 ], [ -75.255143280474869, 43.111263867324581 ] ] ] } },
{ "type": "Feature", "properties": { "GEOID": "36065026400", "tract_name": "Census Tract 264; Oneida County; New York", "median_age": 30.0, "median_income": 47381.0, "population_density": 13112.522840040539, "county": "Oneida" }, "geometry": { "type": "Polygon", "coordinates": [ [ [ -75.25601427532942, 43.089225860011922 ], [ -75.237297265353803, 43.098437877226715 ], [ -75.234132262397836, 43.096201880079114 ], [ -75.244119266685587, 43.084260864742994 ], [ -75.25601427532942, 43.089225860011922 ] ] ] } },
{ "type": "Feature", "properties": { "GEOID": "36001001902", "tract_name": "Census Tract 19.02; Albany County; New York", "median_age": 41.3, "median_income": 94550.0, "population_density": 5458.0282602687148, "county": "Albany" }, "geometry": { "type": "Polygon", "coordinates": [ [ [ -73.805820033560451, 42.644936993962681 ], [ -73.801757031117987, 42.647484993389369 ], [ -73.805096033472836, 42.648683990982647 ], [ -73.801965031692561, 42.651965989342798 ], [ -73.786657020860062, 42.644644002163297 ], [ -73.791668023755491, 42.638951005286437 ], [ -73.790482022888241, 42.637551007081029 ], [ -73.805820033560451, 42.644936993962681 ] ] ] } },
{ "type": "Feature", "properties": { "GEOID": "36001002100", "tract_name": "Census Tract 21; Albany County; New York", "median_age": 26.9, "median_income": 36569.0, "population_density": 5885.1120084615904, "county": "Albany" }, "geometry": { "type": "Polygon", "coordinates": [ [ [ -73.786665020876782, 42.644829001988349 ], [ -73.784991020239033, 42.652948995109284 ], [ -73.782890018802988, 42.652825996046069 ], [ -73.777410015283706, 42.657985993266948 ], [ -73.767713008474004, 42.652438002365443 ], [ -73.771418010809782, 42.645581007571209 ], [ -73.772669011690823, 42.647333005360593 ], [ -73.782814018270969, 42.643728004616456 ], [ -73.786665020876782, 42.644829001988349 ] ] ] } },
{ "type": "Feature", "properties": { "GEOID": "36001002500", "tract_name": "Census Tract 25; Albany County; New York", "median_age": 32.5, "median_income": 31115.0, "population_density": 10133.464774369031, "county": "Albany" }, "geometry": { "type": "Polygon", "coordinates": [ [ [ -73.763234005328911, 42.638477018007428 ], [ -73.756496000906495, 42.646238013051871 ], [ -73.747643994682178, 42.643232022413258 ], [ -73.750669997233885, 42.637023024935147 ], [ -73.755965000626873, 42.638507021118343 ], [ -73.760309003436006, 42.636838020915171 ], [ -73.763234005328911, 42.638477018007428 ] ] ] } },
{ "type": "Feature", "properties": { "GEOID": "36001002600", "tract_name": "Census Tract 26; Albany County; New York", "median_age": 36.1, "median_income": 64359.0, "population_density": 2664.6871375635992, "county": "Albany" }, "geometry": { "type": "Polygon", "coordinates": [ [ [ -73.778165015154329, 42.642468007755511 ], [ -73.771418010809782, 42.645581007571209 ], [ -73.765348006762594, 42.643877011755968 ], [ -73.766108007240476, 42.642222013071589 ], [ -73.761868004450648, 42.639733017343758 ], [ -73.763234005328911, 42.638477018007428 ], [ -73.760309003436006, 42.636838020915171 ], [ -73.755965000626873, 42.638507021118343 ], [ -73.750669997233885, 42.637023024935147 ], [ -73.759739003086509, 42.613789044316349 ], [ -73.76207300446309, 42.613910043022798 ], [ -73.763510005326282, 42.615858040365424 ], [ -73.765053006235647, 42.615194040256092 ], [ -73.764369005879743, 42.620149035685237 ], [ -73.768558008413578, 42.620271033536717 ], [ -73.776760013573067, 42.625450024615688 ], [ -73.774932012749048, 42.634234017030387 ], [ -73.77775901461851, 42.635907014179907 ], [ -73.778165015154329, 42.642468007755511 ] ] ] } },
{ "type": "Feature", "properties": { "GEOID": "36001012700", "tract_name": "Census Tract 127; Albany County; New York", "median_age": 34.4, "median_income": 73266.0, "population_density": 4128.9701462439534, "county": "Albany" }, "geometry": { "type": "Polygon", "coordinates": [ [ [ -73.69569602467503, 42.768144696490737 ], [ -73.693762028719291, 42.776976690417939 ], [ -73.688362027109292, 42.775476692290511 ], [ -73.683457027818093, 42.779111690534556 ], [ -73.681162028938118, 42.782976688288407 ], [ -73.676762028113586, 42.783276688844289 ], [ -73.683762022675879, 42.766676698990551 ], [ -73.684362020250163, 42.76077770296358 ], [ -73.693962019885717, 42.758677703483229 ], [ -73.69569602467503, 42.768144696490737 ] ] ] } },
{ "type": "Feature", "properties": { "GEOID": "36001012800", "tract_name": "Census Tract 128; Albany County; New York", "median_age": 27.8, "median_income": 37748.0, "population_density": 5776.0146290277817, "county": "Albany" }, "geometry": { "type": "Polygon", "coordinates": [ [ [ -73.707777030010135, 42.774987689785135 ], [ -73.704863028375428, 42.772888691785766 ], [ -73.700085028485532, 42.774437691317104 ], [ -73.694612027278566, 42.773727692619794 ], [ -73.695762024599304, 42.76797669660364 ], [ -73.694562020113764, 42.759077703138686 ], [ -73.697262019258801, 42.757084704323191 ], [ -73.698857016259623, 42.751142708521101 ], [ -73.705258016893808, 42.752218707249511 ], [ -73.702964019941476, 42.75787970321349 ], [ -73.706046020696405, 42.758950702118888 ], [ -73.703575022758415, 42.762971699359994 ], [ -73.705079027961489, 42.772088692355702 ], [ -73.707777030010135, 42.774987689785135 ] ] ] } },
{ "type": "Feature", "properties": { "GEOID": "36001012900", "tract_name": "Census Tract 129; Albany County; New York", "median_age": 31.5, "median_income": 59347.0, "population_density": 4922.4439432104955, "county": "Albany" }, "geometry": { "type": "Polygon", "coordinates": [ [ [ -73.722463044095818, 42.792476673564821 ], [ -73.719861043381627, 42.792477674087138 ], [ -73.714856039834189, 42.788978677824886 ], [ -73.715163042277169, 42.792776674797935 ], [ -73.71066304180367, 42.794076674708904 ], [ -73.708963037591303, 42.787676679938038 ], [ -73.693762028719291, 42.776976690417939 ], [ -73.694453027450407, 42.774129692354165 ], [ -73.702267028723298, 42.774242691145474 ], [ -73.704863028375428, 42.772888691785766 ], [ -73.709790031206566, 42.77647268835409 ], [ -73.713406036285932, 42.783772682141262 ], [ -73.722463044095818, 42.792476673564821 ] ] ] } },
{ "type": "Feature", "properties": { "GEOID": "36001013000", "tract_name": "Census Tract 130; Albany County; New York", "median_age": 49.9, "median_income": 82197.0, "population_density": 3519.0746853016726, "county": "Albany" }, "geometry": { "type": "Polygon", "coordinates": [ [ [ -73.731614981766057, 42.766380941162026 ], [ -73.728759030772125, 42.771319689730682 ], [ -73.731138982565128, 42.779188942450979 ], [ -73.730063982615633, 42.787576944639298 ], [ -73.722918044063931, 42.792243673661083 ], [ -73.7143280371494, 42.784845681144986 ], [ -73.710215031600853, 42.777017687872217 ], [ -73.705540028513056, 42.772956691639806 ], [ -73.703613022284628, 42.762100700005334 ], [ -73.706046020696405, 42.758950702118888 ], [ -73.709943022379591, 42.76143769983841 ], [ -73.731614981766057, 42.766380941162026 ] ] ] } },
{ "type": "Feature", "properties": { "GEOID": "36065980003", "tract_name": "Census Tract 9800.03; Oneida County; New York", "median_age": null, "median_income": null, "population_density": 0.0, "county": "Oneida" }, "geometry": { "type": "Polygon", "coordinates": [ [ [ -75.261796275260721, 43.078643856891496 ], [ -75.253398272534042, 43.08304385779568 ], [ -75.250328271993055, 43.086757858875671 ], [ -75.232656256552488, 43.079981876492944 ], [ -75.244907262583354, 43.065770857609714 ], [ -75.246708264729918, 43.068367856391042 ], [ -75.247908265449155, 43.067267854621939 ], [ -75.252909268883926, 43.069167853082554 ], [ -75.250110269093483, 43.075068854865407 ], [ -75.25801227289665, 43.07616885581664 ], [ -75.261796275260721, 43.078643856891496 ] ] ] } },
{ "type": "Feature", "properties": { "GEOID": "36065024102", "tract_name": "Census Tract 241.02; Oneida County; New York", "median_age": 47.0, "median_income": 76765.0, "population_density": 31.070677342916451, "county": "Oneida" }, "geometry": { "type": "Polygon", "coordinates": [ [ [ -75.326559374015844, 43.398240844890296 ], [ -75.22210528697731, 43.406176907816786 ], [ -75.203553284646674, 43.408364913312532 ], [ -75.201375284183996, 43.410804913272848 ], [ -75.193776283743873, 43.405904917284552 ], [ -75.185676282734619, 43.406926919598192 ], [ -75.182793282699222, 43.402853922092199 ], [ -75.169136281402189, 43.397634929077569 ], [ -75.165755280860509, 43.399869929308949 ], [ -75.168834280919953, 43.405090925924398 ], [ -75.166802280621923, 43.406170926124261 ], [ -75.166388280675136, 43.404418927045867 ], [ -75.161620280178965, 43.403305929178856 ], [ -75.163460280569993, 43.400121930012318 ], [ -75.157578279856423, 43.400237932049784 ], [ -75.153203279472606, 43.397129935165566 ], [ -75.147620278819275, 43.396309937652198 ], [ -75.15154927937408, 43.39475993698089 ], [ -75.149580279263574, 43.391563939377768 ], [ -75.14764827896515, 43.392818939474658 ], [ -75.143243278431598, 43.392132941547715 ], [ -75.139450277782828, 43.397071940262727 ], [ -75.134745277167795, 43.39830294128479 ], [ -75.132946276983972, 43.397016942691678 ], [ -75.125601275986043, 43.401459942663749 ], [ -75.11997027532415, 43.400898944995504 ], [ -75.118851275226461, 43.398497946935663 ], [ -75.117882275088832, 43.39987894639264 ], [ -75.11292627450068, 43.398927948796967 ], [ -75.109464274068145, 43.4007599487962 ], [ -75.10463627349003, 43.400715950532877 ], [ -75.101482273113135, 43.402825950138656 ], [ -75.102853273272828, 43.405364947864314 ], [ -75.095842272477896, 43.408256948072705 ], [ -75.096792272596161, 43.410595946048296 ], [ -75.086851271579661, 43.41700894418436 ], [ -75.076581268539741, 43.330704017707248 ], [ -75.091750271286656, 43.328612009549794 ], [ -75.092922271458264, 43.323146012889538 ], [ -75.099839272770183, 43.32517400676965 ], [ -75.106495274063576, 43.313538010427315 ], [ -75.19883529129261, 43.325385940898073 ], [ -75.204314294124245, 43.305622943022939 ], [ -75.216013296317058, 43.307611933819942 ], [ -75.232511301554084, 43.291416924500012 ], [ -75.313372366316187, 43.287048889633908 ], [ -75.326559374015844, 43.398240844890296 ] ] ] } },
{ "type": "Feature", "properties": { "GEOID": "36065024101", "tract_name": "Census Tract 241.01; Oneida County; New York", "median_age": 50.1, "median_income": 58846.0, "population_density": 19.189819384775308, "county": "Oneida" }, "geometry": { "type": "Polygon", "coordinates": [ [ [ -75.234658282203398, 43.458629894926204 ], [ -75.232692281529665, 43.463253894344518 ], [ -75.211584279183455, 43.473433893704218 ], [ -75.225255335475595, 43.562210715761047 ], [ -75.11016026430552, 43.615227603080676 ], [ -75.087628271648526, 43.416001944739577 ], [ -75.096792272596161, 43.410595946048296 ], [ -75.095842272477896, 43.408256948072705 ], [ -75.102853273272828, 43.405364947864314 ], [ -75.101482273113135, 43.402825950138656 ], [ -75.10463627349003, 43.400715950532877 ], [ -75.109464274068145, 43.4007599487962 ], [ -75.11292627450068, 43.398927948796967 ], [ -75.117882275088832, 43.39987894639264 ], [ -75.118851275226461, 43.398497946935663 ], [ -75.11997027532415, 43.400898944995504 ], [ -75.125601275986043, 43.401459942663749 ], [ -75.132946276983972, 43.397016942691678 ], [ -75.134745277167795, 43.39830294128479 ], [ -75.139450277782828, 43.397071940262727 ], [ -75.143243278431598, 43.392132941547715 ], [ -75.14764827896515, 43.392818939474658 ], [ -75.149580279263574, 43.391563939377768 ], [ -75.15154927937408, 43.39475993698089 ], [ -75.147620278819275, 43.396309937652198 ], [ -75.153203279472606, 43.397129935165566 ], [ -75.157578279856423, 43.400237932049784 ], [ -75.163460280569993, 43.400121930012318 ], [ -75.161620280178965, 43.403305929178856 ], [ -75.166388280675136, 43.404418927045867 ], [ -75.166802280621923, 43.406170926124261 ], [ -75.168834280919953, 43.405090925924398 ], [ -75.165755280860509, 43.399869929308949 ], [ -75.169136281402189, 43.397634929077569 ], [ -75.182793282699222, 43.402853922092199 ], [ -75.185676282734619, 43.406926919598192 ], [ -75.193776283743873, 43.405904917284552 ], [ -75.201375284183996, 43.410804913272848 ], [ -75.203925283005162, 43.426852907772776 ], [ -75.216184284304106, 43.425710905036553 ], [ -75.219176282696424, 43.443853900108181 ], [ -75.224353282289215, 43.451427897615297 ], [ -75.221945281859618, 43.453762897452215 ], [ -75.226114281961131, 43.455569896525112 ], [ -75.227634281562544, 43.460079895449709 ], [ -75.230888281774853, 43.46012289508748 ], [ -75.233331282229827, 43.457634895249804 ], [ -75.234658282203398, 43.458629894926204 ] ] ] } },
{ "type": "Feature", "properties": { "GEOID": "36065026100", "tract_name": "Census Tract 261; Oneida County; New York", "median_age": 37.7, "median_income": 86583.0, "population_density": 200.85582239270292, "county": "Oneida" }, "geometry": { "type": "Polygon", "coordinates": [ [ [ -75.42181741451283, 43.174267873889811 ], [ -75.340914359334874, 43.178762881786582 ], [ -75.339006357159192, 43.177078881633676 ], [ -75.340171357506875, 43.176061881328344 ], [ -75.335799353619876, 43.174417881387477 ], [ -75.33677035343139, 43.172549880927328 ], [ -75.335454351565261, 43.170533880628213 ], [ -75.333092349704586, 43.170076880724281 ], [ -75.331843349467732, 43.171466881114824 ], [ -75.332942349069427, 43.168921880496853 ], [ -75.323226340056877, 43.163697880090297 ], [ -75.326485341909816, 43.162871879683507 ], [ -75.323899339446285, 43.161242879498396 ], [ -75.32791634122745, 43.159164878787017 ], [ -75.320650333922615, 43.153429877935729 ], [ -75.32334333475977, 43.151303877319307 ], [ -75.324414333696311, 43.147279876376324 ], [ -75.332632340412573, 43.150510876695122 ], [ -75.334320340675418, 43.148724876247584 ], [ -75.332406338485882, 43.146621875896415 ], [ -75.333765337937848, 43.143563875209715 ], [ -75.339618341046872, 43.142386874762721 ], [ -75.339826340067617, 43.140064874300101 ], [ -75.345641342408783, 43.137526873645115 ], [ -75.346130339547514, 43.13113487244393 ], [ -75.352219340784657, 43.12647287152231 ], [ -75.360180344519051, 43.124786871175338 ], [ -75.360031342552688, 43.121247870598573 ], [ -75.364771345102682, 43.12098787055546 ], [ -75.365168342926097, 43.116580869872841 ], [ -75.369292343928478, 43.114263869558506 ], [ -75.42181741451283, 43.174267873889811 ] ] ] } },
{ "type": "Feature", "properties": { "GEOID": "36001000502", "tract_name": "Census Tract 5.02; Albany County; New York", "median_age": 21.8, "median_income": 60174.0, "population_density": 12626.301120244434, "county": "Albany" }, "geometry": { "type": "Polygon", "coordinates": [ [ [ -73.795359028524373, 42.667978977484054 ], [ -73.790799025595518, 42.672644974797429 ], [ -73.777420015570328, 42.66492998663788 ], [ -73.779838017179671, 42.662683987902597 ], [ -73.782423019039427, 42.663503986193049 ], [ -73.784157020170127, 42.661865987098714 ], [ -73.788922023692962, 42.664585982850944 ], [ -73.788146023192311, 42.665326982444228 ], [ -73.795359028524373, 42.667978977484054 ] ] ] } },
{ "type": "Feature", "properties": { "GEOID": "36117021800", "tract_name": "Census Tract 218; Wayne County; New York", "median_age": 40.3, "median_income": 57688.0, "population_density": 866.27600288574888, "county": "Wayne" }, "geometry": { "type": "Polygon", "coordinates": [ [ [ -76.886236263126506, 43.094419968536847 ], [ -76.856059250035983, 43.094879009221941 ], [ -76.855371213169605, 43.073504996234 ], [ -76.884854223221225, 43.072604958199278 ], [ -76.886236263126506, 43.094419968536847 ] ] ] } },
{ "type": "Feature", "properties": { "GEOID": "36001013100", "tract_name": "Census Tract 131; Albany County; New York", "median_age": 37.9, "median_income": 64018.0, "population_density": 3172.7470468622928, "county": "Albany" }, "geometry": { "type": "Polygon", "coordinates": [ [ [ -73.699464016093273, 42.749460709382106 ], [ -73.695635019954864, 42.758633703354526 ], [ -73.684362020250163, 42.76077770296358 ], [ -73.687262016787656, 42.752477708433524 ], [ -73.688962024310257, 42.738277711649296 ], [ -73.690162026604952, 42.735276711958292 ], [ -73.694662029381234, 42.732077711988467 ], [ -73.698080029258207, 42.732627711611165 ], [ -73.699092025619024, 42.737361710926557 ], [ -73.697787023451355, 42.740033710696409 ], [ -73.693597022127193, 42.741507710839691 ], [ -73.697432019779029, 42.744726710126812 ], [ -73.699464016093273, 42.749460709382106 ] ] ] } },
{ "type": "Feature", "properties": { "GEOID": "36001013200", "tract_name": "Census Tract 132; Albany County; New York", "median_age": 35.8, "median_income": 45688.0, "population_density": 9138.0134935502629, "county": "Albany" }, "geometry": { "type": "Polygon", "coordinates": [ [ [ -73.707312038433656, 42.722535711955267 ], [ -73.703537026261529, 42.736912710608195 ], [ -73.698941026469271, 42.73626871107659 ], [ -73.698080029258207, 42.732627711611165 ], [ -73.694662029381234, 42.732077711988467 ], [ -73.697263032182164, 42.728777712175685 ], [ -73.699363038164165, 42.721477712892451 ], [ -73.707312038433656, 42.722535711955267 ] ] ] } },
{ "type": "Feature", "properties": { "GEOID": "36029009004", "tract_name": "Census Tract 90.04; Erie County; New York", "median_age": 41.4, "median_income": 95781.0, "population_density": 2021.3942016317892, "county": "Erie" }, "geometry": { "type": "Polygon", "coordinates": [ [ [ -78.724475575217028, 43.034504301736249 ], [ -78.724557570368802, 43.053439300049796 ], [ -78.714200580342307, 43.051436288952488 ], [ -78.706610586338783, 43.054378280428317 ], [ -78.702749588606338, 43.058014275918055 ], [ -78.696913593898842, 43.057724269598907 ], [ -78.696946602565149, 43.033398271636315 ], [ -78.724475575217028, 43.034504301736249 ] ] ] } },
{ "type": "Feature", "properties": { "GEOID": "36065020102", "tract_name": "Census Tract 201.02; Oneida County; New York", "median_age": 37.2, "median_income": 42196.0, "population_density": 3436.0582366952522, "county": "Oneida" }, "geometry": { "type": "Polygon", "coordinates": [ [ [ -75.256997280741203, 43.108400866406441 ], [ -75.255826280498852, 43.109904866883078 ], [ -75.250886277498552, 43.108477866308434 ], [ -75.249860277372434, 43.110335867083037 ], [ -75.220610255044562, 43.104092897869457 ], [ -75.223319255993999, 43.101054893864635 ], [ -75.238968268655299, 43.106048877853858 ], [ -75.239091268148115, 43.103873876995905 ], [ -75.256997280741203, 43.108400866406441 ] ] ] } },
{ "type": "Feature", "properties": { "GEOID": "36001000401", "tract_name": "Census Tract 4.01; Albany County; New York", "median_age": 62.6, "median_income": 76641.0, "population_density": 653.58217424868064, "county": "Albany" }, "geometry": { "type": "Polygon", "coordinates": [ [ [ -73.894210112236522, 42.709770917104109 ], [ -73.897205115072595, 42.711038915641005 ], [ -73.869871095679599, 42.722377913971002 ], [ -73.834769062526107, 42.701515937246484 ], [ -73.842171066164511, 42.689799944394061 ], [ -73.898099114644268, 42.7074259176445 ], [ -73.894210112236522, 42.709770917104109 ] ] ] } },
{ "type": "Feature", "properties": { "GEOID": "36065026600", "tract_name": "Census Tract 266; Oneida County; New York", "median_age": 36.2, "median_income": null, "population_density": 1760.9040193680514, "county": "Oneida" }, "geometry": { "type": "Polygon", "coordinates": [ [ [ -75.320318339564849, 43.16719088108858 ], [ -75.316558337974485, 43.169604881936465 ], [ -75.313140334454843, 43.166802881536142 ], [ -75.306905331904701, 43.171275883118405 ], [ -75.303708328785063, 43.168971882793187 ], [ -75.296971325834747, 43.173726884583942 ], [ -75.291863320015977, 43.167426883295889 ], [ -75.295281321817271, 43.165870882619323 ], [ -75.296779321698466, 43.162712881669307 ], [ -75.300975325079875, 43.164145881755502 ], [ -75.305238327040371, 43.161692880836561 ], [ -75.293553316481479, 43.154169879570354 ], [ -75.298291318418165, 43.150988878475218 ], [ -75.312803331496497, 43.160084879948563 ], [ -75.320318339564849, 43.16719088108858 ] ] ] } },
{ "type": "Feature", "properties": { "GEOID": "36065020705", "tract_name": "Census Tract 207.05; Oneida County; New York", "median_age": 36.1, "median_income": 75114.0, "population_density": 9320.2287548228323, "county": "Oneida" }, "geometry": { "type": "Polygon", "coordinates": [ [ [ -75.265209278483027, 43.084625859025273 ], [ -75.25601427532942, 43.089225860011922 ], [ -75.250328271993055, 43.086757858875671 ], [ -75.253398272534042, 43.08304385779568 ], [ -75.25778527409129, 43.081162857445939 ], [ -75.265209278483027, 43.084625859025273 ] ] ] } },
{ "type": "Feature", "properties": { "GEOID": "36117020900", "tract_name": "Census Tract 209; Wayne County; New York", "median_age": 50.7, "median_income": 50493.0, "population_density": 112.09274490619005, "county": "Wayne" }, "geometry": { "type": "Polygon", "coordinates": [ [ [ -77.1366523721113, 43.161927473495773 ], [ -77.134821493789389, 43.237048346018518 ], [ -77.093279537303388, 43.239238497127268 ], [ -77.084206543907953, 43.238060532179617 ], [ -77.071361565642476, 43.243123575631586 ], [ -77.063370574262848, 43.24354560558691 ], [ -77.052992578213122, 43.240331646785592 ], [ -77.035799573068815, 43.229479714681354 ], [ -76.982461552659046, 43.211300869405918 ], [ -76.963401539439204, 43.212455902237132 ], [ -76.963426437110002, 43.162293886485443 ], [ -77.1366523721113, 43.161927473495773 ] ] ] } },
{ "type": "Feature", "properties": { "GEOID": "36117021501", "tract_name": "Census Tract 215.01; Wayne County; New York", "median_age": 41.2, "median_income": 72596.0, "population_density": 52.004128040465048, "county": "Wayne" }, "geometry": { "type": "Polygon", "coordinates": [ [ [ -76.963434499739535, 43.192985896083954 ], [ -76.963473615507283, 43.270478926010647 ], [ -76.953745606666018, 43.270087943673779 ], [ -76.946495600052685, 43.272166958269743 ], [ -76.932831587722092, 43.279067987677543 ], [ -76.92486458068521, 43.285197006199027 ], [ -76.917426574074469, 43.285712020289097 ], [ -76.896208555764545, 43.295955066160872 ], [ -76.878821540226809, 43.292299096082218 ], [ -76.854164519150331, 43.298361145943396 ], [ -76.841740509212741, 43.3057011740853 ], [ -76.832272501039455, 43.305804191826503 ], [ -76.825332432035097, 43.21611314066427 ], [ -76.831923436961418, 43.215773129090984 ], [ -76.830910412092393, 43.20107912014528 ], [ -76.963434499739535, 43.192985896083954 ] ] ] } },
{ "type": "Feature", "properties": { "GEOID": "36001013902", "tract_name": "Census Tract 139.02; Albany County; New York", "median_age": 44.3, "median_income": 101122.0, "population_density": 3097.2018799936523, "county": "Albany" }, "geometry": { "type": "Polygon", "coordinates": [ [ [ -73.847671078667233, 42.730585912069998 ], [ -73.844213076669902, 42.7355969088295 ], [ -73.840550073673384, 42.73665790857752 ], [ -73.833234066196411, 42.730305914743319 ], [ -73.827084060654599, 42.728674917117559 ], [ -73.826381060671793, 42.732697913963506 ], [ -73.808665044401707, 42.724376924062632 ], [ -73.81086504612172, 42.72317692468085 ], [ -73.808616044107112, 42.722129926015995 ], [ -73.809582044676873, 42.720018927649434 ], [ -73.81601505014315, 42.720698925789748 ], [ -73.816480050349753, 42.719301926875154 ], [ -73.811253045550743, 42.715614931092865 ], [ -73.822514053828101, 42.708562934523428 ], [ -73.847671078667233, 42.730585912069998 ] ] ] } },
{ "type": "Feature", "properties": { "GEOID": "36001000100", "tract_name": "Census Tract 1; Albany County; New York", "median_age": 30.6, "median_income": 44547.0, "population_density": 2240.7699742356717, "county": "Albany" }, "geometry": { "type": "Polygon", "coordinates": [ [ [ -73.745418992268782, 42.671128997267346 ], [ -73.743116990244758, 42.679321992563494 ], [ -73.723263085912322, 42.67287871515947 ], [ -73.730863980453293, 42.663278028090247 ], [ -73.739428987592618, 42.656802021226945 ], [ -73.742829990369913, 42.65893501377429 ], [ -73.741659989375108, 42.660654013850397 ], [ -73.743898991193262, 42.662170008809831 ], [ -73.743361990690502, 42.665548006207395 ], [ -73.745418992268782, 42.671128997267346 ] ] ] } },
{ "type": "Feature", "properties": { "GEOID": "36001014100", "tract_name": "Census Tract 141; Albany County; New York", "median_age": 47.7, "median_income": 97120.0, "population_density": 911.2306171740172, "county": "Albany" }, "geometry": { "type": "Polygon", "coordinates": [ [ [ -73.879199078870471, 42.633167971418153 ], [ -73.865866075786755, 42.655068962004364 ], [ -73.850717068445206, 42.669523957061884 ], [ -73.828886052901368, 42.670459963809584 ], [ -73.824284048839075, 42.665465969477118 ], [ -73.829642051832906, 42.660464971601044 ], [ -73.825170048532101, 42.659272974228664 ], [ -73.820896045695605, 42.66022397503292 ], [ -73.826032048614067, 42.655893976663172 ], [ -73.837910056458398, 42.654129973498421 ], [ -73.846071061238689, 42.650146973356719 ], [ -73.847189061688283, 42.648643974046017 ], [ -73.845413059285121, 42.642520979418023 ], [ -73.83506105210526, 42.640297985528399 ], [ -73.830685049427004, 42.641339986560759 ], [ -73.822394043857116, 42.640288990944264 ], [ -73.819707042592583, 42.643791989171383 ], [ -73.816372040499999, 42.644600989880033 ], [ -73.80895803495595, 42.638931997854186 ], [ -73.810040035417856, 42.636869999163736 ], [ -73.808008033553406, 42.631857004397276 ], [ -73.80266303043571, 42.634462004509849 ], [ -73.79777002727306, 42.633967007123964 ], [ -73.825713043661167, 42.624817002160327 ], [ -73.837232050624777, 42.624134997268513 ], [ -73.879199078870471, 42.633167971418153 ] ] ] } },
{ "type": "Feature", "properties": { "GEOID": "36001014501", "tract_name": "Census Tract 145.01; Albany County; New York", "median_age": 48.9, "median_income": 116484.0, "population_density": 132.37711119500534, "county": "Albany" }, "geometry": { "type": "Polygon", "coordinates": [ [ [ -74.021920136827262, 42.659155906697897 ], [ -73.902433104494406, 42.666111941326861 ], [ -73.850717068445206, 42.669523957061884 ], [ -73.865866075786755, 42.655068962004364 ], [ -73.882566079416947, 42.627573973573725 ], [ -73.903546094059848, 42.632389960990878 ], [ -73.911893098135252, 42.62896695919347 ], [ -73.919938103175156, 42.62900395547851 ], [ -73.942642115250919, 42.624020947462867 ], [ -73.951507121816775, 42.626562942102076 ], [ -73.968507130482962, 42.622716935754156 ], [ -73.974663134712713, 42.623666932444827 ], [ -73.975479131622578, 42.616483934858088 ], [ -73.971732126687684, 42.610980938916292 ], [ -73.971179124523118, 42.607219940710927 ], [ -73.973770122871656, 42.600887941859881 ], [ -73.97332312001997, 42.595629944183095 ], [ -73.97756212117838, 42.593326942717908 ], [ -73.986511125815056, 42.592918937845667 ], [ -73.988648128822305, 42.596408935415127 ], [ -73.996676134814663, 42.599292930033442 ], [ -74.000002136415901, 42.598854928365675 ], [ -74.003202130255374, 42.595916928718538 ], [ -74.007737123557177, 42.595392928049087 ], [ -74.021920136827262, 42.659155906697897 ] ], [ [ -73.950331137028812, 42.662672925985405 ], [ -73.950318127796066, 42.641776935634425 ], [ -73.937611119503075, 42.641833940978032 ], [ -73.935878119079618, 42.643576940834215 ], [ -73.932081116257422, 42.642771942833313 ], [ -73.927625113897179, 42.64422894393784 ], [ -73.924670109978834, 42.639076947920735 ], [ -73.92186810828828, 42.639411948945089 ], [ -73.9192281068471, 42.640148949673524 ], [ -73.916773108043373, 42.647832946441987 ], [ -73.92230411229923, 42.649315943396331 ], [ -73.92260511379159, 42.652736941426525 ], [ -73.918614111974179, 42.655172941644807 ], [ -73.916271111693604, 42.658830940502789 ], [ -73.9265841192083, 42.659754936155011 ], [ -73.927374121205403, 42.663482933897193 ], [ -73.939338129148126, 42.662304930159706 ], [ -73.939218127974016, 42.659682931496484 ], [ -73.950331137028812, 42.662672925985405 ] ] ] } },
{ "type": "Feature", "properties": { "GEOID": "36001014203", "tract_name": "Census Tract 142.03; Albany County; New York", "median_age": 49.2, "median_income": 143916.0, "population_density": 1455.4502526054173, "county": "Albany" }, "geometry": { "type": "Polygon", "coordinates": [ [ [ -73.881902072046373, 42.602959990039118 ], [ -73.875171069286111, 42.606849991000871 ], [ -73.840187051585843, 42.619551999423898 ], [ -73.838541050453429, 42.618783000823775 ], [ -73.820786040583783, 42.624486004756228 ], [ -73.819665038843937, 42.616885011622728 ], [ -73.82060103863752, 42.611439015686756 ], [ -73.818249036548607, 42.606142021322128 ], [ -73.818158035839716, 42.601269025453639 ], [ -73.839969046782457, 42.594352019082805 ], [ -73.844944048708484, 42.590378019334565 ], [ -73.855271053818598, 42.588489014839915 ], [ -73.857959056124514, 42.592359010491045 ], [ -73.865199061096689, 42.596720003340707 ], [ -73.867316062190241, 42.596436002372215 ], [ -73.869825064486463, 42.600040998496901 ], [ -73.879015069934468, 42.601211992740723 ], [ -73.881902072046373, 42.602959990039118 ] ] ] } },
{ "type": "Feature", "properties": { "GEOID": "36001014613", "tract_name": "Census Tract 146.13; Albany County; New York", "median_age": 54.1, "median_income": 92256.0, "population_density": 108.11897639847994, "county": "Albany" }, "geometry": { "type": "Polygon", "coordinates": [ [ [ -74.10645204023416, 42.739239882078671 ], [ -74.038517155519372, 42.747356880724212 ], [ -74.014772190608056, 42.739676883121405 ], [ -73.98863320278177, 42.7358928862716 ], [ -73.960541173519857, 42.725696895024385 ], [ -73.961515173026612, 42.72287189605921 ], [ -73.959379164031418, 42.707311903248609 ], [ -73.952896150220525, 42.688128913491759 ], [ -73.934664126779538, 42.664558930721498 ], [ -74.022216136365401, 42.659128906673793 ], [ -74.026128138983438, 42.67567390147088 ], [ -74.033211129918399, 42.679302899826105 ], [ -74.035642125876933, 42.678728899780715 ], [ -74.036677127639962, 42.685456897833809 ], [ -74.047136111954472, 42.686626896721044 ], [ -74.050147110295285, 42.69294889484835 ], [ -74.047811114931761, 42.694980894472565 ], [ -74.058012105289293, 42.708621890381529 ], [ -74.056445109892238, 42.713127889319779 ], [ -74.058181108063891, 42.715153888735628 ], [ -74.056292111883508, 42.716853888384009 ], [ -74.05994110695957, 42.718849887743737 ], [ -74.064862097401971, 42.715215888443282 ], [ -74.070775088223002, 42.715849888048872 ], [ -74.071209088433065, 42.717880887553569 ], [ -74.075450082039936, 42.718816887175919 ], [ -74.075547083305054, 42.722054886427529 ], [ -74.077708081105939, 42.724998885686013 ], [ -74.085412069526882, 42.727044885010031 ], [ -74.090224063303509, 42.730808884078499 ], [ -74.103085044321489, 42.735635882832575 ], [ -74.10645204023416, 42.739239882078671 ] ], [ [ -74.050394118968171, 42.711899889904771 ], [ -74.043731126939562, 42.706461891664041 ], [ -74.04597912236099, 42.704374892101015 ], [ -74.043578126647674, 42.705367891965274 ], [ -74.03987713048879, 42.701273893277644 ], [ -74.039464130566856, 42.700114893618014 ], [ -74.042171125394233, 42.698271893954356 ], [ -74.040470127132977, 42.696370894575836 ], [ -74.034865136188373, 42.696870894794635 ], [ -74.031671139833776, 42.694161895761439 ], [ -74.023871152896859, 42.695774895809912 ], [ -74.024271153877208, 42.698874894881691 ], [ -74.020964159946118, 42.700518894598034 ], [ -74.025564155374411, 42.705711892823302 ], [ -74.023024159907379, 42.706683892672899 ], [ -74.023324160121206, 42.708009892269942 ], [ -74.021536162841926, 42.70777989242707 ], [ -74.022761161015268, 42.708008892298395 ], [ -74.021538163738441, 42.709499891920693 ], [ -74.023548162479869, 42.713230890734451 ], [ -74.026402157969713, 42.713323890582636 ], [ -74.029307151709546, 42.710152891359762 ], [ -74.027069155749956, 42.711079891199226 ], [ -74.025479157469306, 42.709503891729419 ], [ -74.026708155048595, 42.708600891930381 ], [ -74.024352158861745, 42.708730892008724 ], [ -74.024977156721263, 42.706515892620899 ], [ -74.029907150398685, 42.709455891529494 ], [ -74.030022151636089, 42.712241890732052 ], [ -74.036854140377926, 42.711525890622482 ], [ -74.029971151824029, 42.712450890674923 ], [ -74.031982150720907, 42.716606889413384 ], [ -74.037509141853732, 42.716584889199609 ], [ -74.03731514130375, 42.714857889683209 ], [ -74.041571134454941, 42.714774889527519 ], [ -74.045469126858578, 42.711971890109126 ], [ -74.050394118968171, 42.711899889904771 ] ], [ [ -74.022308159825016, 42.704348893394993 ], [ -74.022486159276156, 42.703836893535446 ], [ -74.022048160043937, 42.703979893517527 ], [ -74.022308159825016, 42.704348893394993 ] ] ] } },
{ "type": "Feature", "properties": { "GEOID": "36001001802", "tract_name": "Census Tract 18.02; Albany County; New York", "median_age": 37.8, "median_income": 63942.0, "population_density": 5484.1937169457833, "county": "Albany" }, "geometry": { "type": "Polygon", "coordinates": [ [ [ -73.82965405186728, 42.660625971466949 ], [ -73.824284048839075, 42.665465969477118 ], [ -73.824982049654196, 42.667589967490414 ], [ -73.82789605195839, 42.669003965327022 ], [ -73.828847053757542, 42.676000959347995 ], [ -73.82652905229358, 42.677538958849702 ], [ -73.806445036793491, 42.671134970874711 ], [ -73.821534046146326, 42.660264974762768 ], [ -73.828135050607372, 42.659363973049302 ], [ -73.82965405186728, 42.660625971466949 ] ] ] } },
{ "type": "Feature", "properties": { "GEOID": "36001000800", "tract_name": "Census Tract 8; Albany County; New York", "median_age": 31.6, "median_income": 29188.0, "population_density": 13543.487809047647, "county": "Albany" }, "geometry": { "type": "Polygon", "coordinates": [ [ [ -73.770701010717104, 42.661087992774412 ], [ -73.76693600813104, 42.664016991276903 ], [ -73.759932003186861, 42.659966997860032 ], [ -73.763265005484939, 42.656748999823783 ], [ -73.770701010717104, 42.661087992774412 ] ] ] } },
{ "type": "Feature", "properties": { "GEOID": "36001014611", "tract_name": "Census Tract 146.11; Albany County; New York", "median_age": 40.1, "median_income": 118182.0, "population_density": 394.91230405849683, "county": "Albany" }, "geometry": { "type": "Polygon", "coordinates": [ [ [ -73.961510173101374, 42.723040895987559 ], [ -73.960541173519857, 42.725696895024385 ], [ -73.938133151119104, 42.717533903191153 ], [ -73.922423134367605, 42.707688911768308 ], [ -73.937579144707527, 42.703082910499937 ], [ -73.938971144568399, 42.700075911639637 ], [ -73.934169139887445, 42.69787591398876 ], [ -73.93356913849081, 42.695575915317804 ], [ -73.928670133499878, 42.692576918207145 ], [ -73.929770133326144, 42.689977919252996 ], [ -73.932270135042145, 42.689477918795873 ], [ -73.931471133874041, 42.688077919746405 ], [ -73.922772128757018, 42.692079920115376 ], [ -73.914768120986153, 42.687626924858307 ], [ -73.915434120668138, 42.685338925947129 ], [ -73.913478118518626, 42.683451927600267 ], [ -73.90827411441839, 42.682895929505641 ], [ -73.908322113748881, 42.680844930682987 ], [ -73.901332106806009, 42.675552936041051 ], [ -73.901273106075763, 42.673455937321158 ], [ -73.904540108269686, 42.67290593656044 ], [ -73.904319107612082, 42.671420937514256 ], [ -73.899384103557324, 42.669918940094966 ], [ -73.89646810055558, 42.667065942848403 ], [ -73.934664126779538, 42.664558930721498 ], [ -73.952748149953081, 42.687782913692082 ], [ -73.959244163645266, 42.706711903542143 ], [ -73.961510173101374, 42.723040895987559 ] ] ] } },
{ "type": "Feature", "properties": { "GEOID": "36001000501", "tract_name": "Census Tract 5.01; Albany County; New York", "median_age": 29.6, "median_income": 16585.0, "population_density": 16435.163154257658, "county": "Albany" }, "geometry": { "type": "Polygon", "coordinates": [ [ [ -73.790661025504463, 42.672773974725423 ], [ -73.788769024095245, 42.672249975841218 ], [ -73.785110021646986, 42.675779973779768 ], [ -73.775122014017626, 42.667067985403918 ], [ -73.777420015570328, 42.66492998663788 ], [ -73.790661025504463, 42.672773974725423 ] ] ] } },
{ "type": "Feature", "properties": { "GEOID": "36001014700", "tract_name": "Census Tract 147; Albany County; New York", "median_age": 46.5, "median_income": 112500.0, "population_density": 63.924721842610062, "county": "Albany" }, "geometry": { "type": "Polygon", "coordinates": [ [ [ -74.191730871993983, 42.628269891153678 ], [ -74.173479906959599, 42.657063890535674 ], [ -74.16856991930608, 42.673866889076031 ], [ -74.169524922952263, 42.691363886923433 ], [ -74.164677938274622, 42.717205884061407 ], [ -74.180273916787669, 42.729977882107676 ], [ -74.106499040154844, 42.739233882079226 ], [ -74.103085044321489, 42.735635882832575 ], [ -74.090224063303509, 42.730808884078499 ], [ -74.085412069526882, 42.727044885010031 ], [ -74.077708081105939, 42.724998885686013 ], [ -74.075547083305054, 42.722054886427529 ], [ -74.075450082039936, 42.718816887175919 ], [ -74.071209088433065, 42.717880887553569 ], [ -74.070775088223002, 42.715849888048872 ], [ -74.064862097401971, 42.715215888443282 ], [ -74.059138108225397, 42.718798887786257 ], [ -74.056292111883508, 42.716853888384009 ], [ -74.058181108063891, 42.715153888735628 ], [ -74.056445109892238, 42.713127889319779 ], [ -74.058012105289293, 42.708621890381529 ], [ -74.047811114931761, 42.694980894472565 ], [ -74.050147110295285, 42.69294889484835 ], [ -74.047136111954472, 42.686626896721044 ], [ -74.036677127639962, 42.685456897833809 ], [ -74.035642125876933, 42.678728899780715 ], [ -74.033211129918399, 42.679302899826105 ], [ -74.026128138983438, 42.67567390147088 ], [ -74.020709135080935, 42.652331908844289 ], [ -74.191730871993983, 42.628269891153678 ] ] ] } },
{ "type": "Feature", "properties": { "GEOID": "36001014301", "tract_name": "Census Tract 143.01; Albany County; New York", "median_age": 49.0, "median_income": 76505.0, "population_density": 227.02300411566875, "county": "Albany" }, "geometry": { "type": "Polygon", "coordinates": [ [ [ -73.809299022275724, 42.526002095198145 ], [ -73.804914021645516, 42.536206089561787 ], [ -73.808308025523331, 42.558430067857756 ], [ -73.80334802497913, 42.575784055856701 ], [ -73.796800022203669, 42.581738054503958 ], [ -73.797170022934125, 42.588008048654793 ], [ -73.79469502189383, 42.591378047030766 ], [ -73.795077022629059, 42.597900040919818 ], [ -73.79188502116321, 42.60194003898016 ], [ -73.779758014183457, 42.598359048876041 ], [ -73.773097010548412, 42.600127050807316 ], [ -73.765940006766982, 42.615597039416251 ], [ -73.766820007367258, 42.620555034098402 ], [ -73.764369005879743, 42.620149035685237 ], [ -73.765053006235647, 42.615194040256092 ], [ -73.763510005326282, 42.615858040365424 ], [ -73.76207300446309, 42.613910043022798 ], [ -73.759739003086509, 42.613789044316349 ], [ -73.761265003976604, 42.610378046960996 ], [ -73.761265003949703, 42.600778056562241 ], [ -73.752364999401465, 42.576679086077462 ], [ -73.752164999485714, 42.566579096562258 ], [ -73.75831300256786, 42.534214125287427 ], [ -73.763091004416864, 42.522025133930512 ], [ -73.809299022275724, 42.526002095198145 ] ] ] } },
{ "type": "Feature", "properties": { "GEOID": "36001002000", "tract_name": "Census Tract 20; Albany County; New York", "median_age": 33.1, "median_income": 72370.0, "population_density": 5878.4674807222209, "county": "Albany" }, "geometry": { "type": "Polygon", "coordinates": [ [ [ -73.799703028684434, 42.63593800450834 ], [ -73.792899024329472, 42.636016007426981 ], [ -73.790482022888241, 42.637551007081029 ], [ -73.791668023755491, 42.638951005286437 ], [ -73.786657020860062, 42.644644002163297 ], [ -73.782814018270969, 42.643728004616456 ], [ -73.772669011690823, 42.647333005360593 ], [ -73.771418010809782, 42.645581007571209 ], [ -73.778165015154329, 42.642468007755511 ], [ -73.77775901461851, 42.635907014179907 ], [ -73.774932012749048, 42.634234017030387 ], [ -73.776760013573067, 42.625450024615688 ], [ -73.781648016559188, 42.624894022845687 ], [ -73.789075021341148, 42.628044016447795 ], [ -73.795668025342906, 42.626795014529357 ], [ -73.795145025233055, 42.62942701239448 ], [ -73.79711502650126, 42.629838011123269 ], [ -73.79777002727306, 42.633967007123964 ], [ -73.799703028684434, 42.63593800450834 ] ] ] } },
{ "type": "Feature", "properties": { "GEOID": "36001002200", "tract_name": "Census Tract 22; Albany County; New York", "median_age": 37.9, "median_income": 42941.0, "population_density": 25132.41702469021, "county": "Albany" }, "geometry": { "type": "Polygon", "coordinates": [ [ [ -73.768642009061367, 42.650247004146159 ], [ -73.76629000752736, 42.6538120015693 ], [ -73.762050004622452, 42.651319005704167 ], [ -73.763362005500113, 42.650007006489503 ], [ -73.761956004549475, 42.649190007866437 ], [ -73.765856007148557, 42.647669007801348 ], [ -73.768642009061367, 42.650247004146159 ] ] ] } },
{ "type": "Feature", "properties": { "GEOID": "36001000403", "tract_name": "Census Tract 4.03; Albany County; New York", "median_age": 41.9, "median_income": 77468.0, "population_density": 3589.8985993673732, "county": "Albany" }, "geometry": { "type": "Polygon", "coordinates": [ [ [ -73.825914051847391, 42.677586959007876 ], [ -73.821078048420276, 42.678573959740028 ], [ -73.819037047232754, 42.680930958419538 ], [ -73.820754048891402, 42.683621955649897 ], [ -73.816418045887872, 42.685573955320521 ], [ -73.820366049451053, 42.689705950707257 ], [ -73.797692030948852, 42.676634968913085 ], [ -73.791654026864919, 42.681492966428031 ], [ -73.785110021646986, 42.675779973779768 ], [ -73.788769024095245, 42.672249975841218 ], [ -73.790571025444905, 42.67285597468036 ], [ -73.795352028489546, 42.667614977815191 ], [ -73.825914051847391, 42.677586959007876 ] ] ] } },
{ "type": "Feature", "properties": { "GEOID": "36001000404", "tract_name": "Census Tract 4.04; Albany County; New York", "median_age": 19.9, "median_income": 108750.0, "population_density": 6798.9795769124494, "county": "Albany" }, "geometry": { "type": "Polygon", "coordinates": [ [ [ -73.842129066143769, 42.689859944359874 ], [ -73.834769062526107, 42.701515937246484 ], [ -73.827854056234642, 42.696382943152905 ], [ -73.830644057902845, 42.693260944912765 ], [ -73.820867049882196, 42.690042950284052 ], [ -73.816329045855696, 42.685842955120215 ], [ -73.820754048891402, 42.683621955649897 ], [ -73.819037047232754, 42.680930958419538 ], [ -73.821078048420276, 42.678573959740028 ], [ -73.825825051738562, 42.677303959267405 ], [ -73.82127104923083, 42.683275955779855 ], [ -73.842129066143769, 42.689859944359874 ] ] ] } },
{ "type": "Feature", "properties": { "GEOID": "36001000600", "tract_name": "Census Tract 6; Albany County; New York", "median_age": 25.4, "median_income": 22417.0, "population_density": 17137.022058819963, "county": "Albany" }, "geometry": { "type": "Polygon", "coordinates": [ [ [ -73.775122014017626, 42.667067985403918 ], [ -73.779638017435346, 42.67140697970769 ], [ -73.76693600813104, 42.664016991276903 ], [ -73.770763010759524, 42.661049992788584 ], [ -73.779838017179671, 42.662683987902597 ], [ -73.775122014017626, 42.667067985403918 ] ] ] } },
{ "type": "Feature", "properties": { "GEOID": "36001000700", "tract_name": "Census Tract 7; Albany County; New York", "median_age": 36.0, "median_income": 44811.0, "population_density": 6013.4433765091917, "county": "Albany" }, "geometry": { "type": "Polygon", "coordinates": [ [ [ -73.780798018628047, 42.678758972371377 ], [ -73.779046017435334, 42.68112597068005 ], [ -73.762952005371318, 42.671952984809863 ], [ -73.755630000077815, 42.670862988383469 ], [ -73.75454399930338, 42.670110989519088 ], [ -73.757400001377164, 42.667378991304666 ], [ -73.756117000473267, 42.666065993085908 ], [ -73.761562004325839, 42.660939996283105 ], [ -73.771111011141926, 42.666473987388017 ], [ -73.768212009130394, 42.669217985719577 ], [ -73.776549015307253, 42.674175978104039 ], [ -73.775161014359711, 42.676036976775144 ], [ -73.780798018628047, 42.678758972371377 ] ] ] } },
{ "type": "Feature", "properties": { "GEOID": "36001001100", "tract_name": "Census Tract 11; Albany County; New York", "median_age": 33.7, "median_income": 46701.0, "population_density": 2770.1924813020851, "county": "Albany" }, "geometry": { "type": "Polygon", "coordinates": [ [ [ -73.763273005441206, 42.650149006383835 ], [ -73.758982002539213, 42.654272003945202 ], [ -73.763265005484939, 42.656748999823783 ], [ -73.761745004442943, 42.658175998976304 ], [ -73.75087499703487, 42.652556008850922 ], [ -73.749264995700159, 42.658245004465151 ], [ -73.74412399134782, 42.663821006773183 ], [ -73.741659989375108, 42.660654013850397 ], [ -73.742829990369913, 42.65893501377429 ], [ -73.739428987592618, 42.656802021226945 ], [ -73.747643994682178, 42.643232022413258 ], [ -73.763273005441206, 42.650149006383835 ] ] ] } },
{ "type": "Feature", "properties": { "GEOID": "36001013300", "tract_name": "Census Tract 133; Albany County; New York", "median_age": 45.0, "median_income": 42451.0, "population_density": 7447.1958160260765, "county": "Albany" }, "geometry": { "type": "Polygon", "coordinates": [ [ [ -73.718781027576057, 42.736548709360335 ], [ -73.713839028703262, 42.734859709961732 ], [ -73.711816025900191, 42.737967709793644 ], [ -73.703537026261529, 42.736912710608195 ], [ -73.70743903878089, 42.722138711988343 ], [ -73.713595041247984, 42.720282711563513 ], [ -73.708998035013124, 42.726895711288229 ], [ -73.718563033836077, 42.729477710104156 ], [ -73.718781027576057, 42.736548709360335 ] ] ] } },
{ "type": "Feature", "properties": { "GEOID": "36001013400", "tract_name": "Census Tract 134; Albany County; New York", "median_age": 36.5, "median_income": 64653.0, "population_density": 5122.684728432082, "county": "Albany" }, "geometry": { "type": "Polygon", "coordinates": [ [ [ -73.714443051382858, 42.708729712716604 ], [ -73.709992042934843, 42.717639712235631 ], [ -73.714146041394017, 42.720209711514144 ], [ -73.705544038002699, 42.722761712107612 ], [ -73.699363038164165, 42.721477712892451 ], [ -73.703563048493962, 42.709477713905002 ], [ -73.703463051631559, 42.705577714386095 ], [ -73.714443051382858, 42.708729712716604 ] ] ] } },
{ "type": "Feature", "properties": { "GEOID": "36001001400", "tract_name": "Census Tract 14; Albany County; New York", "median_age": 31.1, "median_income": 63211.0, "population_density": 13496.04979934537, "county": "Albany" }, "geometry": { "type": "Polygon", "coordinates": [ [ [ -73.777249015178342, 42.658137993182486 ], [ -73.772852012256863, 42.662287990822861 ], [ -73.758982002539213, 42.654272003945202 ], [ -73.762050004622452, 42.651319005704167 ], [ -73.76629000752736, 42.6538120015693 ], [ -73.767713008474004, 42.652438002365443 ], [ -73.777249015178342, 42.658137993182486 ] ] ] } },
{ "type": "Feature", "properties": { "GEOID": "36001001500", "tract_name": "Census Tract 15; Albany County; New York", "median_age": 24.7, "median_income": 37384.0, "population_density": 23128.78029618915, "county": "Albany" }, "geometry": { "type": "Polygon", "coordinates": [ [ [ -73.788734022806807, 42.653264993354732 ], [ -73.779838017179671, 42.662683987902597 ], [ -73.774304013230605, 42.660905991624702 ], [ -73.782890018802988, 42.652825996046069 ], [ -73.788734022806807, 42.653264993354732 ] ] ] } },
{ "type": "Feature", "properties": { "GEOID": "36001001700", "tract_name": "Census Tract 17; Albany County; New York", "median_age": 39.4, "median_income": 80965.0, "population_density": 7999.5138770863405, "county": "Albany" }, "geometry": { "type": "Polygon", "coordinates": [ [ [ -73.80819003671003, 42.659095980714085 ], [ -73.804543034541027, 42.66262697897983 ], [ -73.801889032692856, 42.662803979787647 ], [ -73.802400033226476, 42.664577978035894 ], [ -73.798228030624998, 42.668526975994965 ], [ -73.788146023192311, 42.665326982444228 ], [ -73.801965031692561, 42.651965989342798 ], [ -73.806495034972571, 42.653897985875915 ], [ -73.804083033685473, 42.657415983722991 ], [ -73.80819003671003, 42.659095980714085 ] ] ] } },
{ "type": "Feature", "properties": { "GEOID": "36001001901", "tract_name": "Census Tract 19.01; Albany County; New York", "median_age": 45.3, "median_income": 85611.0, "population_density": 7530.3660584959098, "county": "Albany" }, "geometry": { "type": "Polygon", "coordinates": [ [ [ -73.801811031625036, 42.652346989066402 ], [ -73.798693029775464, 42.655331987623562 ], [ -73.784991020239033, 42.652948995109284 ], [ -73.785725020311119, 42.645773001499229 ], [ -73.786786020949762, 42.644715002043974 ], [ -73.801811031625036, 42.652346989066402 ] ] ] } },
{ "type": "Feature", "properties": { "GEOID": "36001014201", "tract_name": "Census Tract 142.01; Albany County; New York", "median_age": 42.4, "median_income": 132656.0, "population_density": 1199.9836669011238, "county": "Albany" }, "geometry": { "type": "Polygon", "coordinates": [ [ [ -73.821442041252396, 42.626351002901067 ], [ -73.79777002727306, 42.633967007123964 ], [ -73.79711502650126, 42.629838011123269 ], [ -73.795145025233055, 42.62942701239448 ], [ -73.795668025342906, 42.626795014529357 ], [ -73.7889780212803, 42.628037016499043 ], [ -73.781648016559188, 42.624894022845687 ], [ -73.780645015986693, 42.625829022434445 ], [ -73.775511012797921, 42.625310025336148 ], [ -73.771502010231529, 42.621704030720352 ], [ -73.766820007367258, 42.620555034098402 ], [ -73.765737006658554, 42.616515038610785 ], [ -73.771358009622233, 42.601803050120807 ], [ -73.777312012843211, 42.598715049872887 ], [ -73.788500019136848, 42.60006404252605 ], [ -73.79188502116321, 42.60194003898016 ], [ -73.808605030657134, 42.602795029274283 ], [ -73.818158035839716, 42.601269025453639 ], [ -73.818249036548607, 42.606142021322128 ], [ -73.82060103863752, 42.611439015686756 ], [ -73.819666038853939, 42.616953011565535 ], [ -73.821442041252396, 42.626351002901067 ] ] ] } },
{ "type": "Feature", "properties": { "GEOID": "36001013503", "tract_name": "Census Tract 135.03; Albany County; New York", "median_age": 34.6, "median_income": 99178.0, "population_density": 1105.0871321048344, "county": "Albany" }, "geometry": { "type": "Polygon", "coordinates": [ [ [ -73.756591000265615, 42.760553908138917 ], [ -73.751489996267281, 42.77550990912124 ], [ -73.734565986021565, 42.79399093694817 ], [ -73.73374198656235, 42.807014938847345 ], [ -73.730382985559885, 42.817749945167563 ], [ -73.731668986586541, 42.821303943015572 ], [ -73.726663066254758, 42.822576648116844 ], [ -73.723663064095689, 42.82147664988976 ], [ -73.721363057457339, 42.813076657287283 ], [ -73.716663052434882, 42.808176662386181 ], [ -73.72036305120308, 42.804176664652793 ], [ -73.720363049955225, 42.802276666168602 ], [ -73.71066304180367, 42.794076674708904 ], [ -73.715163042277169, 42.792776674797935 ], [ -73.714856039834189, 42.788978677824886 ], [ -73.720962043947736, 42.792876673546715 ], [ -73.730063982615633, 42.787576944639298 ], [ -73.731138982565128, 42.779188942450979 ], [ -73.728759030772125, 42.771319689730682 ], [ -73.731716981804524, 42.765995940970207 ], [ -73.709943022379591, 42.76143769983841 ], [ -73.702964019941476, 42.75787970321349 ], [ -73.705258016893808, 42.752218707249511 ], [ -73.702155016579795, 42.751705707864907 ], [ -73.704343019294555, 42.745532709511629 ], [ -73.7373979852064, 42.757350930765135 ], [ -73.756591000265615, 42.760553908138917 ] ] ] } },
{ "type": "Feature", "properties": { "GEOID": "36001002300", "tract_name": "Census Tract 23; Albany County; New York", "median_age": 30.0, "median_income": 41949.0, "population_density": 7885.2084745454613, "county": "Albany" }, "geometry": { "type": "Polygon", "coordinates": [ [ [ -73.77135301076855, 42.645653007528047 ], [ -73.769036009310327, 42.649448004770512 ], [ -73.765773007092989, 42.647661007842942 ], [ -73.761956004549475, 42.649190007866437 ], [ -73.756496000906495, 42.646238013051871 ], [ -73.761868004450648, 42.639733017343758 ], [ -73.766108007240476, 42.642222013071589 ], [ -73.765348006762594, 42.643877011755968 ], [ -73.77135301076855, 42.645653007528047 ] ] ] } },
{ "type": "Feature", "properties": { "GEOID": "36063023404", "tract_name": "Census Tract 234.04; Niagara County; New York", "median_age": 36.9, "median_income": 74401.0, "population_density": 531.26518655908353, "county": "Niagara" }, "geometry": { "type": "Polygon", "coordinates": [ [ [ -78.696900583577118, 43.086617267208027 ], [ -78.696868573785039, 43.114057264916767 ], [ -78.680486585980717, 43.111337247700263 ], [ -78.6789215777995, 43.133036244412175 ], [ -78.674053580367399, 43.133851239214593 ], [ -78.674056578100704, 43.138940238847702 ], [ -78.663424584362218, 43.13873222766572 ], [ -78.663244583252521, 43.141228227305916 ], [ -78.678843574127427, 43.141751243678698 ], [ -78.674585571327682, 43.153536238340173 ], [ -78.663075577611181, 43.153008226325554 ], [ -78.662981574484945, 43.159523225783524 ], [ -78.65309358443767, 43.150000216064917 ], [ -78.639277594705675, 43.145075201866177 ], [ -78.638543603596219, 43.130474201940217 ], [ -78.654870593334266, 43.131000219157322 ], [ -78.65703459597222, 43.123243221952229 ], [ -78.660712596477822, 43.11748322623626 ], [ -78.660748599750789, 43.110836226720892 ], [ -78.652919605176422, 43.110746218390275 ], [ -78.647772609925354, 43.108526213046574 ], [ -78.636158617660115, 43.109113200635321 ], [ -78.636239620234917, 43.104652200975529 ], [ -78.640644620650875, 43.098462206041091 ], [ -78.636071627073775, 43.093271201443194 ], [ -78.642022620363292, 43.097186207591236 ], [ -78.641090625685294, 43.089075207071623 ], [ -78.643311624464133, 43.088205209508828 ], [ -78.647008620721067, 43.089815213381492 ], [ -78.648995620564847, 43.087285215672196 ], [ -78.646608623346665, 43.08560021321022 ], [ -78.646225626218111, 43.080938213083165 ], [ -78.66416960918707, 43.08642823203764 ], [ -78.67397360262035, 43.083994242753882 ], [ -78.679512597922624, 43.084757248656736 ], [ -78.680557598697121, 43.080957250067485 ], [ -78.682579597377156, 43.080229252301294 ], [ -78.689972588327365, 43.08831225962642 ], [ -78.696900583577118, 43.086617267208027 ] ] ] } },
{ "type": "Feature", "properties": { "GEOID": "36063023405", "tract_name": "Census Tract 234.05; Niagara County; New York", "median_age": 39.8, "median_income": 48626.0, "population_density": 3287.5711087670661, "county": "Niagara" }, "geometry": { "type": "Polygon", "coordinates": [ [ [ -78.696868573785039, 43.114057264916767 ], [ -78.696880567777313, 43.130829263549998 ], [ -78.692129569679636, 43.133484258317687 ], [ -78.6789215777995, 43.133036244412175 ], [ -78.680486585980717, 43.111337247700263 ], [ -78.696868573785039, 43.114057264916767 ] ] ] } },
{ "type": "Feature", "properties": { "GEOID": "36029015003", "tract_name": "Census Tract 150.03; Erie County; New York", "median_age": 45.4, "median_income": 59632.0, "population_density": 91.494036681041592, "county": "Erie" }, "geometry": { "type": "Polygon", "coordinates": [ [ [ -78.581048969076861, 42.605692333333366 ], [ -78.579547002560901, 42.692958333333372 ], [ -78.463802088871446, 42.693916295544447 ], [ -78.462371115420211, 42.606543295774884 ], [ -78.563793999285991, 42.605587333333375 ], [ -78.581048969076861, 42.605692333333366 ] ] ] } },
{ "type": "Feature", "properties": { "GEOID": "36029015101", "tract_name": "Census Tract 151.01; Erie County; New York", "median_age": 46.1, "median_income": 85000.0, "population_density": 87.862814183764101, "county": "Erie" }, "geometry": { "type": "Polygon", "coordinates": [ [ [ -78.697083768436343, 42.608783333333371 ], [ -78.696934844831844, 42.695770333333364 ], [ -78.579547002560901, 42.692958333333372 ], [ -78.581048969076861, 42.605692333333366 ], [ -78.697083768436343, 42.608783333333371 ] ] ] } },
{ "type": "Feature", "properties": { "GEOID": "36029015301", "tract_name": "Census Tract 153.01; Erie County; New York", "median_age": 48.5, "median_income": 85920.0, "population_density": 209.23976693338889, "county": "Erie" }, "geometry": { "type": "Polygon", "coordinates": [ [ [ -78.943412686015989, 42.608802497075239 ], [ -78.943389963403391, 42.696198455966503 ], [ -78.888006910199536, 42.696649420695358 ], [ -78.88597089843698, 42.692841420665275 ], [ -78.875838874873935, 42.687143415900771 ], [ -78.878608872056901, 42.685021418381744 ], [ -78.878930862396615, 42.681024419847517 ], [ -78.872042838110019, 42.673299417517555 ], [ -78.87165268265187, 42.608879436300718 ], [ -78.943412686015989, 42.608802497075239 ] ] ] } },
{ "type": "Feature", "properties": { "GEOID": "36029015302", "tract_name": "Census Tract 153.02; Erie County; New York", "median_age": 44.9, "median_income": 87393.0, "population_density": 166.78700415000182, "county": "Erie" }, "geometry": { "type": "Polygon", "coordinates": [ [ [ -78.888049907660886, 42.695650421057849 ], [ -78.814055837001064, 42.696512373903467 ], [ -78.812902680625996, 42.609400386494521 ], [ -78.87165268265187, 42.608879436300718 ], [ -78.872042838110019, 42.673299417517555 ], [ -78.878930862396615, 42.681024419847517 ], [ -78.878608872056901, 42.685021418381744 ], [ -78.875838874873935, 42.687143415900771 ], [ -78.880465883076297, 42.688784418416247 ], [ -78.881745890567899, 42.691302418444522 ], [ -78.885610897385448, 42.692563420525694 ], [ -78.888049907660886, 42.695650421057849 ] ] ] } },
{ "type": "Feature", "properties": { "GEOID": "36029015600", "tract_name": "Census Tract 156; Erie County; New York", "median_age": 51.0, "median_income": 77232.0, "population_density": 88.22890571333258, "county": "Erie" }, "geometry": { "type": "Polygon", "coordinates": [ [ [ -79.132651059525742, 42.585580697469794 ], [ -79.130082039124616, 42.591994662172795 ], [ -79.123840972896517, 42.593186606683119 ], [ -79.120619952311216, 42.603370559357295 ], [ -79.116183906542517, 42.604342520316237 ], [ -79.113332885757472, 42.610470484940016 ], [ -78.943652686046931, 42.608808497275589 ], [ -78.943512505616567, 42.551986523888957 ], [ -78.963163495295404, 42.552168543145406 ], [ -78.963204544535373, 42.566720535643135 ], [ -79.062048239264627, 42.568383113986577 ], [ -79.062009274649029, 42.582378095411421 ], [ -79.101126708215276, 42.582950431515322 ], [ -79.101110712670831, 42.585535426876795 ], [ -79.132651059525742, 42.585580697469794 ] ] ] } },
{ "type": "Feature", "properties": { "GEOID": "36029015700", "tract_name": "Census Tract 157; Erie County; New York", "median_age": 41.0, "median_income": 76331.0, "population_density": 81.276084059452785, "county": "Erie" }, "geometry": { "type": "Polygon", "coordinates": [ [ [ -78.943927439410714, 42.531237534079899 ], [ -78.943652686046931, 42.608808497275589 ], [ -78.784385679200511, 42.609513362384149 ], [ -78.783500567596732, 42.533546367823362 ], [ -78.930814453781835, 42.532609519902671 ], [ -78.930799449607704, 42.531232520492445 ], [ -78.943927439410714, 42.531237534079899 ] ] ] } },
{ "type": "Feature", "properties": { "GEOID": "36029015900", "tract_name": "Census Tract 159; Erie County; New York", "median_age": 41.7, "median_income": 55305.0, "population_density": 1144.5309837476295, "county": "Erie" }, "geometry": { "type": "Polygon", "coordinates": [ [ [ -78.696997667947457, 42.494198346493448 ], [ -78.696699675616046, 42.501844333333366 ], [ -78.692313685340409, 42.501860333333376 ], [ -78.691280701069729, 42.517672333333373 ], [ -78.684948714697711, 42.517738333333369 ], [ -78.684857716505519, 42.519701333333366 ], [ -78.640798810100662, 42.518973333333371 ], [ -78.641395799822831, 42.504649333333369 ], [ -78.646615788288358, 42.504584333333376 ], [ -78.646597787246435, 42.502924333333368 ], [ -78.655447767667923, 42.502885333333367 ], [ -78.656363764380714, 42.501067333333367 ], [ -78.671747730265594, 42.501065333333365 ], [ -78.671894728005398, 42.498847335920175 ], [ -78.669112734111877, 42.498775336079071 ], [ -78.666896733325871, 42.492957349127458 ], [ -78.672260721554366, 42.493044348964297 ], [ -78.672167723498461, 42.494833344942649 ], [ -78.677389711993641, 42.494889344839663 ], [ -78.676369715362767, 42.496041342241703 ], [ -78.696997667947457, 42.494198346493448 ] ] ] } },
{ "type": "Feature", "properties": { "GEOID": "36029940100", "tract_name": "Census Tract 9401; Erie County; New York", "median_age": 20.1, "median_income": null, "population_density": 12.493884213664696, "county": "Erie" }, "geometry": { "type": "Polygon", "coordinates": [ [ [ -78.491646737860009, 43.083953053662206 ], [ -78.488945738443462, 43.082708053098365 ], [ -78.484779733819593, 43.086172051987546 ], [ -78.481766733893608, 43.085344051334225 ], [ -78.481621735406932, 43.083776051401713 ], [ -78.47564773141282, 43.086328049833625 ], [ -78.474091732722215, 43.084524049631952 ], [ -78.474640734501122, 43.082786049912031 ], [ -78.471725732572239, 43.084024049140595 ], [ -78.472145735022195, 43.081495049482911 ], [ -78.46515772914718, 43.085966047413216 ], [ -78.467918728153649, 43.087839047847694 ], [ -78.464449726580838, 43.088701046906806 ], [ -78.464245747253372, 43.064956049834343 ], [ -78.491446757198858, 43.065556054168731 ], [ -78.491646737860009, 43.083953053662206 ] ] ] } },
{ "type": "Feature", "properties": { "GEOID": "36029013202", "tract_name": "Census Tract 132.02; Erie County; New York", "median_age": 49.7, "median_income": 94306.0, "population_density": 846.14856520803448, "county": "Erie" }, "geometry": { "type": "Polygon", "coordinates": [ [ [ -78.86757789039639, 42.696797407720865 ], [ -78.852141901439552, 42.708746394987834 ], [ -78.849800894372379, 42.706698394071658 ], [ -78.84558288968887, 42.706665391512253 ], [ -78.846715886072204, 42.704399392734672 ], [ -78.845519883967029, 42.704011392090209 ], [ -78.84101888309371, 42.705894388904838 ], [ -78.838831890632903, 42.710709386529714 ], [ -78.829367884681517, 42.713163380388707 ], [ -78.828322887406344, 42.715187379383764 ], [ -78.819956868507788, 42.710346375288175 ], [ -78.817999868072619, 42.711316373954148 ], [ -78.815115859926337, 42.708630372656529 ], [ -78.811872857136194, 42.70909537062812 ], [ -78.808644860836282, 42.713306368082009 ], [ -78.81323386817138, 42.714422370629592 ], [ -78.812825899021874, 42.732011367702498 ], [ -78.825762903242733, 42.725018376067844 ], [ -78.825695906034156, 42.726518375754019 ], [ -78.835246926487855, 42.730472380287104 ], [ -78.835513929783318, 42.731923380132521 ], [ -78.829043941298167, 42.742327374592385 ], [ -78.816025934289513, 42.75142236637663 ], [ -78.812362928653329, 42.751379364548825 ], [ -78.797605891910493, 42.740439358400813 ], [ -78.798344840753671, 42.708332362563489 ], [ -78.782052805251652, 42.696357353646007 ], [ -78.86757789039639, 42.696797407720865 ] ] ] } },
{ "type": "Feature", "properties": { "GEOID": "36029940000", "tract_name": "Census Tract 9400; Erie County; New York", "median_age": 33.3, "median_income": 41042.0, "population_density": 72.360371733742852, "county": "Erie" }, "geometry": { "type": "Polygon", "coordinates": [ [ [ -79.137875100785692, 42.570461774855282 ], [ -79.132651059525742, 42.585580697469794 ], [ -79.101110712670831, 42.585535426876795 ], [ -79.101126708215276, 42.582950431515322 ], [ -79.062009274649029, 42.582378095411421 ], [ -79.062048239264627, 42.568383113986577 ], [ -78.963204544535373, 42.566720535643135 ], [ -78.963163495295404, 42.552168543145406 ], [ -78.943512505616567, 42.551986523888957 ], [ -78.943902318115803, 42.468324641713707 ], [ -78.95034931099346, 42.46816165001119 ], [ -78.952148311072492, 42.471118643439141 ], [ -78.957030306604096, 42.472360645617918 ], [ -78.963436309287829, 42.486585610676386 ], [ -78.96117731683843, 42.494016585856272 ], [ -78.966565310659902, 42.493697592905008 ], [ -78.974174314968465, 42.501998581945294 ], [ -78.979058315129421, 42.503261587058262 ], [ -78.980228326411705, 42.506153587655895 ], [ -78.986069315282435, 42.50498859439665 ], [ -78.982775347405152, 42.511557589150037 ], [ -78.987806350910603, 42.513423594213606 ], [ -78.986404377347242, 42.519113591264663 ], [ -78.990970400766884, 42.525197594708722 ], [ -78.991702418407428, 42.529247594475954 ], [ -78.99532640150413, 42.53179458695417 ], [ -79.003393442496474, 42.532794622304124 ], [ -79.006733493694682, 42.535815650879535 ], [ -79.013433569908941, 42.53467771297813 ], [ -79.025395731414719, 42.540175817552552 ], [ -79.031056800326027, 42.540687868526007 ], [ -79.033098832681631, 42.543278884541657 ], [ -79.040731905361923, 42.537373959950877 ], [ -79.051222035479029, 42.539124053574199 ], [ -79.053827058664424, 42.536245080773142 ], [ -79.061345153107538, 42.53799414718322 ], [ -79.090078520469206, 42.550239389285537 ], [ -79.09046352898163, 42.552244389490447 ], [ -79.082511438549844, 42.553266316709937 ], [ -79.08087842430993, 42.555436298818229 ], [ -79.091748552174764, 42.556406394188564 ], [ -79.095073605600973, 42.564238410704192 ], [ -79.101338673812862, 42.562394469183452 ], [ -79.105193719572441, 42.563340501577962 ], [ -79.106246734505064, 42.565052507797816 ], [ -79.103661709464134, 42.567591480525707 ], [ -79.107779760136978, 42.569964512387074 ], [ -79.11493084107677, 42.57004557485395 ], [ -79.121293907142714, 42.565864638793606 ], [ -79.125799957419488, 42.56509168001898 ], [ -79.13526906941776, 42.568729755728093 ], [ -79.137875100785692, 42.570461774855282 ] ] ] } },
{ "type": "Feature", "properties": { "GEOID": "36117020202", "tract_name": "Census Tract 202.02; Wayne County; New York", "median_age": 36.9, "median_income": 100516.0, "population_density": 337.58518837934599, "county": "Wayne" }, "geometry": { "type": "Polygon", "coordinates": [ [ [ -77.375080883566866, 43.202617281434122 ], [ -77.313967108969379, 43.202740162275255 ], [ -77.313759108131052, 43.197865175899111 ], [ -77.31584510048927, 43.197618180573976 ], [ -77.31755709357563, 43.195099190992529 ], [ -77.319389084048566, 43.183690226703497 ], [ -77.320821079109209, 43.183684229267485 ], [ -77.320292078643334, 43.174404254501468 ], [ -77.323298068059472, 43.171667267252495 ], [ -77.322574060784248, 43.127329390215536 ], [ -77.320964064261688, 43.123439399093492 ], [ -77.373313923641604, 43.123407464737525 ], [ -77.375080883566866, 43.202617281434122 ] ] ] } },
{ "type": "Feature", "properties": { "GEOID": "36117020201", "tract_name": "Census Tract 202.01; Wayne County; New York", "median_age": 46.8, "median_income": 87381.0, "population_density": 223.85944352516145, "county": "Wayne" }, "geometry": { "type": "Polygon", "coordinates": [ [ [ -77.323258068237777, 43.171889266565131 ], [ -77.320292078643334, 43.174404254501468 ], [ -77.320821079109209, 43.183684229267485 ], [ -77.319389084048566, 43.183690226703497 ], [ -77.31755709357563, 43.195099190992529 ], [ -77.31584510048927, 43.197618180573976 ], [ -77.313759108131052, 43.197865175899111 ], [ -77.314127108421999, 43.202872162207044 ], [ -77.251888338443678, 43.203151040122698 ], [ -77.252264249147984, 43.123737312028872 ], [ -77.320964064261688, 43.123439399093492 ], [ -77.322574060784248, 43.127329390215536 ], [ -77.323258068237777, 43.171889266565131 ] ] ] } },
{ "type": "Feature", "properties": { "GEOID": "36099950802", "tract_name": "Census Tract 9508.02; Seneca County; New York", "median_age": 33.3, "median_income": 71859.0, "population_density": 39.639374334801666, "county": "Seneca" }, "geometry": { "type": "Polygon", "coordinates": [ [ [ -76.978117036626699, 42.774859828551975 ], [ -76.977007037488406, 42.780757829394155 ], [ -76.974746036099603, 42.782844831474954 ], [ -76.977016043089307, 42.798077828761116 ], [ -76.975029042560408, 42.801658830542223 ], [ -76.975362043715791, 42.804315830128111 ], [ -76.810227909179488, 42.808818989209719 ], [ -76.809535913377545, 42.81414899005383 ], [ -76.729073838188697, 42.808135053009906 ], [ -76.738312832608855, 42.794685049070601 ], [ -76.740060828563173, 42.789417048171444 ], [ -76.739473806886863, 42.7701040463743 ], [ -76.7334547690064, 42.727893062913012 ], [ -76.728951757348796, 42.712896076438753 ], [ -76.723400747192017, 42.704120085586318 ], [ -76.697831708561026, 42.684555113373158 ], [ -76.908013964170067, 42.679068943236764 ], [ -76.93870299409781, 42.721522885408397 ], [ -76.944986997593674, 42.737291869005716 ], [ -76.94743000337175, 42.764427857961671 ], [ -76.971393026669404, 42.764220835300492 ], [ -76.971773027968922, 42.766945834848713 ], [ -76.975316032091399, 42.769068831418423 ], [ -76.978117036626699, 42.774859828551975 ] ], [ [ -76.84632588998781, 42.712582979451483 ], [ -76.846564889036188, 42.700061987959579 ], [ -76.828127867250231, 42.700753005143184 ], [ -76.826293865760547, 42.704922003960519 ], [ -76.829968870615303, 42.708529997905472 ], [ -76.835719877406859, 42.709436991775114 ], [ -76.838504881444948, 42.716005984512741 ], [ -76.843506887121848, 42.715979979766303 ], [ -76.84632588998781, 42.712582979451483 ] ] ] } },
{ "type": "Feature", "properties": { "GEOID": "36099950801", "tract_name": "Census Tract 9508.01; Seneca County; New York", "median_age": 40.1, "median_income": null, "population_density": 1271.7471560565257, "county": "Seneca" }, "geometry": { "type": "Polygon", "coordinates": [ [ [ -76.847313890724067, 42.708426981407683 ], [ -76.843506887121848, 42.715979979766303 ], [ -76.838504881444948, 42.716005984512741 ], [ -76.835719877406859, 42.709436991775114 ], [ -76.829968870615303, 42.708529997905472 ], [ -76.826293865760547, 42.704922003960519 ], [ -76.828127867250231, 42.700753005143184 ], [ -76.846564889036188, 42.700061987959579 ], [ -76.847313890724067, 42.708426981407683 ] ] ] } },
{ "type": "Feature", "properties": { "GEOID": "36029006601", "tract_name": "Census Tract 66.01; Erie County; New York", "median_age": 34.8, "median_income": 68693.0, "population_density": 15625.571777041185, "county": "Erie" }, "geometry": { "type": "Polygon", "coordinates": [ [ [ -78.888169824447473, 42.914963356988409 ], [ -78.877047809739864, 42.91546335495638 ], [ -78.877085815359223, 42.911296356029041 ], [ -78.886155826815866, 42.911334357638403 ], [ -78.888169824447473, 42.914963356988409 ] ] ] } },
{ "type": "Feature", "properties": { "GEOID": "36029006701", "tract_name": "Census Tract 67.01; Erie County; New York", "median_age": 32.8, "median_income": 72566.0, "population_density": 16857.08823085628, "county": "Erie" }, "geometry": { "type": "Polygon", "coordinates": [ [ [ -78.886155826815866, 42.911334357638403 ], [ -78.877085815359223, 42.911296356029041 ], [ -78.877136827504899, 42.902261358350813 ], [ -78.881839833390217, 42.902378359245198 ], [ -78.881923829388541, 42.905432358450547 ], [ -78.886000829718682, 42.909043358238037 ], [ -78.886155826815866, 42.911334357638403 ] ] ] } },
{ "type": "Feature", "properties": { "GEOID": "36029006100", "tract_name": "Census Tract 61; Erie County; New York", "median_age": 29.3, "median_income": 39302.0, "population_density": 9351.3996471191695, "county": "Erie" }, "geometry": { "type": "Polygon", "coordinates": [ [ [ -78.905759838056454, 42.921155358058108 ], [ -78.887679814191415, 42.922071354934225 ], [ -78.887387822915514, 42.915365356743337 ], [ -78.892776833462221, 42.912619358450939 ], [ -78.905759849299386, 42.913055360598221 ], [ -78.905759838056454, 42.921155358058108 ] ] ] } },
{ "type": "Feature", "properties": { "GEOID": "36029006302", "tract_name": "Census Tract 63.02; Erie County; New York", "median_age": 37.4, "median_income": 81797.0, "population_density": 5916.8844096015973, "county": "Erie" }, "geometry": { "type": "Polygon", "coordinates": [ [ [ -78.877390785127616, 42.934187350212468 ], [ -78.866978776262158, 42.931214349533064 ], [ -78.865877777070835, 42.929569349764378 ], [ -78.867776781808701, 42.927759350462836 ], [ -78.867442786973896, 42.923532351413726 ], [ -78.870627791686758, 42.922973352039833 ], [ -78.867501791201533, 42.920385352167294 ], [ -78.877010803155699, 42.920353353699653 ], [ -78.877390785127616, 42.934187350212468 ] ] ] } },
{ "type": "Feature", "properties": { "GEOID": "36029006501", "tract_name": "Census Tract 65.01; Erie County; New York", "median_age": 31.6, "median_income": 60341.0, "population_density": 15506.055356347031, "county": "Erie" }, "geometry": { "type": "Polygon", "coordinates": [ [ [ -78.888221822989379, 42.916086356684801 ], [ -78.887916817034693, 42.920193355492877 ], [ -78.877010803155699, 42.920353353699653 ], [ -78.877047809739864, 42.91546335495638 ], [ -78.888221822989379, 42.916086356684801 ] ] ] } },
{ "type": "Feature", "properties": { "GEOID": "36029013400", "tract_name": "Census Tract 134; Erie County; New York", "median_age": 40.4, "median_income": 107418.0, "population_density": 3062.5834194245294, "county": "Erie" }, "geometry": { "type": "Polygon", "coordinates": [ [ [ -78.863251969654399, 42.732816395066983 ], [ -78.846401962771566, 42.74040738410293 ], [ -78.836160932447498, 42.732801380302689 ], [ -78.835246926487855, 42.730472380287104 ], [ -78.825695906034156, 42.726518375754019 ], [ -78.825726897257468, 42.721923376617319 ], [ -78.82921289497979, 42.7185203792652 ], [ -78.829639884921278, 42.713124380557524 ], [ -78.838669890646258, 42.710805386412012 ], [ -78.84101888309371, 42.705894388904838 ], [ -78.846233884706081, 42.704001392531744 ], [ -78.845371889109117, 42.706501391421838 ], [ -78.849800894372379, 42.706698394071658 ], [ -78.852141901439552, 42.708746394987834 ], [ -78.845916905435345, 42.713872390034993 ], [ -78.841958915066883, 42.720690386170958 ], [ -78.847548920835806, 42.720142389512844 ], [ -78.847643930465836, 42.724561388518573 ], [ -78.854836943163249, 42.726113392188303 ], [ -78.863251969654399, 42.732816395066983 ] ] ] } },
{ "type": "Feature", "properties": { "GEOID": "36029013501", "tract_name": "Census Tract 135.01; Erie County; New York", "median_age": 46.6, "median_income": 98929.0, "population_density": 530.37856419885543, "county": "Erie" }, "geometry": { "type": "Polygon", "coordinates": [ [ [ -78.798344840753671, 42.708332362563489 ], [ -78.796167883828801, 42.76786635490992 ], [ -78.761294835749496, 42.763393338713428 ], [ -78.752486820738554, 42.764755334510795 ], [ -78.752510823692475, 42.762140334535374 ], [ -78.75827783271788, 42.761981337299773 ], [ -78.758835836069906, 42.759766337606571 ], [ -78.755252832137273, 42.758357335888483 ], [ -78.75805983756382, 42.757378337269984 ], [ -78.757997844449719, 42.751174337339592 ], [ -78.745956836706668, 42.751006333315253 ], [ -78.743687837083442, 42.746984333333373 ], [ -78.740555839585454, 42.746030333333373 ], [ -78.739773837287146, 42.74304533333337 ], [ -78.732066839545411, 42.736701333333365 ], [ -78.732998822159402, 42.720965333333375 ], [ -78.728884813080725, 42.707025333333362 ], [ -78.747152789408176, 42.70712933333337 ], [ -78.74783778070254, 42.700035333333375 ], [ -78.757442784217261, 42.699017338001539 ], [ -78.762806786314215, 42.69634834144933 ], [ -78.767410790679179, 42.696223344372456 ], [ -78.767472794091447, 42.698806344302056 ], [ -78.768441791711183, 42.696238345025513 ], [ -78.782052805251652, 42.696357353646007 ], [ -78.798344840753671, 42.708332362563489 ] ] ] } },
{ "type": "Feature", "properties": { "GEOID": "36029013502", "tract_name": "Census Tract 135.02; Erie County; New York", "median_age": 46.2, "median_income": 178139.0, "population_density": 665.52329868418065, "county": "Erie" }, "geometry": { "type": "Polygon", "coordinates": [ [ [ -78.762342786273067, 42.696682341145234 ], [ -78.757105783968896, 42.699095337788798 ], [ -78.74783778070254, 42.700035333333375 ], [ -78.747152789408176, 42.70712933333337 ], [ -78.728884813080725, 42.707025333333362 ], [ -78.732998822159402, 42.720965333333375 ], [ -78.731451838401142, 42.734889333333363 ], [ -78.739773837287146, 42.74304533333337 ], [ -78.740555839585454, 42.746030333333373 ], [ -78.743687837083442, 42.746984333333373 ], [ -78.745956836706668, 42.751006333315253 ], [ -78.747871834545549, 42.751036333323547 ], [ -78.745307828096642, 42.759404333137176 ], [ -78.732022842872212, 42.759391332582851 ], [ -78.73193183817888, 42.763706332232523 ], [ -78.727355844286649, 42.762785332046427 ], [ -78.728896840388899, 42.764752331949516 ], [ -78.725847836882224, 42.770957331083487 ], [ -78.69677087167112, 42.768724328903211 ], [ -78.696934844831844, 42.695770333333364 ], [ -78.762342786273067, 42.696682341145234 ] ] ] } },
{ "type": "Feature", "properties": { "GEOID": "36029013600", "tract_name": "Census Tract 136; Erie County; New York", "median_age": 46.1, "median_income": 89939.0, "population_density": 2298.1336684947837, "county": "Erie" }, "geometry": { "type": "Polygon", "coordinates": [ [ [ -78.758813835958307, 42.759835337594701 ], [ -78.758145832158547, 42.762298337231314 ], [ -78.752510823692475, 42.762140334535374 ], [ -78.752486820738554, 42.764755334510795 ], [ -78.750607817176515, 42.765374333620109 ], [ -78.750720811289995, 42.770821333665587 ], [ -78.742266818617765, 42.770976332612285 ], [ -78.743052814321118, 42.774057332590431 ], [ -78.734488825814438, 42.772277331797397 ], [ -78.73232083050776, 42.770221331744288 ], [ -78.725847836882224, 42.770957331083487 ], [ -78.728896840388899, 42.764752331949516 ], [ -78.727355844286649, 42.762785332046427 ], [ -78.73193183817888, 42.763706332232523 ], [ -78.732022842872212, 42.759391332582851 ], [ -78.745307828096642, 42.759404333137176 ], [ -78.747871834545549, 42.751036333323547 ], [ -78.757997844449719, 42.751174337339592 ], [ -78.75805983756382, 42.757378337269984 ], [ -78.755252832137273, 42.758357335888483 ], [ -78.758813835958307, 42.759835337594701 ] ] ] } },
{ "type": "Feature", "properties": { "GEOID": "36029013701", "tract_name": "Census Tract 137.01; Erie County; New York", "median_age": 44.0, "median_income": 78250.0, "population_density": 1016.1986656609818, "county": "Erie" }, "geometry": { "type": "Polygon", "coordinates": [ [ [ -78.797260841860165, 42.804376351946814 ], [ -78.751753775992199, 42.803908334025451 ], [ -78.751709788901138, 42.792264334048134 ], [ -78.745679803773314, 42.780923332739476 ], [ -78.744663816123321, 42.770824332839382 ], [ -78.750720811289995, 42.770821333665587 ], [ -78.750607817176515, 42.765374333620109 ], [ -78.758260831203515, 42.76330333726964 ], [ -78.796167883828801, 42.76786635490992 ], [ -78.795935866552227, 42.78205435348935 ], [ -78.789933857620483, 42.782001350859979 ], [ -78.797260841860165, 42.804376351946814 ] ] ] } },
{ "type": "Feature", "properties": { "GEOID": "36029013702", "tract_name": "Census Tract 137.02; Erie County; New York", "median_age": 53.9, "median_income": 103839.0, "population_density": 871.76178780386647, "county": "Erie" }, "geometry": { "type": "Polygon", "coordinates": [ [ [ -78.751753775992199, 42.803908334025451 ], [ -78.738411786363329, 42.803860330559118 ], [ -78.738388778143332, 42.811281330170623 ], [ -78.696915824354448, 42.811164318902264 ], [ -78.69677087167112, 42.768724328903211 ], [ -78.711622852877781, 42.770786329787583 ], [ -78.73232083050776, 42.770221331744288 ], [ -78.734488825814438, 42.772277331797397 ], [ -78.739054820648889, 42.772360332245476 ], [ -78.739754817986665, 42.774056332237812 ], [ -78.743052814321118, 42.774057332590431 ], [ -78.742266818617765, 42.770976332612285 ], [ -78.744663816123321, 42.770824332839382 ], [ -78.745679803773314, 42.780923332739476 ], [ -78.751709788901138, 42.792264334048134 ], [ -78.751753775992199, 42.803908334025451 ] ] ] } },
{ "type": "Feature", "properties": { "GEOID": "36029013900", "tract_name": "Census Tract 139; Erie County; New York", "median_age": 48.7, "median_income": 88214.0, "population_density": 2779.3124474750925, "county": "Erie" }, "geometry": { "type": "Polygon", "coordinates": [ [ [ -78.632928949384464, 42.762624326763806 ], [ -78.629764948281107, 42.766781324364821 ], [ -78.601994980634458, 42.765433323180147 ], [ -78.602005990034471, 42.756962328752763 ], [ -78.622565965345572, 42.758622328448915 ], [ -78.622600967727806, 42.756443329684068 ], [ -78.629065958998908, 42.7578343291216 ], [ -78.632928949384464, 42.762624326763806 ] ] ] } },
{ "type": "Feature", "properties": { "GEOID": "36029014000", "tract_name": "Census Tract 140; Erie County; New York", "median_age": 50.9, "median_income": 106705.0, "population_density": 2170.1906393502891, "county": "Erie" }, "geometry": { "type": "Polygon", "coordinates": [ [ [ -78.636165933408904, 42.773765321308844 ], [ -78.632340934604457, 42.77651431946726 ], [ -78.627034940520005, 42.776496318851791 ], [ -78.625767945270013, 42.773488320363434 ], [ -78.613913958840016, 42.773129319343013 ], [ -78.613283960825569, 42.771972319981273 ], [ -78.614318948575573, 42.78196231405807 ], [ -78.593638971615576, 42.781906311159148 ], [ -78.59095398054113, 42.776558314558748 ], [ -78.593288987966687, 42.767540321115398 ], [ -78.60202697806001, 42.767718321679588 ], [ -78.601994980634458, 42.765433323180147 ], [ -78.627845951433343, 42.765863324720073 ], [ -78.636165933408904, 42.773765321308844 ] ] ] } },
{ "type": "Feature", "properties": { "GEOID": "36029014101", "tract_name": "Census Tract 141.01; Erie County; New York", "median_age": 44.6, "median_income": 90929.0, "population_density": 351.67010977157719, "county": "Erie" }, "geometry": { "type": "Polygon", "coordinates": [ [ [ -78.641541845430012, 42.847570286299735 ], [ -78.640301844701114, 42.849466284837611 ], [ -78.640424827917769, 42.864448277595677 ], [ -78.577593897536673, 42.864622245502296 ], [ -78.577716987756688, 42.783301307833021 ], [ -78.592374973360023, 42.781600311194261 ], [ -78.632261928667788, 42.781936316620694 ], [ -78.632881916756688, 42.792036311451362 ], [ -78.636487907588901, 42.796681309781683 ], [ -78.636920858742229, 42.840210287994793 ], [ -78.641541845430012, 42.847570286299735 ] ] ] } },
{ "type": "Feature", "properties": { "GEOID": "36029014102", "tract_name": "Census Tract 141.02; Erie County; New York", "median_age": 40.9, "median_income": 97143.0, "population_density": 324.60593296466533, "county": "Erie" }, "geometry": { "type": "Polygon", "coordinates": [ [ [ -78.696891856971106, 42.781833325819029 ], [ -78.696947765987773, 42.863662306532397 ], [ -78.640424827917769, 42.864448277595677 ], [ -78.640301844701114, 42.849466284837611 ], [ -78.641676845874457, 42.847035286615849 ], [ -78.636920858742229, 42.840210287994793 ], [ -78.636487907588901, 42.796681309781683 ], [ -78.632881916756688, 42.792036311451362 ], [ -78.632261928667788, 42.781936316620694 ], [ -78.696891856971106, 42.781833325819029 ] ] ] } },
{ "type": "Feature", "properties": { "GEOID": "36029014204", "tract_name": "Census Tract 142.04; Erie County; New York", "median_age": 51.1, "median_income": 68264.0, "population_density": 454.80728964502094, "county": "Erie" }, "geometry": { "type": "Polygon", "coordinates": [ [ [ -78.657594774311121, 42.895524273566771 ], [ -78.65714975274112, 42.915382265084133 ], [ -78.578322827226685, 42.927172198147169 ], [ -78.577802879938915, 42.880251233647513 ], [ -78.582336876951118, 42.878406237647091 ], [ -78.594528859788909, 42.881660242356631 ], [ -78.595056853852228, 42.886475239349792 ], [ -78.59715384923669, 42.888532239224396 ], [ -78.606361838970017, 42.888564244873393 ], [ -78.609750833346681, 42.890236245918295 ], [ -78.619056824901122, 42.88853125271082 ], [ -78.626641814168906, 42.890605256243823 ], [ -78.630887811592231, 42.88867825991737 ], [ -78.636468801195562, 42.892454261451931 ], [ -78.640974796898888, 42.891815264614486 ], [ -78.641015798962229, 42.889917265559674 ], [ -78.657142781261115, 42.889721275669338 ], [ -78.655779779297774, 42.892851273512214 ], [ -78.657594774311121, 42.895524273566771 ] ] ] } },
{ "type": "Feature", "properties": { "GEOID": "36029014501", "tract_name": "Census Tract 145.01; Erie County; New York", "median_age": 44.6, "median_income": 77813.0, "population_density": 3872.2889275799885, "county": "Erie" }, "geometry": { "type": "Polygon", "coordinates": [ [ [ -78.696932714355569, 42.910146295561198 ], [ -78.696925694697782, 42.92784529138121 ], [ -78.689527703036674, 42.927738285562363 ], [ -78.689511706720012, 42.92443928643663 ], [ -78.676845720738896, 42.924488276600826 ], [ -78.676950731123341, 42.915037279750678 ], [ -78.68220772615112, 42.914255283842337 ], [ -78.68194072929667, 42.911691284423 ], [ -78.696932714355569, 42.910146295561198 ] ] ] } },
{ "type": "Feature", "properties": { "GEOID": "36029014502", "tract_name": "Census Tract 145.02; Erie County; New York", "median_age": 43.6, "median_income": 54875.0, "population_density": 2628.8702799446028, "county": "Erie" }, "geometry": { "type": "Polygon", "coordinates": [ [ [ -78.696931730751118, 42.895391299040632 ], [ -78.696932714396681, 42.910109295569924 ], [ -78.68194072929667, 42.911691284423 ], [ -78.682900745820021, 42.895860289834054 ], [ -78.688431739485566, 42.896030293373144 ], [ -78.688632743148887, 42.892532294457673 ], [ -78.696055733296674, 42.893976298813818 ], [ -78.695064733287794, 42.894975297935758 ], [ -78.696931730751118, 42.895391299040632 ] ] ] } },
{ "type": "Feature", "properties": { "GEOID": "36029014601", "tract_name": "Census Tract 146.01; Erie County; New York", "median_age": 37.9, "median_income": 88529.0, "population_density": 1276.0470831147761, "county": "Erie" }, "geometry": { "type": "Polygon", "coordinates": [ [ [ -78.697017662796682, 42.956464284714734 ], [ -78.696899638787798, 42.978190279479008 ], [ -78.669206669764463, 42.978004251459915 ], [ -78.647232703258894, 42.969833232924408 ], [ -78.633828714997762, 42.972672218362256 ], [ -78.632553722937772, 42.966801220165024 ], [ -78.632341735780003, 42.955455225893914 ], [ -78.697017662796682, 42.956464284714734 ] ] ] } },
{ "type": "Feature", "properties": { "GEOID": "36029014801", "tract_name": "Census Tract 148.01; Erie County; New York", "median_age": 48.0, "median_income": 47928.0, "population_density": 1085.3910685706624, "county": "Erie" }, "geometry": { "type": "Polygon", "coordinates": [ [ [ -78.514019804726573, 43.012320071059939 ], [ -78.513427788543808, 43.028185070316212 ], [ -78.494746798392981, 43.028454055387257 ], [ -78.494846800366318, 43.026680055422524 ], [ -78.475567777766415, 43.037417054005452 ], [ -78.476908803039819, 43.011812056163912 ], [ -78.486169807827778, 43.013870055820071 ], [ -78.501935821987246, 43.0083300576987 ], [ -78.501885818501009, 43.011537057640787 ], [ -78.514019804726573, 43.012320071059939 ] ] ] } },
{ "type": "Feature", "properties": { "GEOID": "36029014903", "tract_name": "Census Tract 149.03; Erie County; New York", "median_age": 42.6, "median_income": 86650.0, "population_density": 198.96405004202117, "county": "Erie" }, "geometry": { "type": "Polygon", "coordinates": [ [ [ -78.577608894067794, 42.867729243129396 ], [ -78.578048796882229, 42.954756176850836 ], [ -78.464231852727167, 42.954553101054657 ], [ -78.464381946402426, 42.867459183686933 ], [ -78.577608894067794, 42.867729243129396 ] ], [ [ -78.566147844215564, 42.924057191105426 ], [ -78.553354856848884, 42.925480179965142 ], [ -78.553263861358886, 42.921512183363731 ], [ -78.53772487826555, 42.921835171213843 ], [ -78.539349859227784, 42.937344157934945 ], [ -78.548537850625564, 42.935898166880058 ], [ -78.545383856379999, 42.93387316611571 ], [ -78.546245856018885, 42.933336167306457 ], [ -78.549731849511105, 42.935707168036586 ], [ -78.553275846201117, 42.935142171455709 ], [ -78.553352839546676, 42.941054166352025 ], [ -78.557547835215559, 42.940757170168197 ], [ -78.557747833215572, 42.942357168970631 ], [ -78.556163834421127, 42.942856167186541 ], [ -78.561230828103348, 42.94347517101037 ], [ -78.561443837685559, 42.934638178599215 ], [ -78.565722832909984, 42.934657182095101 ], [ -78.566147844215564, 42.924057191105426 ] ], [ [ -78.511332946773351, 42.886570188464987 ], [ -78.484938945874859, 42.885957175448318 ], [ -78.484509941862129, 42.889253171824905 ], [ -78.478659936262915, 42.889359169156855 ], [ -78.4781239122117, 42.910996147041963 ], [ -78.509830921121107, 42.911159161306436 ], [ -78.509645938978906, 42.895272178145134 ], [ -78.51122593765335, 42.894885179575972 ], [ -78.511332946773351, 42.886570188464987 ] ] ] } },
{ "type": "Feature", "properties": { "GEOID": "36029015001", "tract_name": "Census Tract 150.01; Erie County; New York", "median_age": 46.3, "median_income": 95134.0, "population_density": 188.41557015760387, "county": "Erie" }, "geometry": { "type": "Polygon", "coordinates": [ [ [ -78.577453989762247, 42.781759308976618 ], [ -78.577608894067794, 42.867729243129396 ], [ -78.486302966611049, 42.868222194662586 ], [ -78.488119063563431, 42.781569287213358 ], [ -78.577453989762247, 42.781759308976618 ] ] ] } },
{ "type": "Feature", "properties": { "GEOID": "36029015002", "tract_name": "Census Tract 150.02; Erie County; New York", "median_age": 45.8, "median_income": 86550.0, "population_density": 84.132259086672974, "county": "Erie" }, "geometry": { "type": "Polygon", "coordinates": [ [ [ -78.579547002560901, 42.692958333333372 ], [ -78.577453989762247, 42.781759308976618 ], [ -78.46323403864028, 42.780459265136543 ], [ -78.463802088871446, 42.693916295544447 ], [ -78.579547002560901, 42.692958333333372 ] ] ] } },
{ "type": "Feature", "properties": { "GEOID": "36067015702", "tract_name": "Census Tract 157.02; Onondaga County; New York", "median_age": 50.7, "median_income": 125294.0, "population_density": 149.13146211697389, "county": "Onondaga" }, "geometry": { "type": "Polygon", "coordinates": [ [ [ -76.059286409230197, 42.96584159915507 ], [ -76.057017408397513, 42.965954599661245 ], [ -76.058434419595145, 42.983585604971516 ], [ -75.962536413979066, 42.988622616426959 ], [ -75.910609435580128, 42.989367621142414 ], [ -75.905543386825599, 42.914354613774279 ], [ -75.911762383233722, 42.912007613141242 ], [ -75.916379382064932, 42.91248461290089 ], [ -75.93164338448446, 42.923801613021652 ], [ -75.967186371761841, 42.922457610544171 ], [ -75.975764367395044, 42.91994660977717 ], [ -75.976314371896606, 42.927759610361861 ], [ -75.999920363366101, 42.926849608692649 ], [ -76.005111366024124, 42.928165606906987 ], [ -76.004808366758951, 42.929640607152905 ], [ -76.009606368883723, 42.930174605483337 ], [ -76.036402378371676, 42.929057595635342 ], [ -76.036721372934849, 42.919671593396899 ], [ -76.054497378791254, 42.918372585850932 ], [ -76.059286409230197, 42.96584159915507 ] ] ] } },
{ "type": "Feature", "properties": { "GEOID": "36067015701", "tract_name": "Census Tract 157.01; Onondaga County; New York", "median_age": 55.4, "median_income": 92083.0, "population_density": 64.314952073576166, "county": "Onondaga" }, "geometry": { "type": "Polygon", "coordinates": [ [ [ -76.054497378791254, 42.918372585850932 ], [ -76.036721372934849, 42.919671593396899 ], [ -76.036402378371676, 42.929057595635342 ], [ -76.009606368883723, 42.930174605483337 ], [ -76.004808366758951, 42.929640607152905 ], [ -76.005111366024124, 42.928165606906987 ], [ -75.999920363366101, 42.926849608692649 ], [ -75.976314371896606, 42.927759610361861 ], [ -75.975764367395044, 42.91994660977717 ], [ -75.967186371761841, 42.922457610544171 ], [ -75.93164338448446, 42.923801613021652 ], [ -75.916379382064932, 42.91248461290089 ], [ -75.911762383233722, 42.912007613141242 ], [ -75.905543386825599, 42.914354613774279 ], [ -75.901672352277487, 42.861833608471109 ], [ -76.048341339032476, 42.855727571121442 ], [ -76.054497378791254, 42.918372585850932 ] ] ] } },
{ "type": "Feature", "properties": { "GEOID": "36067004401", "tract_name": "Census Tract 44.01; Onondaga County; New York", "median_age": 28.0, "median_income": 61339.0, "population_density": 7859.9952264349522, "county": "Onondaga" }, "geometry": { "type": "Polygon", "coordinates": [ [ [ -76.129797503315018, 43.03627659285511 ], [ -76.112774499669783, 43.037106595304927 ], [ -76.111681491147323, 43.03072359743075 ], [ -76.129222495484498, 43.029997595154711 ], [ -76.129797503315018, 43.03627659285511 ] ] ] } },
{ "type": "Feature", "properties": { "GEOID": "36067015602", "tract_name": "Census Tract 156.02; Onondaga County; New York", "median_age": 43.5, "median_income": 152574.0, "population_density": 125.83854759676295, "county": "Onondaga" }, "geometry": { "type": "Polygon", "coordinates": [ [ [ -75.977804467789824, 43.034662618133225 ], [ -75.96461247700735, 43.039795621431537 ], [ -75.959154485248149, 43.045340623354399 ], [ -75.958328504874331, 43.059530625364168 ], [ -75.962350505893212, 43.060092624256882 ], [ -75.957460507493138, 43.061473625870164 ], [ -75.947902519404437, 43.071187630290112 ], [ -75.935497524300644, 43.076819635528857 ], [ -75.926970518723522, 43.073346637697796 ], [ -75.916357518458454, 43.074781641659307 ], [ -75.910609435580128, 42.989367621142414 ], [ -75.935566424897715, 42.988559618830521 ], [ -75.936553433283009, 43.001182620047217 ], [ -75.942713445799384, 43.013163621596654 ], [ -75.94604844326706, 43.012004620944438 ], [ -75.956574450820938, 43.020025620610731 ], [ -75.976743452058756, 43.024259617665791 ], [ -75.977804467789824, 43.034662618133225 ] ] ] } },
{ "type": "Feature", "properties": { "GEOID": "36067002101", "tract_name": "Census Tract 21.01; Onondaga County; New York", "median_age": 31.9, "median_income": 33538.0, "population_density": 4260.4343547640883, "county": "Onondaga" }, "geometry": { "type": "Polygon", "coordinates": [ [ [ -76.185115538076346, 43.055543574448443 ], [ -76.181922539948843, 43.058012573906865 ], [ -76.176489536915099, 43.056114575985596 ], [ -76.156433530615459, 43.054094581077287 ], [ -76.157670527096187, 43.050702582269814 ], [ -76.175426528315242, 43.048100580004409 ], [ -76.185115538076346, 43.055543574448443 ] ] ] } },
{ "type": "Feature", "properties": { "GEOID": "36055013205", "tract_name": "Census Tract 132.05; Monroe County; New York", "median_age": 30.6, "median_income": 69047.0, "population_density": 1099.9225280735764, "county": "Monroe" }, "geometry": { "type": "Polygon", "coordinates": [ [ [ -77.726271530164382, 43.043204024059143 ], [ -77.712805535315951, 43.049364005038662 ], [ -77.705806541917894, 43.049293995548368 ], [ -77.698605541181905, 43.055019984298042 ], [ -77.695968538466602, 43.058927979585206 ], [ -77.699145528515743, 43.064405982657988 ], [ -77.695791526636285, 43.068083976852442 ], [ -77.695464522538174, 43.071425975465587 ], [ -77.692090523803472, 43.072636970159678 ], [ -77.644556563893573, 43.07270090003091 ], [ -77.657872588735827, 43.047773931163903 ], [ -77.694403561233571, 43.042673981907171 ], [ -77.71462654295992, 43.041836008844527 ], [ -77.726271530164382, 43.043204024059143 ] ] ] } },
{ "type": "Feature", "properties": { "GEOID": "36067000501", "tract_name": "Census Tract 5.01; Onondaga County; New York", "median_age": 26.9, "median_income": 32543.0, "population_density": 8414.6966079907033, "county": "Onondaga" }, "geometry": { "type": "Polygon", "coordinates": [ [ [ -76.16813654967838, 43.069564571640427 ], [ -76.167067550689495, 43.070651571413428 ], [ -76.152409541792792, 43.064695577529832 ], [ -76.153405540449114, 43.063357577852749 ], [ -76.146948535299018, 43.059869580729547 ], [ -76.153576532575897, 43.05635958072363 ], [ -76.159990542755949, 43.064408575881252 ], [ -76.16813654967838, 43.069564571640427 ] ] ] } },
{ "type": "Feature", "properties": { "GEOID": "36029009113", "tract_name": "Census Tract 91.13; Erie County; New York", "median_age": 50.1, "median_income": 136578.0, "population_density": 3203.3803370147784, "county": "Erie" }, "geometry": { "type": "Polygon", "coordinates": [ [ [ -78.768297573946839, 43.006890332709382 ], [ -78.767816568621228, 43.024209331132489 ], [ -78.737883564015476, 43.024914317393822 ], [ -78.739461566844881, 43.002158321407279 ], [ -78.76071156699058, 43.002036333137106 ], [ -78.763954569461433, 43.006362332736174 ], [ -78.768297573946839, 43.006890332709382 ] ] ] } },
{ "type": "Feature", "properties": { "GEOID": "36029009114", "tract_name": "Census Tract 91.14; Erie County; New York", "median_age": 44.6, "median_income": 96875.0, "population_density": 4369.7869060065286, "county": "Erie" }, "geometry": { "type": "Polygon", "coordinates": [ [ [ -78.768314574084528, 43.006465332747936 ], [ -78.763954569461433, 43.006362332736174 ], [ -78.76071156699058, 43.002036333137106 ], [ -78.739461566844881, 43.002158321407279 ], [ -78.739505577063341, 42.991136322085616 ], [ -78.76171157860577, 42.991130333542458 ], [ -78.763020578168479, 42.992816333521631 ], [ -78.760882570767876, 42.997237333393862 ], [ -78.763519572976392, 42.997884333390907 ], [ -78.761749568498431, 43.000471333288196 ], [ -78.762445568516952, 43.003597332991518 ], [ -78.768314574084528, 43.006465332747936 ] ] ] } },
{ "type": "Feature", "properties": { "GEOID": "36063023500", "tract_name": "Census Tract 235; Niagara County; New York", "median_age": 34.7, "median_income": 51953.0, "population_density": 1421.1787210718821, "county": "Niagara" }, "geometry": { "type": "Polygon", "coordinates": [ [ [ -78.715979539057258, 43.190769278318754 ], [ -78.709829541336575, 43.190978271957256 ], [ -78.704321544069302, 43.189040266442149 ], [ -78.708380540969074, 43.193906270207961 ], [ -78.686600549879785, 43.191710247943547 ], [ -78.669109558825198, 43.186661230266708 ], [ -78.669084559411502, 43.185419230328606 ], [ -78.665226560841532, 43.185668226323614 ], [ -78.662559562906154, 43.183631223705497 ], [ -78.673698559747962, 43.180515235453726 ], [ -78.68617555717384, 43.173817248897073 ], [ -78.696853552683407, 43.173058260048535 ], [ -78.696855550096245, 43.180286259456167 ], [ -78.699202548225827, 43.182814261676789 ], [ -78.703787545790988, 43.184468266280227 ], [ -78.712162542552704, 43.183949274986361 ], [ -78.712285541873683, 43.186054274926882 ], [ -78.716332540114777, 43.186561279063156 ], [ -78.715979539057258, 43.190769278318754 ] ] ] } },
{ "type": "Feature", "properties": { "GEOID": "36029010808", "tract_name": "Census Tract 108.08; Erie County; New York", "median_age": 38.2, "median_income": 67750.0, "population_density": 3200.9809335712903, "county": "Erie" }, "geometry": { "type": "Polygon", "coordinates": [ [ [ -78.759939701507335, 42.880481335724959 ], [ -78.75441169013996, 42.884101334362633 ], [ -78.754062691628405, 42.882359334295437 ], [ -78.74694068847333, 42.883432331518669 ], [ -78.746419690661114, 42.881984331232744 ], [ -78.738088700267781, 42.881669326362406 ], [ -78.738803709357768, 42.872773327223534 ], [ -78.720674735042238, 42.867786317981135 ], [ -78.749042702980006, 42.868274332829778 ], [ -78.754293710091702, 42.86612833449044 ], [ -78.754408712486963, 42.864126334539201 ], [ -78.759527719284918, 42.864238335937387 ], [ -78.758872706745947, 42.874579335573642 ], [ -78.754671697568327, 42.877771334482823 ], [ -78.755992697917563, 42.879024334792788 ], [ -78.758005702297666, 42.87750433530757 ], [ -78.759939701507335, 42.880481335724959 ] ] ] } },
{ "type": "Feature", "properties": { "GEOID": "36029010809", "tract_name": "Census Tract 108.09; Erie County; New York", "median_age": 52.5, "median_income": 92813.0, "population_density": 4793.7444091109555, "county": "Erie" }, "geometry": { "type": "Polygon", "coordinates": [ [ [ -78.739315707864449, 42.873605327463409 ], [ -78.738088700267781, 42.881669326362406 ], [ -78.723142718292209, 42.880393317768259 ], [ -78.723303719881116, 42.878802318050333 ], [ -78.72168472202334, 42.878493317162409 ], [ -78.722770724021117, 42.875609318131637 ], [ -78.721644725351112, 42.875538317511975 ], [ -78.720626734116678, 42.868667317840988 ], [ -78.735986713691105, 42.871690325753853 ], [ -78.739315707864449, 42.873605327463409 ] ] ] } },
{ "type": "Feature", "properties": { "GEOID": "36063023401", "tract_name": "Census Tract 234.01; Niagara County; New York", "median_age": 47.4, "median_income": 79666.0, "population_density": 316.09348106775076, "county": "Niagara" }, "geometry": { "type": "Polygon", "coordinates": [ [ [ -78.754813535873112, 43.133269319901459 ], [ -78.754781519728894, 43.21929731122566 ], [ -78.621752557490538, 43.21785517975416 ], [ -78.620979573079481, 43.194135180164494 ], [ -78.645116565218473, 43.192288205137714 ], [ -78.669084559411502, 43.185419230328606 ], [ -78.669109558825198, 43.186661230266708 ], [ -78.686046550120466, 43.191631247378503 ], [ -78.708380540969074, 43.193906270207961 ], [ -78.704321544069302, 43.189040266442149 ], [ -78.709829541336575, 43.190978271957256 ], [ -78.715979539057258, 43.190769278318754 ], [ -78.716332540114777, 43.186561279063156 ], [ -78.712285541873683, 43.186054274926882 ], [ -78.712162542552704, 43.183949274986361 ], [ -78.723565538407129, 43.18200228696189 ], [ -78.722920542943854, 43.165459287834935 ], [ -78.726385541465731, 43.164732291514177 ], [ -78.732496537047098, 43.171420297233986 ], [ -78.73344253684175, 43.170386298318192 ], [ -78.73410953614399, 43.172205298833909 ], [ -78.738823533893125, 43.172811303672077 ], [ -78.738898536270185, 43.16056930497183 ], [ -78.722961542958814, 43.165325287890134 ], [ -78.724381547729166, 43.143740291393243 ], [ -78.718665550858532, 43.144023285359523 ], [ -78.713826551478931, 43.151157279636728 ], [ -78.683289567868172, 43.150857247658116 ], [ -78.683144568437498, 43.149658247597884 ], [ -78.679960570193614, 43.149559244266626 ], [ -78.680151568307195, 43.153788244148622 ], [ -78.674585571327682, 43.153536238340173 ], [ -78.678843574127427, 43.141751243678698 ], [ -78.663244583252521, 43.141228227305916 ], [ -78.663424584362218, 43.13873222766572 ], [ -78.673892578177913, 43.138980238672097 ], [ -78.674053580367399, 43.133851239214593 ], [ -78.692129569679636, 43.133484258317687 ], [ -78.696880567777313, 43.130829263549998 ], [ -78.696891567196531, 43.132434263429595 ], [ -78.754813535873112, 43.133269319901459 ] ] ] } },
{ "type": "Feature", "properties": { "GEOID": "36063023600", "tract_name": "Census Tract 236; Niagara County; New York", "median_age": 30.3, "median_income": 54600.0, "population_density": 1356.780986467779, "county": "Niagara" }, "geometry": { "type": "Polygon", "coordinates": [ [ [ -78.738898536270185, 43.16056930497183 ], [ -78.738823533893125, 43.172811303672077 ], [ -78.737025534600662, 43.17330730175501 ], [ -78.729721538812257, 43.169256294557066 ], [ -78.726385541465731, 43.164732291514177 ], [ -78.722920542943854, 43.165459287834935 ], [ -78.723565538407129, 43.18200228696189 ], [ -78.707656544116901, 43.184804270251803 ], [ -78.699202548225827, 43.182814261676789 ], [ -78.696893550043399, 43.180389259487058 ], [ -78.696854554616962, 43.167653260494092 ], [ -78.704745552995064, 43.161294269253105 ], [ -78.718665550858532, 43.144023285359523 ], [ -78.724381547729166, 43.143740291393243 ], [ -78.722961542958814, 43.165325287890134 ], [ -78.738898536270185, 43.16056930497183 ] ] ] } },
{ "type": "Feature", "properties": { "GEOID": "36063021300", "tract_name": "Census Tract 213; Niagara County; New York", "median_age": 39.4, "median_income": 24701.0, "population_density": 11920.0356549387, "county": "Niagara" }, "geometry": { "type": "Polygon", "coordinates": [ [ [ -79.041498848540158, 43.095055495210744 ], [ -79.033194809472946, 43.09511046443896 ], [ -79.033100823067883, 43.08844746487825 ], [ -79.041356861821782, 43.088601495775471 ], [ -79.041498848540158, 43.095055495210744 ] ] ] } },
{ "type": "Feature", "properties": { "GEOID": "36063022702", "tract_name": "Census Tract 227.02; Niagara County; New York", "median_age": 46.4, "median_income": 111928.0, "population_density": 255.20246358082755, "county": "Niagara" }, "geometry": { "type": "Polygon", "coordinates": [ [ [ -78.825049549132274, 43.133094327023663 ], [ -78.696891567196531, 43.132434263429595 ], [ -78.696906583673282, 43.086335267237672 ], [ -78.707321575347848, 43.086946278381319 ], [ -78.709488575012529, 43.082579281092578 ], [ -78.715218570283497, 43.083181287207431 ], [ -78.719048567827784, 43.081053291524626 ], [ -78.72401456273171, 43.085459296461899 ], [ -78.728286559235315, 43.086077300997097 ], [ -78.735168554499296, 43.083029308695743 ], [ -78.743185550319666, 43.070948318552823 ], [ -78.747118547268187, 43.069433322962652 ], [ -78.759141550262555, 43.070926326418089 ], [ -78.770784557888263, 43.069537327168838 ], [ -78.777644563602337, 43.065494327868713 ], [ -78.800759578396068, 43.066270328968187 ], [ -78.806817584523401, 43.062295329516843 ], [ -78.806912586147192, 43.059455329695126 ], [ -78.80440358634003, 43.055794329812741 ], [ -78.806821589281327, 43.053624330048208 ], [ -78.81384559564512, 43.05166333044415 ], [ -78.822357602124683, 43.051555330783721 ], [ -78.825049549132274, 43.133094327023663 ] ] ] } },
{ "type": "Feature", "properties": { "GEOID": "36063023402", "tract_name": "Census Tract 234.02; Niagara County; New York", "median_age": 48.7, "median_income": 98750.0, "population_density": 372.92140797976026, "county": "Niagara" }, "geometry": { "type": "Polygon", "coordinates": [ [ [ -78.668690559555287, 43.185450229919162 ], [ -78.645116565218473, 43.192288205137714 ], [ -78.620979573079481, 43.194135180164494 ], [ -78.618620590291798, 43.169266178967135 ], [ -78.619413606897098, 43.143320181086565 ], [ -78.617572645468755, 43.086551181939676 ], [ -78.619560643303274, 43.087492184029671 ], [ -78.622292642627542, 43.085245187080169 ], [ -78.626671639276282, 43.085108191797019 ], [ -78.63268363102398, 43.090959197938922 ], [ -78.630173631208734, 43.093782195091897 ], [ -78.636071627073775, 43.093271201443194 ], [ -78.640644620650875, 43.098462206041091 ], [ -78.636239620234917, 43.104652200975529 ], [ -78.636158617660115, 43.109113200635321 ], [ -78.647772609925354, 43.108526213046574 ], [ -78.652919605176422, 43.110746218390275 ], [ -78.660748599750789, 43.110836226720892 ], [ -78.660601596250842, 43.118088226077788 ], [ -78.65703459597222, 43.123243221952229 ], [ -78.654870593334266, 43.131000219157322 ], [ -78.638543603596219, 43.130474201940217 ], [ -78.639277594705675, 43.145075201866177 ], [ -78.65309358443767, 43.150000216064917 ], [ -78.662981574484945, 43.159523225783524 ], [ -78.662547562691941, 43.184079223662657 ], [ -78.668690559555287, 43.185450229919162 ] ] ] } },
{ "type": "Feature", "properties": { "GEOID": "36063024202", "tract_name": "Census Tract 242.02; Niagara County; New York", "median_age": 46.3, "median_income": 68607.0, "population_density": 110.68909720968321, "county": "Niagara" }, "geometry": { "type": "Polygon", "coordinates": [ [ [ -78.754958493731849, 43.266172319096334 ], [ -78.754358405733925, 43.337053366852153 ], [ -78.634854390503236, 43.358554296670647 ], [ -78.63565145975987, 43.30635324669143 ], [ -78.696790451267461, 43.307206300001432 ], [ -78.69679144951067, 43.308566301104008 ], [ -78.716184448125176, 43.307837317129376 ], [ -78.714377450616169, 43.3060623142241 ], [ -78.715633456171162, 43.301605311913029 ], [ -78.712790461320722, 43.297863306555008 ], [ -78.712258468892784, 43.292011301579308 ], [ -78.716807474237044, 43.287375302148284 ], [ -78.71253547870765, 43.284329295918255 ], [ -78.714079485115306, 43.279167293384738 ], [ -78.702687489673139, 43.276841280929055 ], [ -78.699356503874569, 43.266191269250825 ], [ -78.702399504827923, 43.265109271325635 ], [ -78.702941507939528, 43.262632269882907 ], [ -78.711944507097826, 43.262257278362142 ], [ -78.711900518636952, 43.253266271387702 ], [ -78.740438514555819, 43.253052299725169 ], [ -78.740490497990464, 43.26613430889347 ], [ -78.754958493731849, 43.266172319096334 ] ] ] } },
{ "type": "Feature", "properties": { "GEOID": "36063024404", "tract_name": "Census Tract 244.04; Niagara County; New York", "median_age": 49.4, "median_income": 87695.0, "population_density": 1038.146859939349, "county": "Niagara" }, "geometry": { "type": "Polygon", "coordinates": [ [ [ -79.048370727372145, 43.164548505924969 ], [ -79.026280633292458, 43.164843433511273 ], [ -79.030127631067074, 43.173706445225946 ], [ -79.028139616450474, 43.176756438555778 ], [ -79.025920564913577, 43.197312429929561 ], [ -79.028865553644735, 43.208422437963179 ], [ -79.017713508200231, 43.209165404411287 ], [ -79.017675579602468, 43.173471405126875 ], [ -78.998535503061902, 43.175030348113395 ], [ -78.994864530842648, 43.160234346416928 ], [ -79.004025550181453, 43.159089360270023 ], [ -79.01842262718408, 43.151344408149903 ], [ -79.02130665486159, 43.143840418177625 ], [ -79.024696660770729, 43.148179429430748 ], [ -79.030139678144778, 43.151172447517254 ], [ -79.044522736113109, 43.153080495476416 ], [ -79.046538724515827, 43.162318500369345 ], [ -79.048370727372145, 43.164548505924969 ] ] ] } },
{ "type": "Feature", "properties": { "GEOID": "36063024001", "tract_name": "Census Tract 240.01; Niagara County; New York", "median_age": 41.9, "median_income": 82625.0, "population_density": 83.797561032822841, "county": "Niagara" }, "geometry": { "type": "Polygon", "coordinates": [ [ [ -78.621752557490538, 43.21785517975416 ], [ -78.483852603185269, 43.216137044410885 ], [ -78.484008614822301, 43.204455045173667 ], [ -78.472437622888606, 43.202516037849364 ], [ -78.471343621248224, 43.204928036904207 ], [ -78.472821620416852, 43.204956037863489 ], [ -78.472747618599499, 43.20695503762429 ], [ -78.466089622284656, 43.206992033239246 ], [ -78.465455614542975, 43.216185031708399 ], [ -78.460416617637421, 43.216220028225031 ], [ -78.465808683134597, 43.138258041295529 ], [ -78.464306724093888, 43.091512046520172 ], [ -78.46739472473341, 43.09152804730001 ], [ -78.467410720618616, 43.096136046777453 ], [ -78.476018722190801, 43.096120049097323 ], [ -78.476050726519489, 43.091576049487564 ], [ -78.491405729800803, 43.091541053378897 ], [ -78.492447740268858, 43.081880053898644 ], [ -78.496498741529365, 43.081749054788858 ], [ -78.499603740475763, 43.083475055466124 ], [ -78.496971736415233, 43.086557054841329 ], [ -78.502800734955386, 43.086573058565271 ], [ -78.500724733817862, 43.089060056332933 ], [ -78.506138728923105, 43.089726062145346 ], [ -78.505104727429, 43.09182206103074 ], [ -78.506119725301517, 43.093069062116399 ], [ -78.503479729112556, 43.091413059288122 ], [ -78.503661727113325, 43.093109059480803 ], [ -78.506981723328849, 43.094288063037105 ], [ -78.509109722797717, 43.093298065321484 ], [ -78.508324720417406, 43.096052064470292 ], [ -78.509926717069249, 43.098062066177668 ], [ -78.511612718465429, 43.095590067993925 ], [ -78.51519071675061, 43.094686071832321 ], [ -78.516113718937078, 43.091944072839823 ], [ -78.514236722168008, 43.090235070836528 ], [ -78.520439718970167, 43.08873207750775 ], [ -78.521820716584187, 43.09001707897928 ], [ -78.522469718138936, 43.088015079694785 ], [ -78.52672671532396, 43.087538084273568 ], [ -78.528122713636378, 43.088140085766554 ], [ -78.526604713767426, 43.089174084124302 ], [ -78.52800071129117, 43.090570085607069 ], [ -78.528244713112684, 43.088568085892568 ], [ -78.531242712016308, 43.087339089128797 ], [ -78.532410709805944, 43.088659090366079 ], [ -78.536133710016301, 43.085489094412694 ], [ -78.538048706639984, 43.087431096441208 ], [ -78.539131706346012, 43.086862097614286 ], [ -78.538086708079774, 43.085909096506263 ], [ -78.540254706401811, 43.085890098837659 ], [ -78.540312704838854, 43.08747609887331 ], [ -78.542114703065565, 43.087870100802739 ], [ -78.540199703925254, 43.088522098734323 ], [ -78.541687700289486, 43.091135100287111 ], [ -78.542760701741642, 43.088739101481281 ], [ -78.546822697373813, 43.090063105818125 ], [ -78.546486694676759, 43.093229105395956 ], [ -78.541107698331871, 43.093651099621546 ], [ -78.541908695043105, 43.096476100430742 ], [ -78.544594692818009, 43.096723103302324 ], [ -78.545296690547943, 43.098589104018643 ], [ -78.550171688811488, 43.096586109276501 ], [ -78.549156690979075, 43.095053108221173 ], [ -78.550721691779202, 43.092905109943416 ], [ -78.56044868707427, 43.089899120449573 ], [ -78.554810686739941, 43.095068114278519 ], [ -78.55763268462124, 43.095079117301722 ], [ -78.559998680865377, 43.097334119780108 ], [ -78.564034680074542, 43.09480512416809 ], [ -78.562981681791769, 43.093737123067889 ], [ -78.564964684933216, 43.088365125339365 ], [ -78.576370675869512, 43.088667137581993 ], [ -78.574234678997684, 43.086878135343269 ], [ -78.574738681683726, 43.083147136001472 ], [ -78.572372684476548, 43.082048133487994 ], [ -78.574989684157444, 43.079904136373244 ], [ -78.578255679226174, 43.08273913980041 ], [ -78.577118679283302, 43.083776138542973 ], [ -78.579308676260666, 43.085375140846679 ], [ -78.578239675034183, 43.087919139613874 ], [ -78.582497671152623, 43.088652144163319 ], [ -78.58513667183604, 43.085188147121009 ], [ -78.580231679503257, 43.080442142004657 ], [ -78.584396679350419, 43.076391146635295 ], [ -78.582656681763055, 43.075148144800416 ], [ -78.586708680121077, 43.07297314925421 ], [ -78.591064674097481, 43.076120153841686 ], [ -78.593575676901978, 43.069662156804306 ], [ -78.595306675457252, 43.069639158678171 ], [ -78.59494867373391, 43.07234815818336 ], [ -78.600388669345335, 43.072142164072012 ], [ -78.601318667272409, 43.073934165001468 ], [ -78.603355666971538, 43.07199716728551 ], [ -78.606762663536628, 43.072834170931259 ], [ -78.601831664899692, 43.076634165440744 ], [ -78.607018661389944, 43.075590171084691 ], [ -78.612267655508617, 43.077890176643272 ], [ -78.612198656872366, 43.075972176658759 ], [ -78.616074654875661, 43.074198180928427 ], [ -78.615418653824364, 43.076579180105064 ], [ -78.617149651241064, 43.07834018188683 ], [ -78.612434651624682, 43.083395176564814 ], [ -78.616615647253624, 43.084989180987037 ], [ -78.61769564472597, 43.087530182023755 ], [ -78.619413606897098, 43.143320181086565 ], [ -78.618620590291798, 43.169266178967135 ], [ -78.621752557490538, 43.21785517975416 ] ] ] } },
{ "type": "Feature", "properties": { "GEOID": "36063024002", "tract_name": "Census Tract 240.02; Niagara County; New York", "median_age": 34.9, "median_income": 59773.0, "population_density": 2259.2580502986611, "county": "Niagara" }, "geometry": { "type": "Polygon", "coordinates": [ [ [ -78.484609613172651, 43.20576804549296 ], [ -78.48377460269306, 43.216676044326391 ], [ -78.480091604919068, 43.216747041772656 ], [ -78.479659600207071, 43.22185404110931 ], [ -78.472929604634089, 43.221854036329681 ], [ -78.473159609813194, 43.216135037031314 ], [ -78.465455614542975, 43.216185031708399 ], [ -78.466089622284656, 43.206992033239246 ], [ -78.472747618599499, 43.20695503762429 ], [ -78.471496623347534, 43.202558037240678 ], [ -78.482876616090493, 43.203798044478248 ], [ -78.484609613172651, 43.20576804549296 ] ] ] } },
{ "type": "Feature", "properties": { "GEOID": "36063990000", "tract_name": "Census Tract 9900; Niagara County; New York", "median_age": null, "median_income": null, "population_density": 0.0, "county": "Niagara" }, "geometry": { "type": "Polygon", "coordinates": [ [ [ -79.2009367662221, 43.450420895617704 ], [ -78.749761135918732, 43.609256537461469 ], [ -78.688295125092694, 43.634740527533552 ], [ -78.468711166547791, 43.633426426015681 ], [ -78.464320238707614, 43.500053354502285 ], [ -78.465541413371994, 43.373368189472302 ], [ -78.475207404142296, 43.373624197924165 ], [ -78.485644389435947, 43.377283211504484 ], [ -78.537813379904748, 43.372484243301209 ], [ -78.624751388538385, 43.360706291487084 ], [ -78.754358405733925, 43.337053366852153 ], [ -78.820460397516612, 43.322753373322023 ], [ -78.835661393312634, 43.32095337570663 ], [ -78.900763380834448, 43.303753378017653 ], [ -78.958006362862392, 43.290596380302006 ], [ -78.999751344964452, 43.284804384524243 ], [ -79.075855620944211, 43.270166573724488 ], [ -79.2009367662221, 43.450420895617704 ] ] ] } },
{ "type": "Feature", "properties": { "GEOID": "36063024406", "tract_name": "Census Tract 244.06; Niagara County; New York", "median_age": 21.8, "median_income": 71761.0, "population_density": 383.65940623041854, "county": "Niagara" }, "geometry": { "type": "Polygon", "coordinates": [ [ [ -79.052055815487279, 43.132053525633275 ], [ -79.044057766866345, 43.13804749671047 ], [ -79.042357747225225, 43.143652489880211 ], [ -79.044522736113109, 43.153080495476416 ], [ -79.030139678144778, 43.151172447517254 ], [ -79.024696660770729, 43.148179429430748 ], [ -79.02122165449029, 43.143840417888242 ], [ -79.01842262718408, 43.151344408149903 ], [ -79.004025550181453, 43.159089360270023 ], [ -78.982277527164584, 43.162317345034253 ], [ -78.971271559165402, 43.143459342474877 ], [ -78.884780549306043, 43.143264333045146 ], [ -78.884931561422434, 43.132164333082642 ], [ -79.052055815487279, 43.132053525633275 ] ] ] } },
{ "type": "Feature", "properties": { "GEOID": "36063020300", "tract_name": "Census Tract 203; Niagara County; New York", "median_age": 40.0, "median_income": 74485.0, "population_density": 843.337278534951, "county": "Niagara" }, "geometry": { "type": "Polygon", "coordinates": [ [ [ -79.032969767186586, 43.114691461306876 ], [ -78.999071606309286, 43.120121343525703 ], [ -78.999867661904332, 43.090774341090551 ], [ -79.017114734098897, 43.095087404870526 ], [ -79.024248767445911, 43.095143431296108 ], [ -79.032969767186586, 43.114691461306876 ] ] ] } },
{ "type": "Feature", "properties": { "GEOID": "36063020400", "tract_name": "Census Tract 204; Niagara County; New York", "median_age": 40.0, "median_income": 41810.0, "population_density": 5964.2209844054696, "county": "Niagara" }, "geometry": { "type": "Polygon", "coordinates": [ [ [ -79.04900984962353, 43.110495519701104 ], [ -79.032230767652109, 43.112865458864341 ], [ -79.029862767693132, 43.107652450863043 ], [ -79.048974855637283, 43.107703520177573 ], [ -79.04900984962353, 43.110495519701104 ] ] ] } },
{ "type": "Feature", "properties": { "GEOID": "36063020500", "tract_name": "Census Tract 205; Niagara County; New York", "median_age": 48.6, "median_income": 30615.0, "population_density": 4123.2438569789401, "county": "Niagara" }, "geometry": { "type": "Polygon", "coordinates": [ [ [ -79.063559950179325, 43.095853576699966 ], [ -79.057961898739677, 43.106955552976437 ], [ -79.058262894850401, 43.109277553435462 ], [ -79.04900984962353, 43.110495519701104 ], [ -79.048966865730776, 43.103122521137394 ], [ -79.050982883791676, 43.099206529400199 ], [ -79.050111885164213, 43.096757526741413 ], [ -79.052605897176704, 43.096604535991688 ], [ -79.052489901087483, 43.094611536036446 ], [ -79.059590935051034, 43.094333562442337 ], [ -79.059686930964702, 43.096321562238124 ], [ -79.063559950179325, 43.095853576699966 ] ] ] } },
{ "type": "Feature", "properties": { "GEOID": "36063020600", "tract_name": "Census Tract 206; Niagara County; New York", "median_age": 33.7, "median_income": 37202.0, "population_density": 7000.4960033583784, "county": "Niagara" }, "geometry": { "type": "Polygon", "coordinates": [ [ [ -79.049277869798161, 43.101936522532441 ], [ -79.048974855637283, 43.107703520177573 ], [ -79.039709813002162, 43.107680486576918 ], [ -79.039759826094908, 43.101699487710356 ], [ -79.049277869798161, 43.101936522532441 ] ] ] } },
{ "type": "Feature", "properties": { "GEOID": "36063020700", "tract_name": "Census Tract 207; Niagara County; New York", "median_age": 31.6, "median_income": 35529.0, "population_density": 11144.45852896109, "county": "Niagara" }, "geometry": { "type": "Polygon", "coordinates": [ [ [ -79.039756825696017, 43.101878487670874 ], [ -79.039709813002162, 43.107680486576918 ], [ -79.029862767693132, 43.107652450863043 ], [ -79.027148767509104, 43.101692441504554 ], [ -79.039756825696017, 43.101878487670874 ] ] ] } },
{ "type": "Feature", "properties": { "GEOID": "36063020900", "tract_name": "Census Tract 209; Niagara County; New York", "median_age": 37.0, "median_income": 13866.0, "population_density": 9121.3494951089197, "county": "Niagara" }, "geometry": { "type": "Polygon", "coordinates": [ [ [ -79.052513896737167, 43.096608535650759 ], [ -79.050111885164213, 43.096757526741413 ], [ -79.050982883791676, 43.099206529400199 ], [ -79.049325870408524, 43.101761522746401 ], [ -79.03901582467175, 43.100751485130921 ], [ -79.038969836606668, 43.09508848583603 ], [ -79.052489901087483, 43.094611536036446 ], [ -79.052513896737167, 43.096608535650759 ] ] ] } },
{ "type": "Feature", "properties": { "GEOID": "36063021100", "tract_name": "Census Tract 211; Niagara County; New York", "median_age": 38.1, "median_income": 27381.0, "population_density": 1205.0133930374229, "county": "Niagara" }, "geometry": { "type": "Polygon", "coordinates": [ [ [ -79.075368040099562, 43.081353625875458 ], [ -79.065961972594394, 43.091050587126489 ], [ -79.063559950179325, 43.095853576699966 ], [ -79.059686930964702, 43.096321562238124 ], [ -79.059590935051034, 43.094333562442337 ], [ -79.052489901087483, 43.094611536036446 ], [ -79.052768924791224, 43.084598539466597 ], [ -79.045567916866361, 43.072560514670919 ], [ -79.074460044068715, 43.077861623736609 ], [ -79.075368040099562, 43.081353625875458 ] ] ] } },
{ "type": "Feature", "properties": { "GEOID": "36063021000", "tract_name": "Census Tract 210; Niagara County; New York", "median_age": 38.5, "median_income": 54963.0, "population_density": 9264.6863034298185, "county": "Niagara" }, "geometry": { "type": "Polygon", "coordinates": [ [ [ -79.039774827792613, 43.100942487885888 ], [ -79.027148767509104, 43.101692441504554 ], [ -79.024248767445911, 43.095143431296108 ], [ -79.038969836606668, 43.09508848583603 ], [ -79.039774827792613, 43.100942487885888 ] ] ] } },
{ "type": "Feature", "properties": { "GEOID": "36063021400", "tract_name": "Census Tract 214; Niagara County; New York", "median_age": 44.5, "median_income": 46528.0, "population_density": 8481.1483033925833, "county": "Niagara" }, "geometry": { "type": "Polygon", "coordinates": [ [ [ -79.033194809472946, 43.09511046443896 ], [ -79.024248767445911, 43.095143431296108 ], [ -79.021214767353229, 43.088172420371066 ], [ -79.033100823067883, 43.08844746487825 ], [ -79.033194809472946, 43.09511046443896 ] ] ] } },
{ "type": "Feature", "properties": { "GEOID": "36063024201", "tract_name": "Census Tract 242.01; Niagara County; New York", "median_age": 44.2, "median_income": 64979.0, "population_density": 227.30122393471234, "county": "Niagara" }, "geometry": { "type": "Polygon", "coordinates": [ [ [ -78.754958493731849, 43.266172319096334 ], [ -78.740490497990464, 43.26613430889347 ], [ -78.740438514555819, 43.253052299725169 ], [ -78.711900518636952, 43.253266271387702 ], [ -78.711944507097826, 43.262257278362142 ], [ -78.702941507939528, 43.262632269882907 ], [ -78.702399504827923, 43.265109271325635 ], [ -78.699688505067414, 43.265229268799018 ], [ -78.702687489673139, 43.276841280929055 ], [ -78.714134484921971, 43.279312293546894 ], [ -78.71253547870765, 43.284329295918255 ], [ -78.716807474237044, 43.287375302148284 ], [ -78.712246469276494, 43.291713301339065 ], [ -78.712790461320722, 43.297863306555008 ], [ -78.715633456171162, 43.301605311913029 ], [ -78.714377450798096, 43.305920314115546 ], [ -78.716319448877016, 43.307237316789347 ], [ -78.715319447036677, 43.308768317097744 ], [ -78.69679144951067, 43.308566301104008 ], [ -78.696790451267461, 43.307206300001432 ], [ -78.63505545985052, 43.306339246164903 ], [ -78.634654514301104, 43.265395206059196 ], [ -78.636472534607194, 43.249779192949831 ], [ -78.636648552750685, 43.218887194890598 ], [ -78.754781519728894, 43.21929731122566 ], [ -78.754958493731849, 43.266172319096334 ] ] ] } },
{ "type": "Feature", "properties": { "GEOID": "36063024405", "tract_name": "Census Tract 244.05; Niagara County; New York", "median_age": 53.6, "median_income": 75610.0, "population_density": 207.11443943643772, "county": "Niagara" }, "geometry": { "type": "Polygon", "coordinates": [ [ [ -79.05705865971504, 43.21065252214806 ], [ -79.054275631304961, 43.218434511883558 ], [ -79.028658531288556, 43.218792436398608 ], [ -79.028658528606925, 43.220083436281307 ], [ -78.885462465078191, 43.220353333004276 ], [ -78.884780549306043, 43.143264333045146 ], [ -78.914721552698254, 43.14336833630734 ], [ -78.91506250989481, 43.176353337037256 ], [ -78.930196508118556, 43.176415339067681 ], [ -78.930163493268225, 43.186998339406983 ], [ -78.940445497952894, 43.182529340688184 ], [ -79.017675579602468, 43.173471405126875 ], [ -79.017713508200231, 43.209165404411287 ], [ -79.028865553644735, 43.208422437963179 ], [ -79.025920564913577, 43.197312429929561 ], [ -79.028366611104701, 43.179786439012794 ], [ -79.052816712079931, 43.179795516842454 ], [ -79.048658651031445, 43.199653499357645 ], [ -79.05705865971504, 43.21065252214806 ] ] ] } },
{ "type": "Feature", "properties": { "GEOID": "36063020100", "tract_name": "Census Tract 201; Niagara County; New York", "median_age": 38.2, "median_income": 72672.0, "population_density": 3493.5975435586056, "county": "Niagara" }, "geometry": { "type": "Polygon", "coordinates": [ [ [ -79.069556920999474, 43.120253590529174 ], [ -79.056767848204842, 43.126853543389657 ], [ -79.052055815487279, 43.132053525633275 ], [ -79.040877765065275, 43.13238848671029 ], [ -79.045379804019404, 43.123727504033347 ], [ -79.053925864483745, 43.113925536601919 ], [ -79.055645872562749, 43.113825542800221 ], [ -79.054422876154092, 43.109742539428936 ], [ -79.058262894850401, 43.109277553435462 ], [ -79.061957897860978, 43.115360565001986 ], [ -79.069556920999474, 43.120253590529174 ] ] ] } },
{ "type": "Feature", "properties": { "GEOID": "36093032901", "tract_name": "Census Tract 329.01; Schenectady County; New York", "median_age": 41.4, "median_income": 86823.0, "population_density": 2132.1495786571832, "county": "Schenectady" }, "geometry": { "type": "Polygon", "coordinates": [ [ [ -73.938670156065044, 42.764974887443351 ], [ -73.930214137427228, 42.785001888976119 ], [ -73.929644134360302, 42.789613889171513 ], [ -73.923900129387292, 42.790587889854343 ], [ -73.922690129250213, 42.789128889951236 ], [ -73.923378131483929, 42.786016889784953 ], [ -73.922027131326075, 42.7843518898922 ], [ -73.920111129627344, 42.784695890120581 ], [ -73.917296132107481, 42.775759890190287 ], [ -73.920274134825434, 42.775240889835523 ], [ -73.906785129549633, 42.763430891044848 ], [ -73.933755154346713, 42.760698887884175 ], [ -73.938670156065044, 42.764974887443351 ] ] ] } },
{ "type": "Feature", "properties": { "GEOID": "36093032902", "tract_name": "Census Tract 329.02; Schenectady County; New York", "median_age": 41.4, "median_income": 89837.0, "population_density": 3708.7868376862848, "county": "Schenectady" }, "geometry": { "type": "Polygon", "coordinates": [ [ [ -73.956048160940711, 42.780200885890764 ], [ -73.940066143341667, 42.788074887938805 ], [ -73.929644134360302, 42.789613889171513 ], [ -73.930214137427228, 42.785001888976119 ], [ -73.938670156065044, 42.764974887443351 ], [ -73.95205616146238, 42.774392886181246 ], [ -73.956048160940711, 42.780200885890764 ] ] ] } },
{ "type": "Feature", "properties": { "GEOID": "36093033002", "tract_name": "Census Tract 330.02; Schenectady County; New York", "median_age": 38.5, "median_income": 118672.0, "population_density": 880.47698648896926, "county": "Schenectady" }, "geometry": { "type": "Polygon", "coordinates": [ [ [ -74.005583202486463, 42.76148488033494 ], [ -74.001236207323572, 42.764057880406995 ], [ -74.002647200437025, 42.769996880580301 ], [ -74.004752195470317, 42.772248880647943 ], [ -74.002971196577747, 42.774280880705007 ], [ -74.003295191553903, 42.780073880873672 ], [ -73.994873195152067, 42.776406881348457 ], [ -73.962069174435939, 42.767405884837991 ], [ -73.944470164436467, 42.759449886623457 ], [ -73.994026212802098, 42.75299088076995 ], [ -74.005583202486463, 42.76148488033494 ] ] ] } },
{ "type": "Feature", "properties": { "GEOID": "36093033004", "tract_name": "Census Tract 330.04; Schenectady County; New York", "median_age": 38.9, "median_income": 86477.0, "population_density": 1897.8460201239971, "county": "Schenectady" }, "geometry": { "type": "Polygon", "coordinates": [ [ [ -74.003141191276868, 42.780715880892096 ], [ -74.000123192354195, 42.784883881008007 ], [ -74.0002621903446, 42.787140881073469 ], [ -73.980211173123095, 42.790041883414496 ], [ -73.960591163178478, 42.782310885432281 ], [ -73.972765176159285, 42.777711883910783 ], [ -73.975199182528556, 42.771614883458028 ], [ -73.995959195772457, 42.77674488123418 ], [ -74.003141191276868, 42.780715880892096 ] ] ] } },
{ "type": "Feature", "properties": { "GEOID": "36093033101", "tract_name": "Census Tract 331.01; Schenectady County; New York", "median_age": 47.0, "median_income": 99761.0, "population_density": 80.329932903356891, "county": "Schenectady" }, "geometry": { "type": "Polygon", "coordinates": [ [ [ -74.125206009280049, 42.876578884431602 ], [ -74.087249037430169, 42.895629884828359 ], [ -74.066633088852583, 42.804586881754823 ], [ -73.994026212802098, 42.75299088076995 ], [ -74.054400128417001, 42.745469881155799 ], [ -74.060496111106403, 42.771722880691826 ], [ -74.103225046882841, 42.767224880584564 ], [ -74.113082025713553, 42.82229788248835 ], [ -74.125206009280049, 42.876578884431602 ] ] ] } },
{ "type": "Feature", "properties": { "GEOID": "36093020300", "tract_name": "Census Tract 203; Schenectady County; New York", "median_age": 21.8, "median_income": 50455.0, "population_density": 10071.457664721742, "county": "Schenectady" }, "geometry": { "type": "Polygon", "coordinates": [ [ [ -73.943767125251881, 42.822176888484641 ], [ -73.939224120877356, 42.824443889065911 ], [ -73.938333122138332, 42.821350889079632 ], [ -73.931064117695698, 42.820648889887067 ], [ -73.934555123055702, 42.815468889343101 ], [ -73.941529127369634, 42.816244888571042 ], [ -73.943767125251881, 42.822176888484641 ] ] ] } },
{ "type": "Feature", "properties": { "GEOID": "36063020200", "tract_name": "Census Tract 202; Niagara County; New York", "median_age": 31.3, "median_income": 20658.0, "population_density": 2942.6255551102995, "county": "Niagara" }, "geometry": { "type": "Polygon", "coordinates": [ [ [ -79.055480871818276, 43.113821542209003 ], [ -79.053925864483745, 43.113925536601919 ], [ -79.045379804019404, 43.123727504033347 ], [ -79.040308762545308, 43.132384484733628 ], [ -79.032230767652109, 43.112865458864341 ], [ -79.054422876154092, 43.109742539428936 ], [ -79.055480871818276, 43.113821542209003 ] ] ] } },
{ "type": "Feature", "properties": { "GEOID": "36029000800", "tract_name": "Census Tract 8; Erie County; New York", "median_age": 38.4, "median_income": 75223.0, "population_density": 11798.19096667677, "county": "Erie" }, "geometry": { "type": "Polygon", "coordinates": [ [ [ -78.823729830056322, 42.844965356346606 ], [ -78.823608816111346, 42.856058354664889 ], [ -78.805386807564929, 42.84253035089268 ], [ -78.808722813011371, 42.841867352028707 ], [ -78.823729830056322, 42.844965356346606 ] ] ] } },
{ "type": "Feature", "properties": { "GEOID": "36055012305", "tract_name": "Census Tract 123.05; Monroe County; New York", "median_age": 46.3, "median_income": 177159.0, "population_density": 1053.1380624568949, "county": "Monroe" }, "geometry": { "type": "Polygon", "coordinates": [ [ [ -77.542498722230448, 43.034157789524848 ], [ -77.540445705120263, 43.044348776205403 ], [ -77.534103692493005, 43.05415775715305 ], [ -77.532825684058054, 43.059196749910072 ], [ -77.522022693889426, 43.059110734804385 ], [ -77.523037702485667, 43.054214741793416 ], [ -77.491584738608225, 43.054291704391169 ], [ -77.486288744570984, 43.056253698266495 ], [ -77.485661785735488, 43.034557727710094 ], [ -77.542498722230448, 43.034157789524848 ] ] ] } },
{ "type": "Feature", "properties": { "GEOID": "36055011207", "tract_name": "Census Tract 112.07; Monroe County; New York", "median_age": 42.9, "median_income": 77417.0, "population_density": 2117.0144666739352, "county": "Monroe" }, "geometry": { "type": "Polygon", "coordinates": [ [ [ -77.515534395285613, 43.213732544247087 ], [ -77.475015495944106, 43.213792459287411 ], [ -77.474632526528396, 43.19671248365848 ], [ -77.508864431225888, 43.196802550131878 ], [ -77.514993405059201, 43.208863548793637 ], [ -77.515534395285613, 43.213732544247087 ] ] ] } },
{ "type": "Feature", "properties": { "GEOID": "36029017501", "tract_name": "Census Tract 175.01; Erie County; New York", "median_age": 31.6, "median_income": 48438.0, "population_density": 954.39944258775688, "county": "Erie" }, "geometry": { "type": "Polygon", "coordinates": [ [ [ -78.943973340324533, 42.50007554884322 ], [ -78.929175357901329, 42.500393532342436 ], [ -78.928705354654099, 42.496682541462796 ], [ -78.914046370794281, 42.496527525459676 ], [ -78.914175362113397, 42.48461455942634 ], [ -78.919427354674269, 42.48227957218851 ], [ -78.914161357115503, 42.477619579269103 ], [ -78.914151349527955, 42.467017609356333 ], [ -78.924456336447392, 42.46435762953174 ], [ -78.929057332867217, 42.466354629403369 ], [ -78.929034328194106, 42.459695648596927 ], [ -78.938444323653684, 42.467756636753478 ], [ -78.943902318115803, 42.468324641713707 ], [ -78.943925327644934, 42.482084601367788 ], [ -78.939531332431756, 42.482032596385878 ], [ -78.937248331712865, 42.477421607149097 ], [ -78.928886340510786, 42.476923598691968 ], [ -78.92051035298914, 42.481582575446112 ], [ -78.917066359429029, 42.485306560809654 ], [ -78.92311935640177, 42.490421553151329 ], [ -78.925367353862768, 42.490340555950759 ], [ -78.92539635514035, 42.49218955066813 ], [ -78.930503350723669, 42.493932551430568 ], [ -78.93017435262459, 42.496113544755104 ], [ -78.931810349290743, 42.493951552853105 ], [ -78.943835335666236, 42.493493567790289 ], [ -78.943973340324533, 42.50007554884322 ] ] ] } },
{ "type": "Feature", "properties": { "GEOID": "36063024102", "tract_name": "Census Tract 241.02; Niagara County; New York", "median_age": 42.9, "median_income": 65313.0, "population_density": 79.865786465876653, "county": "Niagara" }, "geometry": { "type": "Polygon", "coordinates": [ [ [ -78.63565145975987, 43.30635324669143 ], [ -78.634854390503236, 43.358554296670647 ], [ -78.537813379904748, 43.372484243301209 ], [ -78.485644389435947, 43.377283211504484 ], [ -78.475207404142296, 43.373624197924165 ], [ -78.465541413371994, 43.373368189472302 ], [ -78.466429510627023, 43.302773097622278 ], [ -78.63565145975987, 43.30635324669143 ] ] ] } },
{ "type": "Feature", "properties": { "GEOID": "36055008600", "tract_name": "Census Tract 86; Monroe County; New York", "median_age": 36.7, "median_income": 53444.0, "population_density": 2321.0674755422315, "county": "Monroe" }, "geometry": { "type": "Polygon", "coordinates": [ [ [ -77.639389354492124, 43.213736814339867 ], [ -77.629655338383785, 43.22618678561426 ], [ -77.628641314472375, 43.241748773888474 ], [ -77.617165317417346, 43.241534747395626 ], [ -77.613917316158435, 43.242776739014857 ], [ -77.613202322090274, 43.239194739803935 ], [ -77.61663832904631, 43.234336750977015 ], [ -77.615267355917155, 43.21780075899548 ], [ -77.624983361685878, 43.212174783901162 ], [ -77.626685370779271, 43.20598879141702 ], [ -77.638664366912622, 43.205713817229039 ], [ -77.639389354492124, 43.213736814339867 ] ] ] } },
{ "type": "Feature", "properties": { "GEOID": "36055008702", "tract_name": "Census Tract 87.02; Monroe County; New York", "median_age": 30.3, "median_income": 30000.0, "population_density": 1536.7037704649015, "county": "Monroe" }, "geometry": { "type": "Polygon", "coordinates": [ [ [ -77.673939420900325, 43.157748910996411 ], [ -77.649334434828674, 43.157216864500974 ], [ -77.648353440959937, 43.153436864561968 ], [ -77.652551441528018, 43.151476873405805 ], [ -77.652283443899208, 43.149963873644751 ], [ -77.655799441928508, 43.149958880192521 ], [ -77.655815451037498, 43.143694883174803 ], [ -77.665944450036491, 43.140219903175016 ], [ -77.669988439659321, 43.145888908236202 ], [ -77.673939420900325, 43.157748910996411 ] ] ] } },
{ "type": "Feature", "properties": { "GEOID": "36055009200", "tract_name": "Census Tract 92; Monroe County; New York", "median_age": 40.2, "median_income": 13421.0, "population_density": 2895.4308272149533, "county": "Monroe" }, "geometry": { "type": "Polygon", "coordinates": [ [ [ -77.625438422380597, 43.173337809099415 ], [ -77.621576420691412, 43.175571800022361 ], [ -77.623999422208797, 43.173883805907948 ], [ -77.622847424426851, 43.172823804299981 ], [ -77.619551424193261, 43.173964797042181 ], [ -77.617361426457379, 43.173197793211344 ], [ -77.617224430171433, 43.170912794458694 ], [ -77.612432430480581, 43.172163784174217 ], [ -77.608224449787471, 43.161559783396733 ], [ -77.613617447961147, 43.160951794164305 ], [ -77.62194643374626, 43.167196806125595 ], [ -77.62292842689692, 43.171231805472424 ], [ -77.625438422380597, 43.173337809099415 ] ] ] } },
{ "type": "Feature", "properties": { "GEOID": "36055011707", "tract_name": "Census Tract 117.07; Monroe County; New York", "median_age": 46.7, "median_income": 121929.0, "population_density": 1567.2444659467023, "county": "Monroe" }, "geometry": { "type": "Polygon", "coordinates": [ [ [ -77.433066794450397, 43.096859588295011 ], [ -77.421918826933222, 43.090809588614725 ], [ -77.408722857764658, 43.089861577788881 ], [ -77.371983946665992, 43.075596576342356 ], [ -77.371734951730801, 43.064334602840113 ], [ -77.411454874587164, 43.064471631809411 ], [ -77.423603846454483, 43.068769632524607 ], [ -77.432122829728698, 43.068537639555061 ], [ -77.433066794450397, 43.096859588295011 ] ] ] } },
{ "type": "Feature", "properties": { "GEOID": "36055011800", "tract_name": "Census Tract 118; Monroe County; New York", "median_age": 48.2, "median_income": 96415.0, "population_density": 3503.4381109300084, "county": "Monroe" }, "geometry": { "type": "Polygon", "coordinates": [ [ [ -77.457469724138463, 43.105568599064377 ], [ -77.456343724713363, 43.107058595397561 ], [ -77.452997733970818, 43.106386592801954 ], [ -77.452984730903239, 43.108552589188328 ], [ -77.43213478326453, 43.108317566217686 ], [ -77.43312479441083, 43.096777588504679 ], [ -77.432098809891286, 43.085577608112672 ], [ -77.442100786951357, 43.086241616166447 ], [ -77.442067781415332, 43.090579608513714 ], [ -77.451288757698293, 43.092549614114077 ], [ -77.452717758346566, 43.089797620097855 ], [ -77.455394751320398, 43.090463621571615 ], [ -77.456014735988049, 43.099940606672305 ], [ -77.453313737830129, 43.103153598513728 ], [ -77.45322673420381, 43.105829593979067 ], [ -77.457469724138463, 43.105568599064377 ] ] ] } },
{ "type": "Feature", "properties": { "GEOID": "36055003600", "tract_name": "Census Tract 36; Monroe County; New York", "median_age": 36.6, "median_income": 87386.0, "population_density": 10611.407548464802, "county": "Monroe" }, "geometry": { "type": "Polygon", "coordinates": [ [ [ -77.601529495542579, 43.136004789532478 ], [ -77.600835493874342, 43.137268787345448 ], [ -77.597966497068725, 43.136400782847183 ], [ -77.59475548973802, 43.141937772785731 ], [ -77.585952494632167, 43.142122756599697 ], [ -77.589879501384814, 43.136774768041583 ], [ -77.592271498664473, 43.137520771747816 ], [ -77.593244500279482, 43.136210774526226 ], [ -77.590797505983986, 43.133727772117552 ], [ -77.591328506934218, 43.132970773664034 ], [ -77.595643504064242, 43.133074781249576 ], [ -77.596771507498829, 43.130598785152792 ], [ -77.601112505515843, 43.130135793158324 ], [ -77.599057499585925, 43.134485786250707 ], [ -77.601529495542579, 43.136004789532478 ] ] ] } },
{ "type": "Feature", "properties": { "GEOID": "36055003700", "tract_name": "Census Tract 37; Monroe County; New York", "median_age": 30.4, "median_income": 86776.0, "population_density": 8734.7296951349472, "county": "Monroe" }, "geometry": { "type": "Polygon", "coordinates": [ [ [ -77.593060500264173, 43.136286774136664 ], [ -77.592271498664473, 43.137520771747816 ], [ -77.589879501384814, 43.136774768041583 ], [ -77.586192494283324, 43.14224375693788 ], [ -77.575187498857815, 43.143344735912855 ], [ -77.578320506640026, 43.137812746394395 ], [ -77.57589751235831, 43.135382744148281 ], [ -77.582753510802675, 43.133834757706822 ], [ -77.584957508875434, 43.13415976136347 ], [ -77.582404507178211, 43.136062755216614 ], [ -77.589368503366728, 43.135791767914228 ], [ -77.590797505983986, 43.133727772117552 ], [ -77.593060500264173, 43.136286774136664 ] ] ] } },
{ "type": "Feature", "properties": { "GEOID": "36055003900", "tract_name": "Census Tract 39; Monroe County; New York", "median_age": 34.7, "median_income": 21844.0, "population_density": 8947.4469897536637, "county": "Monroe" }, "geometry": { "type": "Polygon", "coordinates": [ [ [ -77.628177417418726, 43.175685813087277 ], [ -77.628201409112236, 43.181014809886818 ], [ -77.62518241028431, 43.181131803724412 ], [ -77.624755405590832, 43.184244800911735 ], [ -77.619826408799625, 43.183580791322825 ], [ -77.619994414026749, 43.180239793837522 ], [ -77.621771413302866, 43.180189797446928 ], [ -77.620642420170867, 43.176176797772264 ], [ -77.626145422193446, 43.173241810557769 ], [ -77.628177417418726, 43.175685813087277 ] ] ] } },
{ "type": "Feature", "properties": { "GEOID": "36055004000", "tract_name": "Census Tract 40; Monroe County; New York", "median_age": 29.3, "median_income": 40969.0, "population_density": 11596.205441035725, "county": "Monroe" }, "geometry": { "type": "Polygon", "coordinates": [ [ [ -77.648734418143945, 43.168695857544904 ], [ -77.639630422185817, 43.16899683957714 ], [ -77.639663428778178, 43.164633842050861 ], [ -77.648719424147288, 43.164648859566817 ], [ -77.648734418143945, 43.168695857544904 ] ] ] } },
{ "type": "Feature", "properties": { "GEOID": "36055004100", "tract_name": "Census Tract 41; Monroe County; New York", "median_age": 23.8, "median_income": 30625.0, "population_density": 7186.753082170273, "county": "Monroe" }, "geometry": { "type": "Polygon", "coordinates": [ [ [ -77.639663428079913, 43.165094841796311 ], [ -77.639630422185817, 43.16899683957714 ], [ -77.636434422233251, 43.169997832754127 ], [ -77.632415432472925, 43.164629828028168 ], [ -77.633945431683514, 43.164636830984662 ], [ -77.633217433990694, 43.163377830311752 ], [ -77.627005443407398, 43.159388820785757 ], [ -77.636710438230367, 43.159422839291132 ], [ -77.636710430293192, 43.16462583634128 ], [ -77.639663428079913, 43.165094841796311 ] ] ] } },
{ "type": "Feature", "properties": { "GEOID": "36055004602", "tract_name": "Census Tract 46.02; Monroe County; New York", "median_age": 48.5, "median_income": 23728.0, "population_density": 7529.855058645745, "county": "Monroe" }, "geometry": { "type": "Polygon", "coordinates": [ [ [ -77.628201409112236, 43.181014809886818 ], [ -77.627225402537377, 43.185509805156414 ], [ -77.620488394340157, 43.192520786872251 ], [ -77.615337398488833, 43.191240777048698 ], [ -77.616339405839696, 43.186388782366507 ], [ -77.618310405063539, 43.186344786424016 ], [ -77.619826408799625, 43.183580791322825 ], [ -77.624755405590832, 43.184244800911735 ], [ -77.62518241028431, 43.181131803724412 ], [ -77.628201409112236, 43.181014809886818 ] ] ] } },
{ "type": "Feature", "properties": { "GEOID": "36055004701", "tract_name": "Census Tract 47.01; Monroe County; New York", "median_age": 51.0, "median_income": 17643.0, "population_density": 3060.4780714128647, "county": "Monroe" }, "geometry": { "type": "Polygon", "coordinates": [ [ [ -77.626669365870228, 43.20913478944103 ], [ -77.624983361685878, 43.212174783901162 ], [ -77.615267355917155, 43.21780075899548 ], [ -77.61663832904631, 43.234336750977015 ], [ -77.613202322090274, 43.239194739803935 ], [ -77.613154316982985, 43.242370737518101 ], [ -77.611420307256594, 43.248622729152331 ], [ -77.598494319129856, 43.263313694801425 ], [ -77.601089314876717, 43.259073701740931 ], [ -77.600149314666609, 43.258589699664988 ], [ -77.6043013096116, 43.253728710485859 ], [ -77.605985309600939, 43.254126714338071 ], [ -77.611837311994449, 43.245639732197034 ], [ -77.612895322307921, 43.239104739157085 ], [ -77.615923330792583, 43.233359749999607 ], [ -77.612824350461253, 43.221659750969046 ], [ -77.616565364793885, 43.211994765729557 ], [ -77.623425372148233, 43.20585978451588 ], [ -77.618187385178416, 43.198858777917778 ], [ -77.609261388239318, 43.199082758959179 ], [ -77.607761396450186, 43.194401759130109 ], [ -77.600097398261454, 43.195157742591242 ], [ -77.599884403774936, 43.191887744603122 ], [ -77.616392398059403, 43.191237779232623 ], [ -77.620488394340157, 43.192520786872251 ], [ -77.619710388232974, 43.196566782620124 ], [ -77.625629375253666, 43.203372790783312 ], [ -77.626669365870228, 43.20913478944103 ] ] ] } },
{ "type": "Feature", "properties": { "GEOID": "36055004900", "tract_name": "Census Tract 49; Monroe County; New York", "median_age": 23.9, "median_income": 34500.0, "population_density": 14936.257319567339, "county": "Monroe" }, "geometry": { "type": "Polygon", "coordinates": [ [ [ -77.610678420511448, 43.178835776062186 ], [ -77.607855421664439, 43.17891977033922 ], [ -77.608120414837302, 43.183033767949887 ], [ -77.59934841819414, 43.18334474993366 ], [ -77.599027426272968, 43.178572752887881 ], [ -77.610678420511448, 43.178835776062186 ] ] ] } },
{ "type": "Feature", "properties": { "GEOID": "36055005000", "tract_name": "Census Tract 50; Monroe County; New York", "median_age": 32.0, "median_income": 31803.0, "population_density": 12526.574061747468, "county": "Monroe" }, "geometry": { "type": "Polygon", "coordinates": [ [ [ -77.623099421795146, 43.17441780378563 ], [ -77.620642420170867, 43.176176797772264 ], [ -77.621771413302866, 43.180189797446928 ], [ -77.613531418750412, 43.179119781591623 ], [ -77.613264425636217, 43.174921783928248 ], [ -77.619604422951625, 43.17473079664736 ], [ -77.622847424426851, 43.172823804299981 ], [ -77.623099421795146, 43.17441780378563 ] ] ] } },
{ "type": "Feature", "properties": { "GEOID": "36055005100", "tract_name": "Census Tract 51; Monroe County; New York", "median_age": 33.0, "median_income": 25293.0, "population_density": 8221.4693866054185, "county": "Monroe" }, "geometry": { "type": "Polygon", "coordinates": [ [ [ -77.619994414026749, 43.180239793837522 ], [ -77.618310405063539, 43.186344786424016 ], [ -77.616339405839696, 43.186388782366507 ], [ -77.616293408971799, 43.18444378357394 ], [ -77.613737410026189, 43.184481778348712 ], [ -77.613669414471488, 43.181738780081822 ], [ -77.608023417731744, 43.181284768995951 ], [ -77.607855421664439, 43.17891977033922 ], [ -77.619994414026749, 43.180239793837522 ] ] ] } },
{ "type": "Feature", "properties": { "GEOID": "36055005200", "tract_name": "Census Tract 52; Monroe County; New York", "median_age": 27.7, "median_income": 32522.0, "population_density": 8675.8029901035152, "county": "Monroe" }, "geometry": { "type": "Polygon", "coordinates": [ [ [ -77.613531418750412, 43.179119781591623 ], [ -77.599027426272968, 43.178572752887881 ], [ -77.598814431773889, 43.175325754917537 ], [ -77.613264425636217, 43.174921783928248 ], [ -77.613531418750412, 43.179119781591623 ] ] ] } },
{ "type": "Feature", "properties": { "GEOID": "36055009301", "tract_name": "Census Tract 93.01; Monroe County; New York", "median_age": 33.6, "median_income": 20982.0, "population_density": 4920.4719445385626, "county": "Monroe" }, "geometry": { "type": "Polygon", "coordinates": [ [ [ -77.610556439392184, 43.167223783920754 ], [ -77.598760442585672, 43.168844759715455 ], [ -77.600111445913058, 43.166437764163653 ], [ -77.593968449146757, 43.166349752290067 ], [ -77.585157461317891, 43.161832738891206 ], [ -77.595821459707977, 43.159488761185386 ], [ -77.601148452633652, 43.162063769437921 ], [ -77.606960450907451, 43.16127678117288 ], [ -77.610556439392184, 43.167223783920754 ] ] ] } },
{ "type": "Feature", "properties": { "GEOID": "36055009302", "tract_name": "Census Tract 93.02; Monroe County; New York", "median_age": 27.6, "median_income": 45306.0, "population_density": 11816.54891720386, "county": "Monroe" }, "geometry": { "type": "Polygon", "coordinates": [ [ [ -77.60707146737991, 43.151159788622294 ], [ -77.599149471502585, 43.15133977369134 ], [ -77.595821459707977, 43.159488761185386 ], [ -77.591619460328019, 43.160433752413603 ], [ -77.59849547844675, 43.147388775464982 ], [ -77.600790478708092, 43.146438780417178 ], [ -77.60707146737991, 43.151159788622294 ] ] ] } },
{ "type": "Feature", "properties": { "GEOID": "36055009601", "tract_name": "Census Tract 96.01; Monroe County; New York", "median_age": 40.8, "median_income": 15050.0, "population_density": 7113.2046615805875, "county": "Monroe" }, "geometry": { "type": "Polygon", "coordinates": [ [ [ -77.636077452593, 43.150240843317633 ], [ -77.626025446841325, 43.157524820071636 ], [ -77.624684447406395, 43.157621817463642 ], [ -77.624617457507355, 43.1512098213597 ], [ -77.632827456444303, 43.148924838034574 ], [ -77.632872460001337, 43.146597839482112 ], [ -77.636054458184276, 43.146589845356708 ], [ -77.636077452593, 43.150240843317633 ] ] ] } },
{ "type": "Feature", "properties": { "GEOID": "36055009602", "tract_name": "Census Tract 96.02; Monroe County; New York", "median_age": 28.7, "median_income": 25313.0, "population_density": 5113.9019572296202, "county": "Monroe" }, "geometry": { "type": "Polygon", "coordinates": [ [ [ -77.64931744223324, 43.15221786698752 ], [ -77.649334434828674, 43.157216864500974 ], [ -77.626025446841325, 43.157524820071636 ], [ -77.636077452593, 43.150240843317633 ], [ -77.638892448754149, 43.151728847734567 ], [ -77.638874445279782, 43.154024846424051 ], [ -77.64931744223324, 43.15221786698752 ] ] ] } },
{ "type": "Feature", "properties": { "GEOID": "36029015504", "tract_name": "Census Tract 155.04; Erie County; New York", "median_age": 53.3, "median_income": 60132.0, "population_density": 776.50748315417547, "county": "Erie" }, "geometry": { "type": "Polygon", "coordinates": [ [ [ -79.113332885757472, 42.610470484940016 ], [ -79.112810886759675, 42.61462247283238 ], [ -79.107909839809395, 42.617118427832182 ], [ -79.104390810165711, 42.621093391809659 ], [ -79.099112759372986, 42.623035345277941 ], [ -79.095845738999103, 42.629969306949079 ], [ -79.092703710629507, 42.63172527865634 ], [ -79.088430666388746, 42.631170245083688 ], [ -79.085289640110645, 42.633759215684634 ], [ -79.081267616839426, 42.641617171406686 ], [ -79.073225537488014, 42.641710107309933 ], [ -79.065936477089153, 42.646425042992448 ], [ -79.063872454967424, 42.645674027681281 ], [ -79.06109041355414, 42.640201012754467 ], [ -79.056743365727755, 42.638437980303408 ], [ -79.056567357748364, 42.636102981796931 ], [ -79.053527319286687, 42.633148960997374 ], [ -79.055628335547325, 42.631332980143625 ], [ -79.054075314841128, 42.629481969859363 ], [ -79.061475364631505, 42.619682042432487 ], [ -79.071796449360477, 42.610460140086794 ], [ -79.113332885757472, 42.610470484940016 ] ] ] } },
{ "type": "Feature", "properties": { "GEOID": "36029014603", "tract_name": "Census Tract 146.03; Erie County; New York", "median_age": 48.6, "median_income": 121600.0, "population_density": 1116.6427089889537, "county": "Erie" }, "geometry": { "type": "Polygon", "coordinates": [ [ [ -78.696899638787798, 42.978190279479008 ], [ -78.696921614446779, 43.000237274337003 ], [ -78.64714367021557, 42.999661219201805 ], [ -78.647232703258894, 42.969833232924408 ], [ -78.669206669764463, 42.978004251459915 ], [ -78.696899638787798, 42.978190279479008 ] ] ] } },
{ "type": "Feature", "properties": { "GEOID": "36055005500", "tract_name": "Census Tract 55; Monroe County; New York", "median_age": 30.0, "median_income": 31107.0, "population_density": 6523.3636655890459, "county": "Monroe" }, "geometry": { "type": "Polygon", "coordinates": [ [ [ -77.599857445305119, 43.166880763337005 ], [ -77.594529441668541, 43.170633750047287 ], [ -77.586362445279704, 43.170847733823479 ], [ -77.585828441686488, 43.173098730924181 ], [ -77.582051443353663, 43.173178723388354 ], [ -77.582318454855837, 43.166434729575684 ], [ -77.59061945102826, 43.16623274587424 ], [ -77.591317452671447, 43.165053748166734 ], [ -77.599857445305119, 43.166880763337005 ] ] ] } },
{ "type": "Feature", "properties": { "GEOID": "36055005600", "tract_name": "Census Tract 56; Monroe County; New York", "median_age": 29.4, "median_income": 28594.0, "population_density": 9019.1231293475248, "county": "Monroe" }, "geometry": { "type": "Polygon", "coordinates": [ [ [ -77.591265452547276, 43.165142747995304 ], [ -77.582318454855837, 43.166434729575684 ], [ -77.582051442965437, 43.173403723199236 ], [ -77.577366444920571, 43.173563713789811 ], [ -77.578709448675497, 43.171034718616461 ], [ -77.574105450675617, 43.171168709442185 ], [ -77.574017455258016, 43.168581711547397 ], [ -77.576451456504003, 43.167178717523846 ], [ -77.573948458944415, 43.166500713245959 ], [ -77.58122045535552, 43.166464727415786 ], [ -77.583534461544716, 43.162190735475171 ], [ -77.591265452547276, 43.165142747995304 ] ] ] } },
{ "type": "Feature", "properties": { "GEOID": "36055005700", "tract_name": "Census Tract 57; Monroe County; New York", "median_age": 30.5, "median_income": 47188.0, "population_density": 10000.22781830995, "county": "Monroe" }, "geometry": { "type": "Polygon", "coordinates": [ [ [ -77.582803459676896, 43.163494732978521 ], [ -77.58122045535552, 43.166464727415786 ], [ -77.569584459550441, 43.167395703952664 ], [ -77.569653465903215, 43.163788707342583 ], [ -77.582803459676896, 43.163494732978521 ] ] ] } },
{ "type": "Feature", "properties": { "GEOID": "36055005800", "tract_name": "Census Tract 58; Monroe County; New York", "median_age": 33.3, "median_income": 41425.0, "population_density": 12001.257770248474, "county": "Monroe" }, "geometry": { "type": "Polygon", "coordinates": [ [ [ -77.576451456504003, 43.167178717523846 ], [ -77.571614454010657, 43.169962705617202 ], [ -77.571682451736166, 43.171233704616377 ], [ -77.559884456927946, 43.171525681119491 ], [ -77.566273474901863, 43.159712704564186 ], [ -77.570020471952589, 43.160263711226158 ], [ -77.569584459550441, 43.167395703952664 ], [ -77.576451456504003, 43.167178717523846 ] ] ] } },
{ "type": "Feature", "properties": { "GEOID": "36055005900", "tract_name": "Census Tract 59; Monroe County; New York", "median_age": 31.1, "median_income": 48193.0, "population_density": 4409.5596004475656, "county": "Monroe" }, "geometry": { "type": "Polygon", "coordinates": [ [ [ -77.584225461447943, 43.162038736929929 ], [ -77.569332466053396, 43.163796706715566 ], [ -77.570020471952589, 43.160263711226158 ], [ -77.566273474901863, 43.159712704564186 ], [ -77.56967348436855, 43.153354716797217 ], [ -77.580452469676288, 43.158415732752175 ], [ -77.584225461447943, 43.162038736929929 ] ] ] } },
{ "type": "Feature", "properties": { "GEOID": "36055006000", "tract_name": "Census Tract 60; Monroe County; New York", "median_age": 37.1, "median_income": 51341.0, "population_density": 9601.336394198579, "county": "Monroe" }, "geometry": { "type": "Polygon", "coordinates": [ [ [ -77.566273474901863, 43.159712704564186 ], [ -77.56000345727314, 43.171302681565898 ], [ -77.557467466774455, 43.166745680964802 ], [ -77.550094470044101, 43.166976666388855 ], [ -77.552614477688479, 43.162118676093435 ], [ -77.550808480173217, 43.161276673460854 ], [ -77.5516014824086, 43.159834676413737 ], [ -77.566273474901863, 43.159712704564186 ] ] ] } },
{ "type": "Feature", "properties": { "GEOID": "36055006200", "tract_name": "Census Tract 62; Monroe County; New York", "median_age": 34.2, "median_income": 72614.0, "population_density": 9939.5273729570272, "county": "Monroe" }, "geometry": { "type": "Polygon", "coordinates": [ [ [ -77.662597450384695, 43.141375896601794 ], [ -77.65876745074813, 43.142698889032395 ], [ -77.646949451795635, 43.146673865411636 ], [ -77.647979463030552, 43.13870587138026 ], [ -77.660171456752295, 43.137953893728138 ], [ -77.662597450384695, 43.141375896601794 ] ] ] } },
{ "type": "Feature", "properties": { "GEOID": "36055006300", "tract_name": "Census Tract 63; Monroe County; New York", "median_age": 32.9, "median_income": 61150.0, "population_density": 11463.838416283468, "county": "Monroe" }, "geometry": { "type": "Polygon", "coordinates": [ [ [ -77.648028457765037, 43.142233869668338 ], [ -77.646972458388973, 43.142233867743329 ], [ -77.646949451795635, 43.146673865411636 ], [ -77.636077452593, 43.150240843317633 ], [ -77.636054462473084, 43.143782846957365 ], [ -77.643348460552716, 43.142218861145061 ], [ -77.643355466224605, 43.138437863175739 ], [ -77.647979463030552, 43.13870587138026 ], [ -77.648028457765037, 43.142233869668338 ] ] ] } },
{ "type": "Feature", "properties": { "GEOID": "36055006400", "tract_name": "Census Tract 64; Monroe County; New York", "median_age": 34.6, "median_income": 32639.0, "population_density": 8773.812510995489, "county": "Monroe" }, "geometry": { "type": "Polygon", "coordinates": [ [ [ -77.63602346844894, 43.139883849124566 ], [ -77.636054458184276, 43.146589845356708 ], [ -77.626097463878935, 43.14660882697703 ], [ -77.626074468331936, 43.14377082869467 ], [ -77.628973468151884, 43.142794834592763 ], [ -77.623053471637519, 43.142794823784435 ], [ -77.623043474698292, 43.14085582499812 ], [ -77.63602346844894, 43.139883849124566 ] ] ] } },
{ "type": "Feature", "properties": { "GEOID": "36055006500", "tract_name": "Census Tract 65; Monroe County; New York", "median_age": 24.6, "median_income": 15884.0, "population_density": 9390.8319812015925, "county": "Monroe" }, "geometry": { "type": "Polygon", "coordinates": [ [ [ -77.628981466624467, 43.14377483401384 ], [ -77.626074468331936, 43.14377082869467 ], [ -77.626097463878935, 43.14660882697703 ], [ -77.619924467452819, 43.146592815599384 ], [ -77.615126477436021, 43.14208980978772 ], [ -77.617924480769659, 43.138960816954402 ], [ -77.621107475856661, 43.140852821484231 ], [ -77.622999477445646, 43.139128826015842 ], [ -77.624182475660049, 43.139811827723925 ], [ -77.623053471637519, 43.142794823784435 ], [ -77.628981466624467, 43.14377483401384 ] ] ] } },
{ "type": "Feature", "properties": { "GEOID": "36055006600", "tract_name": "Census Tract 66; Monroe County; New York", "median_age": 29.7, "median_income": 42902.0, "population_density": 12970.217472070113, "county": "Monroe" }, "geometry": { "type": "Polygon", "coordinates": [ [ [ -77.63602346844894, 43.139883849124566 ], [ -77.626036474452761, 43.139872831043313 ], [ -77.626692477021322, 43.137976833401389 ], [ -77.623870480685625, 43.136734829101187 ], [ -77.627913481902567, 43.134367837806188 ], [ -77.628928477994776, 43.136477838338052 ], [ -77.636023475862871, 43.135031851892094 ], [ -77.63602346844894, 43.139883849124566 ] ] ] } },
{ "type": "Feature", "properties": { "GEOID": "36055006700", "tract_name": "Census Tract 67; Monroe County; New York", "median_age": 33.6, "median_income": 72031.0, "population_density": 10152.951262291164, "county": "Monroe" }, "geometry": { "type": "Polygon", "coordinates": [ [ [ -77.650985461261342, 43.138674876822257 ], [ -77.643355466224605, 43.138437863175739 ], [ -77.643348460552716, 43.142218861145061 ], [ -77.636054462473084, 43.143782846957365 ], [ -77.636009474778959, 43.13574685145921 ], [ -77.650954466709535, 43.134989878592833 ], [ -77.650985461261342, 43.138674876822257 ] ] ] } },
{ "type": "Feature", "properties": { "GEOID": "36055006800", "tract_name": "Census Tract 68; Monroe County; New York", "median_age": 37.0, "median_income": 64551.0, "population_density": 7064.4649380491146, "county": "Monroe" }, "geometry": { "type": "Polygon", "coordinates": [ [ [ -77.665864450041781, 43.140249903017363 ], [ -77.662597450384695, 43.141375896601794 ], [ -77.660171456752295, 43.137953893728138 ], [ -77.650985461261342, 43.138674876822257 ], [ -77.650870478691047, 43.126894882458615 ], [ -77.644599487703459, 43.123583873254908 ], [ -77.656292472425292, 43.128791891036677 ], [ -77.665864450041781, 43.140249903017363 ] ] ] } },
{ "type": "Feature", "properties": { "GEOID": "36055011503", "tract_name": "Census Tract 115.03; Monroe County; New York", "median_age": 54.5, "median_income": 120000.0, "population_density": 1380.2834969193957, "county": "Monroe" }, "geometry": { "type": "Polygon", "coordinates": [ [ [ -77.532915478325066, 43.16714163276643 ], [ -77.528147477225986, 43.168952621469728 ], [ -77.528219473841773, 43.170694619677178 ], [ -77.532090471257291, 43.171061626884843 ], [ -77.528714470068977, 43.1725336186135 ], [ -77.526593464326524, 43.176039610505654 ], [ -77.517980471999536, 43.174177595509697 ], [ -77.513667472898078, 43.174757586271966 ], [ -77.507912460321648, 43.18241656556534 ], [ -77.484619516700192, 43.182374522422514 ], [ -77.484902568633004, 43.153538562801863 ], [ -77.511659515758367, 43.153620607496165 ], [ -77.520804508459022, 43.154788623348232 ], [ -77.524915501585923, 43.157183628402777 ], [ -77.526789501978655, 43.156458632768995 ], [ -77.528586491142264, 43.161595630480647 ], [ -77.526056490529598, 43.162594624503903 ], [ -77.532915478325066, 43.16714163276643 ] ] ] } },
{ "type": "Feature", "properties": { "GEOID": "36055011504", "tract_name": "Census Tract 115.04; Monroe County; New York", "median_age": 40.4, "median_income": 135894.0, "population_density": 1135.3802417714603, "county": "Monroe" }, "geometry": { "type": "Polygon", "coordinates": [ [ [ -77.484902568633004, 43.153538562801863 ], [ -77.484619516700192, 43.182374522422514 ], [ -77.430707702232795, 43.181915428001084 ], [ -77.431674728348284, 43.15658147651888 ], [ -77.440880719444593, 43.141178517937668 ], [ -77.475576616317241, 43.14242356494649 ], [ -77.475330598039989, 43.153509548339279 ], [ -77.484902568633004, 43.153538562801863 ] ] ] } },
{ "type": "Feature", "properties": { "GEOID": "36055011505", "tract_name": "Census Tract 115.05; Monroe County; New York", "median_age": 46.3, "median_income": 109375.0, "population_density": 458.13191279718995, "county": "Monroe" }, "geometry": { "type": "Polygon", "coordinates": [ [ [ -77.44147874100895, 43.123050550724528 ], [ -77.441397719269261, 43.140143520489914 ], [ -77.431674728348284, 43.15658147651888 ], [ -77.430707702232795, 43.181915428001084 ], [ -77.374710893710699, 43.182724327370103 ], [ -77.373244924083167, 43.122801466080141 ], [ -77.44147874100895, 43.123050550724528 ] ] ] } },
{ "type": "Feature", "properties": { "GEOID": "36055011601", "tract_name": "Census Tract 116.01; Monroe County; New York", "median_age": 49.8, "median_income": 81411.0, "population_density": 2835.4120054486707, "county": "Monroe" }, "geometry": { "type": "Polygon", "coordinates": [ [ [ -77.48508361525964, 43.127853598557046 ], [ -77.471906645584539, 43.131331576340131 ], [ -77.463956667877696, 43.131240565977272 ], [ -77.463612651633028, 43.142229548282337 ], [ -77.440880719444593, 43.141178517937668 ], [ -77.44147874100895, 43.123050550724528 ], [ -77.480836634661159, 43.123504599242885 ], [ -77.479702632201921, 43.126617593375357 ], [ -77.48508361525964, 43.127853598557046 ] ] ] } },
{ "type": "Feature", "properties": { "GEOID": "36055011708", "tract_name": "Census Tract 117.08; Monroe County; New York", "median_age": 49.2, "median_income": 162731.0, "population_density": 358.207041996822, "county": "Monroe" }, "geometry": { "type": "Polygon", "coordinates": [ [ [ -77.486066758362639, 43.049016708053664 ], [ -77.479632773223884, 43.046962707112044 ], [ -77.468899789642734, 43.048209698938642 ], [ -77.47027178161369, 43.051633694582868 ], [ -77.469235782394051, 43.052282692948609 ], [ -77.457085800188679, 43.054921680990404 ], [ -77.438467836112594, 43.053287671734523 ], [ -77.43203284638669, 43.054406665552918 ], [ -77.432122829728698, 43.068537639555061 ], [ -77.423603846454483, 43.068769632524607 ], [ -77.411454874587164, 43.064471631809411 ], [ -77.371734951730801, 43.064334602840113 ], [ -77.371478964097406, 43.034693673005599 ], [ -77.485661785735488, 43.034557727710094 ], [ -77.486066758362639, 43.049016708053664 ] ] ] } },
{ "type": "Feature", "properties": { "GEOID": "36055007000", "tract_name": "Census Tract 70; Monroe County; New York", "median_age": 28.8, "median_income": 65746.0, "population_density": 8104.1157421960061, "county": "Monroe" }, "geometry": { "type": "Polygon", "coordinates": [ [ [ -77.645433487667603, 43.123239874877399 ], [ -77.642081487748712, 43.124655868320843 ], [ -77.644263470823688, 43.13500086663241 ], [ -77.636009474778959, 43.13574685145921 ], [ -77.636050481904391, 43.131066854201414 ], [ -77.634224483373984, 43.130860851094155 ], [ -77.63282649238009, 43.12558585171849 ], [ -77.63371549546207, 43.123202854651772 ], [ -77.642539491956697, 43.121658870727195 ], [ -77.645433487667603, 43.123239874877399 ] ] ] } },
{ "type": "Feature", "properties": { "GEOID": "36055007600", "tract_name": "Census Tract 76; Monroe County; New York", "median_age": 37.9, "median_income": 92500.0, "population_density": 5633.5227697454384, "county": "Monroe" }, "geometry": { "type": "Polygon", "coordinates": [ [ [ -77.568505481134579, 43.155538712619354 ], [ -77.566273474901863, 43.159712704564186 ], [ -77.552783481181592, 43.160164678346845 ], [ -77.548030486214302, 43.158793670641721 ], [ -77.548961488961183, 43.157038674181699 ], [ -77.538917493598419, 43.157438654705551 ], [ -77.540699498362898, 43.154391661281132 ], [ -77.547360495194013, 43.154137674086478 ], [ -77.548709498652968, 43.151865678914675 ], [ -77.561995487968517, 43.153701702047016 ], [ -77.568505481134579, 43.155538712619354 ] ] ] } },
{ "type": "Feature", "properties": { "GEOID": "36055007700", "tract_name": "Census Tract 77; Monroe County; New York", "median_age": 37.5, "median_income": 62425.0, "population_density": 5214.8713871421569, "county": "Monroe" }, "geometry": { "type": "Polygon", "coordinates": [ [ [ -77.568505481134579, 43.155538712619354 ], [ -77.548709498652968, 43.151865678914675 ], [ -77.547360495194013, 43.154137674086478 ], [ -77.539246499030696, 43.154458658473352 ], [ -77.546308513750489, 43.144450681980686 ], [ -77.565049491372619, 43.150859710419994 ], [ -77.56967348436855, 43.153354716797217 ], [ -77.568505481134579, 43.155538712619354 ] ] ] } },
{ "type": "Feature", "properties": { "GEOID": "36055007802", "tract_name": "Census Tract 78.02; Monroe County; New York", "median_age": 49.8, "median_income": 115313.0, "population_density": 1816.9919707010049, "county": "Monroe" }, "geometry": { "type": "Polygon", "coordinates": [ [ [ -77.578320506640026, 43.137812746394395 ], [ -77.575187498857815, 43.143344735912855 ], [ -77.555704507723121, 43.1447536989185 ], [ -77.554420504234272, 43.147072694291907 ], [ -77.546308513750489, 43.144450681980686 ], [ -77.54802651826202, 43.141470688143613 ], [ -77.549159516954504, 43.141814689858911 ], [ -77.549123526443296, 43.136685694949428 ], [ -77.575030512144565, 43.135809742223636 ], [ -77.578320506640026, 43.137812746394395 ] ] ] } },
{ "type": "Feature", "properties": { "GEOID": "36055007900", "tract_name": "Census Tract 79; Monroe County; New York", "median_age": 35.1, "median_income": 28000.0, "population_density": 9015.9533482397528, "county": "Monroe" }, "geometry": { "type": "Polygon", "coordinates": [ [ [ -77.599836405229141, 43.191023745152982 ], [ -77.595625406704258, 43.191179736327939 ], [ -77.595502421939869, 43.182120743077796 ], [ -77.59152542360799, 43.182180734986595 ], [ -77.591398427089217, 43.180155736336964 ], [ -77.599035426009806, 43.178728752786057 ], [ -77.599836405229141, 43.191023745152982 ] ] ] } },
{ "type": "Feature", "properties": { "GEOID": "36055006900", "tract_name": "Census Tract 69; Monroe County; New York", "median_age": 30.0, "median_income": 32667.0, "population_density": 7314.9684352127479, "county": "Monroe" }, "geometry": { "type": "Polygon", "coordinates": [ [ [ -77.636040481875554, 43.131089854170632 ], [ -77.636023475862871, 43.135031851892094 ], [ -77.628928477994776, 43.136477838338052 ], [ -77.627913481902567, 43.134367837806188 ], [ -77.623870480685625, 43.136734829101187 ], [ -77.626692477021322, 43.137976833401389 ], [ -77.626036474452761, 43.139872831043313 ], [ -77.622999477445646, 43.139128826015842 ], [ -77.621107475856661, 43.140852821484231 ], [ -77.617924480769659, 43.138960816954402 ], [ -77.622227487330903, 43.133160828436679 ], [ -77.636040481875554, 43.131089854170632 ] ] ] } },
{ "type": "Feature", "properties": { "GEOID": "36055008000", "tract_name": "Census Tract 80; Monroe County; New York", "median_age": 32.9, "median_income": 26135.0, "population_density": 10747.789729809529, "county": "Monroe" }, "geometry": { "type": "Polygon", "coordinates": [ [ [ -77.599035426009806, 43.178728752786057 ], [ -77.591398427089217, 43.180155736336964 ], [ -77.59152542360799, 43.182180734986595 ], [ -77.586514425607461, 43.182314724740529 ], [ -77.590108432855331, 43.177099736185895 ], [ -77.5874234336234, 43.177378730595862 ], [ -77.587323436825997, 43.175528731902084 ], [ -77.598814431773889, 43.175325754917537 ], [ -77.599035426009806, 43.178728752786057 ] ] ] } },
{ "type": "Feature", "properties": { "GEOID": "36055008100", "tract_name": "Census Tract 81; Monroe County; New York", "median_age": 35.4, "median_income": 39793.0, "population_density": 7349.1365346891416, "county": "Monroe" }, "geometry": { "type": "Polygon", "coordinates": [ [ [ -77.600097398261454, 43.195157742591242 ], [ -77.592388399248151, 43.196387725526385 ], [ -77.59162540178086, 43.195066724975703 ], [ -77.584597403988241, 43.19540871002291 ], [ -77.583990422889954, 43.184548717777226 ], [ -77.586514425607461, 43.182314724740529 ], [ -77.595502421939869, 43.182120743077796 ], [ -77.595625406704258, 43.191179736327939 ], [ -77.599836405229141, 43.191023745152982 ], [ -77.600097398261454, 43.195157742591242 ] ] ] } },
{ "type": "Feature", "properties": { "GEOID": "36055008200", "tract_name": "Census Tract 82; Monroe County; New York", "median_age": 32.7, "median_income": 38239.0, "population_density": 10739.813204082382, "county": "Monroe" }, "geometry": { "type": "Polygon", "coordinates": [ [ [ -77.586934426476176, 43.181696726094728 ], [ -77.583990422889954, 43.184548717777226 ], [ -77.584180416369392, 43.188296715053582 ], [ -77.573521420990716, 43.188228693225994 ], [ -77.572964432539621, 43.181795697781844 ], [ -77.586934426476176, 43.181696726094728 ] ] ] } },
{ "type": "Feature", "properties": { "GEOID": "36029014208", "tract_name": "Census Tract 142.08; Erie County; New York", "median_age": 46.4, "median_income": 108229.0, "population_density": 494.40228616861378, "county": "Erie" }, "geometry": { "type": "Polygon", "coordinates": [ [ [ -78.696935687583334, 42.934238289881364 ], [ -78.697017662796682, 42.956464284714734 ], [ -78.578048796882229, 42.954756176850836 ], [ -78.578322827226685, 42.927172198147169 ], [ -78.65714975274112, 42.915382265084133 ], [ -78.657138749734443, 42.91809926395468 ], [ -78.661586745568897, 42.91740026755253 ], [ -78.661608741396677, 42.921133266102373 ], [ -78.662827739584458, 42.92154526686992 ], [ -78.661612737190012, 42.924915264619713 ], [ -78.667963730560004, 42.924531269697049 ], [ -78.668075728335566, 42.926421269095755 ], [ -78.67220372372779, 42.926440272325962 ], [ -78.677215710628914, 42.933217274064027 ], [ -78.696935687583334, 42.934238289881364 ] ] ] } },
{ "type": "Feature", "properties": { "GEOID": "36055008301", "tract_name": "Census Tract 83.01; Monroe County; New York", "median_age": 31.4, "median_income": 38319.0, "population_density": 7543.2075106662796, "county": "Monroe" }, "geometry": { "type": "Polygon", "coordinates": [ [ [ -77.576176441575939, 43.175802709486256 ], [ -77.57594043177123, 43.181475704074806 ], [ -77.572964432539621, 43.181795697781844 ], [ -77.573521420990716, 43.188228693225994 ], [ -77.560386425752966, 43.188665665843821 ], [ -77.560543441604466, 43.179842674531834 ], [ -77.557342449345384, 43.176378671433987 ], [ -77.576176441575939, 43.175802709486256 ] ] ] } },
{ "type": "Feature", "properties": { "GEOID": "36055008400", "tract_name": "Census Tract 84; Monroe County; New York", "median_age": 27.9, "median_income": 37670.0, "population_density": 11180.402581449736, "county": "Monroe" }, "geometry": { "type": "Polygon", "coordinates": [ [ [ -77.589956432555908, 43.177317735707689 ], [ -77.587331427295297, 43.181112727372245 ], [ -77.57594043177123, 43.181475704074806 ], [ -77.576176441575939, 43.175802709486256 ], [ -77.587323436825997, 43.175528731902084 ], [ -77.5874234336234, 43.177378730595862 ], [ -77.589956432555908, 43.177317735707689 ] ] ] } },
{ "type": "Feature", "properties": { "GEOID": "36055008500", "tract_name": "Census Tract 85; Monroe County; New York", "median_age": 54.1, "median_income": 43182.0, "population_density": 3315.188264940823, "county": "Monroe" }, "geometry": { "type": "Polygon", "coordinates": [ [ [ -77.628641314472375, 43.241748773888474 ], [ -77.622554304058227, 43.249226754991462 ], [ -77.622118305370066, 43.253033752505878 ], [ -77.619341305949405, 43.253046745978573 ], [ -77.619311308215174, 43.255829745058399 ], [ -77.617711308554888, 43.255829741319324 ], [ -77.617900306307419, 43.253123742570644 ], [ -77.615509307791669, 43.254332736605797 ], [ -77.615847312938584, 43.260685735553622 ], [ -77.624330315610067, 43.266425753321535 ], [ -77.620444318662578, 43.269042743606974 ], [ -77.602663315223538, 43.259884705208037 ], [ -77.598848319625787, 43.263980695472767 ], [ -77.611139306510225, 43.24911872814581 ], [ -77.613291319377012, 43.240865738866141 ], [ -77.613917316158435, 43.242776739014857 ], [ -77.617165317417346, 43.241534747395626 ], [ -77.628641314472375, 43.241748773888474 ] ] ] } },
{ "type": "Feature", "properties": { "GEOID": "36055011901", "tract_name": "Census Tract 119.01; Monroe County; New York", "median_age": 46.9, "median_income": 67953.0, "population_density": 2016.3566357318134, "county": "Monroe" }, "geometry": { "type": "Polygon", "coordinates": [ [ [ -77.486132656380846, 43.10407363254285 ], [ -77.485934650443539, 43.107548627553861 ], [ -77.480318667052799, 43.106056623422312 ], [ -77.473747678864328, 43.108652612346575 ], [ -77.472994675852462, 43.111558607179568 ], [ -77.470274683729144, 43.110965604950835 ], [ -77.469818683082138, 43.112060602770768 ], [ -77.472544670476552, 43.115441600873488 ], [ -77.474557666534935, 43.114700604345899 ], [ -77.47308867060039, 43.114533602866274 ], [ -77.473581671361302, 43.113333605223616 ], [ -77.47691466305011, 43.113208609285635 ], [ -77.476369658767865, 43.116495603860955 ], [ -77.477923653042609, 43.117461604318279 ], [ -77.476104654537892, 43.119349599378829 ], [ -77.476479649492191, 43.121697596415196 ], [ -77.481527635689361, 43.121894602382788 ], [ -77.485929628158701, 43.119616610966887 ], [ -77.485655621466108, 43.123637605098381 ], [ -77.432235765977467, 43.122893539468365 ], [ -77.43213478326453, 43.108317566217686 ], [ -77.452984730903239, 43.108552589188328 ], [ -77.452997733970818, 43.106386592801954 ], [ -77.456343724713363, 43.107058595397561 ], [ -77.457469724138463, 43.105568599064377 ], [ -77.45322673420381, 43.105829593979067 ], [ -77.453313737830129, 43.103153598513728 ], [ -77.456014735988049, 43.099940606672305 ], [ -77.46490771136142, 43.102076612658742 ], [ -77.479450680935813, 43.099406631980273 ], [ -77.47948667554445, 43.102410627721277 ], [ -77.486132656380846, 43.10407363254285 ] ] ] } },
{ "type": "Feature", "properties": { "GEOID": "36055012000", "tract_name": "Census Tract 120; Monroe County; New York", "median_age": 32.8, "median_income": 66667.0, "population_density": 5249.6901739866917, "county": "Monroe" }, "geometry": { "type": "Polygon", "coordinates": [ [ [ -77.485020634645792, 43.117389612936286 ], [ -77.489151615555386, 43.121789611970328 ], [ -77.48603262807741, 43.119513611233884 ], [ -77.481527635689361, 43.121894602382788 ], [ -77.476479649492191, 43.121697596415196 ], [ -77.476104654537892, 43.119349599378829 ], [ -77.477923653042609, 43.117461604318279 ], [ -77.476369658767865, 43.116495603860955 ], [ -77.476992662633819, 43.113333609194854 ], [ -77.473581671361302, 43.113333605223616 ], [ -77.47308867060039, 43.114533602866274 ], [ -77.474557666534935, 43.114700604345899 ], [ -77.472254671383723, 43.115347600670901 ], [ -77.470274683729144, 43.110965604950835 ], [ -77.472994675852462, 43.111558607179568 ], [ -77.473747678864328, 43.108652612346575 ], [ -77.480318667052799, 43.106056623422312 ], [ -77.487399645221601, 43.108395628032561 ], [ -77.484172641840559, 43.114660615710477 ], [ -77.479314656729741, 43.113312611928293 ], [ -77.478351654167483, 43.116181606675426 ], [ -77.479822647564134, 43.117755606178008 ], [ -77.485020634645792, 43.117389612936286 ] ] ] } },
{ "type": "Feature", "properties": { "GEOID": "36055012202", "tract_name": "Census Tract 122.02; Monroe County; New York", "median_age": 51.7, "median_income": 110800.0, "population_density": 1549.4410727400543, "county": "Monroe" }, "geometry": { "type": "Polygon", "coordinates": [ [ [ -77.514578634638951, 43.092530684957161 ], [ -77.514046629599292, 43.095291680859454 ], [ -77.499856614498952, 43.108211642228781 ], [ -77.487542652187344, 43.104475633523727 ], [ -77.488656653551658, 43.102302637668465 ], [ -77.486149663350588, 43.100284637760069 ], [ -77.486156729502355, 43.064527686826558 ], [ -77.493380697437189, 43.073817679997994 ], [ -77.505629661863665, 43.08240068325815 ], [ -77.514578634638951, 43.092530684957161 ] ] ] } },
{ "type": "Feature", "properties": { "GEOID": "36055012301", "tract_name": "Census Tract 123.01; Monroe County; New York", "median_age": 40.8, "median_income": 116910.0, "population_density": 1670.7510554553285, "county": "Monroe" }, "geometry": { "type": "Polygon", "coordinates": [ [ [ -77.558515609824909, 43.087488758953846 ], [ -77.54618157720634, 43.110312716568544 ], [ -77.519309622614529, 43.096811687462314 ], [ -77.511623628448589, 43.096803675207987 ], [ -77.514046629599292, 43.095291680859454 ], [ -77.514594634744924, 43.09247068505303 ], [ -77.502344669370331, 43.07999768123171 ], [ -77.500321679692505, 43.07571668352314 ], [ -77.50732167822882, 43.073527696611919 ], [ -77.519495667972507, 43.073529714616029 ], [ -77.522256659758511, 43.076558715247565 ], [ -77.531344649979573, 43.077723727552566 ], [ -77.537859633549743, 43.083575731112873 ], [ -77.542866626990545, 43.084927737368957 ], [ -77.542683622575609, 43.087367734556331 ], [ -77.558515609824909, 43.087488758953846 ] ] ] } },
{ "type": "Feature", "properties": { "GEOID": "36029014207", "tract_name": "Census Tract 142.07; Erie County; New York", "median_age": 48.6, "median_income": 84234.0, "population_density": 2745.9647468831313, "county": "Erie" }, "geometry": { "type": "Polygon", "coordinates": [ [ [ -78.696947765987773, 42.863662306532397 ], [ -78.696931730751118, 42.895391299040632 ], [ -78.695064733287794, 42.894975297935758 ], [ -78.696055733296674, 42.893976298813818 ], [ -78.692448737334459, 42.893949296512609 ], [ -78.69245873905335, 42.892392296917194 ], [ -78.688632743148887, 42.892532294457673 ], [ -78.688431739485566, 42.896030293373144 ], [ -78.682858745924435, 42.895808289822348 ], [ -78.682547749516672, 42.89288629049679 ], [ -78.685985745881126, 42.892720292727347 ], [ -78.6862687534489, 42.885626294916264 ], [ -78.67676176390556, 42.88572228915428 ], [ -78.676189788722226, 42.863959295948575 ], [ -78.696947765987773, 42.863662306532397 ] ] ] } },
{ "type": "Feature", "properties": { "GEOID": "36029014206", "tract_name": "Census Tract 142.06; Erie County; New York", "median_age": 42.1, "median_income": 137803.0, "population_density": 1012.7972028345473, "county": "Erie" }, "geometry": { "type": "Polygon", "coordinates": [ [ [ -78.67676176390556, 42.88572228915428 ], [ -78.657865784746676, 42.88586127769895 ], [ -78.657565775850017, 42.894168274105098 ], [ -78.655764779797792, 42.892416273684873 ], [ -78.65741778082112, 42.889842275790329 ], [ -78.655468783311122, 42.889550274701648 ], [ -78.641015798962229, 42.889917265559674 ], [ -78.640974796898888, 42.891815264614486 ], [ -78.636468801195562, 42.892454261451931 ], [ -78.630887811592231, 42.88867825991737 ], [ -78.626641814168906, 42.890605256243823 ], [ -78.619056824901122, 42.88853125271082 ], [ -78.609750833346681, 42.890236245918295 ], [ -78.606361838970017, 42.888564244873393 ], [ -78.59715384923669, 42.888532239224396 ], [ -78.595056853852228, 42.886475239349792 ], [ -78.59376686108557, 42.881255242191955 ], [ -78.58277487653001, 42.878347237940915 ], [ -78.577802879938915, 42.880251233647513 ], [ -78.577593897536673, 42.864622245502296 ], [ -78.676189788722226, 42.863959295948575 ], [ -78.67676176390556, 42.88572228915428 ] ] ] } },
{ "type": "Feature", "properties": { "GEOID": "36055010100", "tract_name": "Census Tract 101; Monroe County; New York", "median_age": 46.6, "median_income": 65271.0, "population_density": 2689.4862249547459, "county": "Monroe" }, "geometry": { "type": "Polygon", "coordinates": [ [ [ -77.610014307397364, 43.248710725779077 ], [ -77.600149314666609, 43.258589699664988 ], [ -77.574489320401227, 43.245373645020962 ], [ -77.578479324981856, 43.242248657036292 ], [ -77.581802322474985, 43.243267663899367 ], [ -77.585671326931774, 43.240164675460314 ], [ -77.599119324523386, 43.239731706892663 ], [ -77.598724316551682, 43.244576702311967 ], [ -77.60865731290987, 43.245492724858508 ], [ -77.608328308968623, 43.247954722343223 ], [ -77.610014307397364, 43.248710725779077 ] ] ] } },
{ "type": "Feature", "properties": { "GEOID": "36055010200", "tract_name": "Census Tract 102; Monroe County; New York", "median_age": 46.1, "median_income": 128860.0, "population_density": 2333.2650550718204, "county": "Monroe" }, "geometry": { "type": "Polygon", "coordinates": [ [ [ -77.615923330792583, 43.233359749999607 ], [ -77.610014307397364, 43.248710725779077 ], [ -77.608328308968623, 43.247954722343223 ], [ -77.60865731290987, 43.245492724858508 ], [ -77.598724316551682, 43.244576702311967 ], [ -77.599119324523386, 43.239731706892663 ], [ -77.585671326931774, 43.240164675460314 ], [ -77.581802322474985, 43.243267663899367 ], [ -77.578479324981856, 43.242248657036292 ], [ -77.588257339728969, 43.232295687811202 ], [ -77.584422341133234, 43.232061679285714 ], [ -77.585602346195671, 43.228924684548097 ], [ -77.589351349445096, 43.226407695032272 ], [ -77.613125344729653, 43.22515974923995 ], [ -77.615923330792583, 43.233359749999607 ] ] ] } },
{ "type": "Feature", "properties": { "GEOID": "36055010300", "tract_name": "Census Tract 103; Monroe County; New York", "median_age": 42.4, "median_income": 93102.0, "population_density": 4521.6324900449372, "county": "Monroe" }, "geometry": { "type": "Polygon", "coordinates": [ [ [ -77.620925368610443, 43.20865977735388 ], [ -77.616565364793885, 43.211994765729557 ], [ -77.612824350461253, 43.221659750969046 ], [ -77.613125344729653, 43.22515974923995 ], [ -77.598976348431762, 43.225379717409332 ], [ -77.598271373115622, 43.210685726988245 ], [ -77.620925368610443, 43.20865977735388 ] ] ] } },
{ "type": "Feature", "properties": { "GEOID": "36055010400", "tract_name": "Census Tract 104; Monroe County; New York", "median_age": 39.7, "median_income": 76019.0, "population_density": 5439.2051196716593, "county": "Monroe" }, "geometry": { "type": "Polygon", "coordinates": [ [ [ -77.623425372148233, 43.20585978451588 ], [ -77.620925368610443, 43.20865977735388 ], [ -77.600930372331248, 43.210612732800733 ], [ -77.600097398261454, 43.195157742591242 ], [ -77.607761396450186, 43.194401759130109 ], [ -77.609261388239318, 43.199082758959179 ], [ -77.618187385178416, 43.198858777917778 ], [ -77.623425372148233, 43.20585978451588 ] ] ] } },
{ "type": "Feature", "properties": { "GEOID": "36055010500", "tract_name": "Census Tract 105; Monroe County; New York", "median_age": 45.5, "median_income": 91174.0, "population_density": 1791.9965275037207, "county": "Monroe" }, "geometry": { "type": "Polygon", "coordinates": [ [ [ -77.599414347234259, 43.226024717903947 ], [ -77.588670349205671, 43.226661693298908 ], [ -77.585602346195671, 43.228924684548097 ], [ -77.584422341133234, 43.232061679285714 ], [ -77.571651345186339, 43.23166265062023 ], [ -77.571825353991642, 43.226641655492351 ], [ -77.563419355082331, 43.227355635951348 ], [ -77.559792357780026, 43.226423628681708 ], [ -77.559209361868625, 43.224254629444282 ], [ -77.556307362701688, 43.224260622957154 ], [ -77.558800372214975, 43.218605633936072 ], [ -77.55592037500044, 43.21756862859251 ], [ -77.560069384617648, 43.211518643470548 ], [ -77.598271373115622, 43.210685726988245 ], [ -77.599414347234259, 43.226024717903947 ] ] ] } },
{ "type": "Feature", "properties": { "GEOID": "36055010601", "tract_name": "Census Tract 106.01; Monroe County; New York", "median_age": 44.8, "median_income": 47415.0, "population_density": 3169.331048431387, "county": "Monroe" }, "geometry": { "type": "Polygon", "coordinates": [ [ [ -77.580188378395661, 43.21119168739974 ], [ -77.560069384617648, 43.211518643470548 ], [ -77.562105391919118, 43.207076652064821 ], [ -77.561407412064582, 43.196027660993998 ], [ -77.576816405254291, 43.196450692865049 ], [ -77.577285393006107, 43.203372687864274 ], [ -77.580188378395661, 43.21119168739974 ] ] ] } },
{ "type": "Feature", "properties": { "GEOID": "36055010602", "tract_name": "Census Tract 106.02; Monroe County; New York", "median_age": 46.0, "median_income": 67836.0, "population_density": 3360.445676637044, "county": "Monroe" }, "geometry": { "type": "Polygon", "coordinates": [ [ [ -77.600930372331248, 43.210612732800733 ], [ -77.580188378395661, 43.21119168739974 ], [ -77.577285393006107, 43.203372687864274 ], [ -77.576816405254291, 43.196450692865049 ], [ -77.600097398261454, 43.195157742591242 ], [ -77.600930372331248, 43.210612732800733 ] ] ] } },
{ "type": "Feature", "properties": { "GEOID": "36055010700", "tract_name": "Census Tract 107; Monroe County; New York", "median_age": 48.7, "median_income": 63407.0, "population_density": 3104.1193291133704, "county": "Monroe" }, "geometry": { "type": "Polygon", "coordinates": [ [ [ -77.558800372149804, 43.218641633901612 ], [ -77.556234363934962, 43.223594623439936 ], [ -77.553765364882096, 43.223472618053655 ], [ -77.5549623584768, 43.226790617483779 ], [ -77.546817359275494, 43.227596598369878 ], [ -77.551785357342368, 43.227895609251867 ], [ -77.551517345361574, 43.234457602130412 ], [ -77.549804341893378, 43.236574596096183 ], [ -77.533831346161321, 43.236394559632124 ], [ -77.533817354405528, 43.232061564287783 ], [ -77.536919362847925, 43.227165576557809 ], [ -77.535178376919276, 43.22000458034266 ], [ -77.55592037500044, 43.21756862859251 ], [ -77.558800372149804, 43.218641633901612 ] ] ] } },
{ "type": "Feature", "properties": { "GEOID": "36055010800", "tract_name": "Census Tract 108; Monroe County; New York", "median_age": 48.1, "median_income": 89704.0, "population_density": 2038.6493093049462, "county": "Monroe" }, "geometry": { "type": "Polygon", "coordinates": [ [ [ -77.562095391776978, 43.207157651967179 ], [ -77.555365374163642, 43.218123626830952 ], [ -77.535178376919276, 43.22000458034266 ], [ -77.532020399694488, 43.20857758582212 ], [ -77.525221411761095, 43.20356057681429 ], [ -77.531159416215957, 43.200091593260396 ], [ -77.534508414925071, 43.200102600323191 ], [ -77.54339440263233, 43.204882614152815 ], [ -77.561868398500053, 43.203465654955622 ], [ -77.562095391776978, 43.207157651967179 ] ] ] } },
{ "type": "Feature", "properties": { "GEOID": "36055010901", "tract_name": "Census Tract 109.01; Monroe County; New York", "median_age": 52.7, "median_income": 37465.0, "population_density": 6724.8600066638865, "county": "Monroe" }, "geometry": { "type": "Polygon", "coordinates": [ [ [ -77.584597403988241, 43.19540871002291 ], [ -77.561407412064582, 43.196027660993998 ], [ -77.561028425504304, 43.18865366717467 ], [ -77.5837244172411, 43.187901714445907 ], [ -77.584597403988241, 43.19540871002291 ] ] ] } },
{ "type": "Feature", "properties": { "GEOID": "36055011603", "tract_name": "Census Tract 116.03; Monroe County; New York", "median_age": 50.3, "median_income": 31942.0, "population_density": 1362.6644139035966, "county": "Monroe" }, "geometry": { "type": "Polygon", "coordinates": [ [ [ -77.517212570628899, 43.124108652316011 ], [ -77.516994556451138, 43.131402643433113 ], [ -77.51122156468891, 43.129085635991004 ], [ -77.506159563608676, 43.131239624467938 ], [ -77.50620656736443, 43.129349626856929 ], [ -77.501631570699161, 43.129143619068081 ], [ -77.498610563545469, 43.135134606823392 ], [ -77.483883616969024, 43.128721595799632 ], [ -77.484644617619082, 43.127222598864343 ], [ -77.479552633269989, 43.126244593716592 ], [ -77.480836634661159, 43.123504599242885 ], [ -77.517212570628899, 43.124108652316011 ] ] ] } },
{ "type": "Feature", "properties": { "GEOID": "36055011605", "tract_name": "Census Tract 116.05; Monroe County; New York", "median_age": 37.8, "median_income": 84792.0, "population_density": 1319.3974397856277, "county": "Monroe" }, "geometry": { "type": "Polygon", "coordinates": [ [ [ -77.494141563948858, 43.141418592585978 ], [ -77.491244563868932, 43.145868582594872 ], [ -77.484914583746161, 43.145281574238332 ], [ -77.484902568633004, 43.153538562801863 ], [ -77.475330598039989, 43.153509548339279 ], [ -77.475576616317241, 43.14242356494649 ], [ -77.463612651633028, 43.142229548282337 ], [ -77.463956667877696, 43.131240565977272 ], [ -77.485197613174833, 43.128817597373519 ], [ -77.492269585332807, 43.133155600843182 ], [ -77.491434583600579, 43.135282596906251 ], [ -77.494141563948858, 43.141418592585978 ] ] ] } },
{ "type": "Feature", "properties": { "GEOID": "36055011705", "tract_name": "Census Tract 117.05; Monroe County; New York", "median_age": 49.8, "median_income": 97292.0, "population_density": 1131.3270289415611, "county": "Monroe" }, "geometry": { "type": "Polygon", "coordinates": [ [ [ -77.486066758362639, 43.049016708053664 ], [ -77.486222702803786, 43.078879667192382 ], [ -77.477268724044649, 43.077595661323315 ], [ -77.474501727554326, 43.078957656958139 ], [ -77.460682756790732, 43.079032644898547 ], [ -77.472053757390029, 43.064224676871504 ], [ -77.468899789642734, 43.048209698938642 ], [ -77.479468773505857, 43.046962707016171 ], [ -77.4844177628718, 43.048124708297451 ], [ -77.486066758362639, 43.049016708053664 ] ] ] } },
{ "type": "Feature", "properties": { "GEOID": "36055011100", "tract_name": "Census Tract 111; Monroe County; New York", "median_age": 38.4, "median_income": 85793.0, "population_density": 4742.9151187406815, "county": "Monroe" }, "geometry": { "type": "Polygon", "coordinates": [ [ [ -77.559884456927946, 43.171525681119491 ], [ -77.557342449345384, 43.176378671433987 ], [ -77.531970459411511, 43.177298619843477 ], [ -77.526593464326524, 43.176039610505654 ], [ -77.528714470068977, 43.1725336186135 ], [ -77.532090471257291, 43.171061626884843 ], [ -77.528219473841773, 43.170694619677178 ], [ -77.528147477225986, 43.168952621469728 ], [ -77.532795477487497, 43.167612632020742 ], [ -77.534494476631878, 43.167617635328284 ], [ -77.533429473273841, 43.169660631037345 ], [ -77.535741468257271, 43.171709633372245 ], [ -77.537852475237017, 43.167470642032299 ], [ -77.557467466774455, 43.166745680964802 ], [ -77.559884456927946, 43.171525681119491 ] ] ] } },
{ "type": "Feature", "properties": { "GEOID": "36055011201", "tract_name": "Census Tract 112.01; Monroe County; New York", "median_age": 46.3, "median_income": 94659.0, "population_density": 1271.49590002229, "county": "Monroe" }, "geometry": { "type": "Polygon", "coordinates": [ [ [ -77.536617360473429, 43.228465574490706 ], [ -77.533817354405528, 43.232061564287783 ], [ -77.534259349246355, 43.234715562426778 ], [ -77.514977343625873, 43.240038512092369 ], [ -77.511488350199343, 43.237134507490744 ], [ -77.509021368789405, 43.22810651270941 ], [ -77.515339392220369, 43.215321541955809 ], [ -77.515449398054514, 43.212340545695646 ], [ -77.508864431225888, 43.196802550131878 ], [ -77.522321426042595, 43.196760578385742 ], [ -77.525221411761095, 43.20356057681429 ], [ -77.532020399694488, 43.20857758582212 ], [ -77.533520392970516, 43.211836585523841 ], [ -77.536617360473429, 43.228465574490706 ] ] ] } },
{ "type": "Feature", "properties": { "GEOID": "36055011203", "tract_name": "Census Tract 112.03; Monroe County; New York", "median_age": 47.7, "median_income": 99559.0, "population_density": 1432.7136147058445, "county": "Monroe" }, "geometry": { "type": "Polygon", "coordinates": [ [ [ -77.534257349134748, 43.23477456235851 ], [ -77.533831346161321, 43.236394559632124 ], [ -77.514928335546543, 43.244143507149928 ], [ -77.508192327632258, 43.248845485745377 ], [ -77.507121330616727, 43.247460484905055 ], [ -77.499272337279635, 43.246419467782772 ], [ -77.496351364738118, 43.238806470754298 ], [ -77.492199386667849, 43.236357464601404 ], [ -77.470497485591565, 43.230525424817273 ], [ -77.5091393642426, 43.230372510243839 ], [ -77.511076351451081, 43.236554507237521 ], [ -77.514977343625873, 43.240038512092369 ], [ -77.534257349134748, 43.23477456235851 ] ] ] } },
{ "type": "Feature", "properties": { "GEOID": "36055011205", "tract_name": "Census Tract 112.05; Monroe County; New York", "median_age": 45.7, "median_income": 115543.0, "population_density": 1653.0314879799823, "county": "Monroe" }, "geometry": { "type": "Polygon", "coordinates": [ [ [ -77.51554039500013, 43.2138765440912 ], [ -77.509396371110896, 43.226888515020747 ], [ -77.5091393642426, 43.230372510243839 ], [ -77.470497485591565, 43.230525424817273 ], [ -77.446644593742946, 43.221809387599656 ], [ -77.446636602415438, 43.215412398567423 ], [ -77.467530524918146, 43.2135974443054 ], [ -77.51554039500013, 43.2138765440912 ] ] ] } },
{ "type": "Feature", "properties": { "GEOID": "36055011302", "tract_name": "Census Tract 113.02; Monroe County; New York", "median_age": 48.6, "median_income": 114762.0, "population_density": 917.89315311725477, "county": "Monroe" }, "geometry": { "type": "Polygon", "coordinates": [ [ [ -77.508192327632258, 43.248845485745377 ], [ -77.501180328463533, 43.251548468108645 ], [ -77.480820413631818, 43.254363421254844 ], [ -77.451662544364581, 43.261891357333148 ], [ -77.450910545633349, 43.259662354426581 ], [ -77.446701564003646, 43.260334345148152 ], [ -77.446682581502813, 43.230756372320094 ], [ -77.419357690249896, 43.232484309106546 ], [ -77.419161703777718, 43.219796333506146 ], [ -77.439621624239052, 43.219516376847793 ], [ -77.470497485591565, 43.230525424817273 ], [ -77.492199386667849, 43.236357464601404 ], [ -77.496351364738118, 43.238806470754298 ], [ -77.499272337279635, 43.246419467782772 ], [ -77.507121330616727, 43.247460484905055 ], [ -77.508192327632258, 43.248845485745377 ] ] ] } },
{ "type": "Feature", "properties": { "GEOID": "36043010702", "tract_name": "Census Tract 107.02; Herkimer County; New York", "median_age": 35.8, "median_income": 35761.0, "population_density": 1077.0877517330057, "county": "Herkimer" }, "geometry": { "type": "Polygon", "coordinates": [ [ [ -74.883679794096565, 43.025861227648384 ], [ -74.874913781701451, 43.030425233061486 ], [ -74.863390769196997, 43.040356238660017 ], [ -74.858999762116412, 43.04178324135902 ], [ -74.86087377030033, 43.046474238588459 ], [ -74.849595749965047, 43.047961245966754 ], [ -74.849521752518228, 43.050741245078505 ], [ -74.851687759106241, 43.053216242769317 ], [ -74.850243758496191, 43.055465242995439 ], [ -74.835935732208853, 43.056902252092698 ], [ -74.831406702973723, 43.035651263385972 ], [ -74.843102728146988, 43.038373253889873 ], [ -74.846660738892069, 43.042383249935469 ], [ -74.851732748372811, 43.042068246437793 ], [ -74.842935726651433, 43.037160254442725 ], [ -74.83092470064048, 43.034193264306118 ], [ -74.874444780215185, 43.029829233570133 ], [ -74.879025785340005, 43.02606123111795 ], [ -74.883679794096565, 43.025861227648384 ] ] ] } },
{ "type": "Feature", "properties": { "GEOID": "36029015202", "tract_name": "Census Tract 152.02; Erie County; New York", "median_age": 51.4, "median_income": 86360.0, "population_density": 272.38786697517486, "county": "Erie" }, "geometry": { "type": "Polygon", "coordinates": [ [ [ -78.791211814441468, 42.696475359438615 ], [ -78.768441791711183, 42.696238345025513 ], [ -78.767472794091447, 42.698806344302056 ], [ -78.767410790679179, 42.696223344372456 ], [ -78.696934844831844, 42.695770333333364 ], [ -78.697083768436343, 42.608783333333371 ], [ -78.724066721847734, 42.609112333333364 ], [ -78.726313725046282, 42.616173333333364 ], [ -78.733990717002271, 42.621031333333363 ], [ -78.736961718143419, 42.626866333333368 ], [ -78.739925712853733, 42.626515333333373 ], [ -78.741892717942022, 42.634285333333366 ], [ -78.740116722537252, 42.635886333333367 ], [ -78.743511721099566, 42.639634333333376 ], [ -78.740796727969368, 42.641990333333368 ], [ -78.754452730985406, 42.655683336595004 ], [ -78.754152737004233, 42.661035336321198 ], [ -78.758931742855253, 42.663482339707087 ], [ -78.758645746325172, 42.66651633943922 ], [ -78.761240750569698, 42.668562341216131 ], [ -78.763043751105556, 42.668000342498424 ], [ -78.765698757439452, 42.67154034422893 ], [ -78.763605758220379, 42.673359342716068 ], [ -78.767484765588648, 42.676831345243649 ], [ -78.766696768792613, 42.679790344586756 ], [ -78.768879771239995, 42.680313346034119 ], [ -78.767579771220369, 42.681111345125451 ], [ -78.782315789898249, 42.685633354655174 ], [ -78.784957799661569, 42.690665355970758 ], [ -78.787283801665865, 42.690571357485538 ], [ -78.78816180669557, 42.693351357796416 ], [ -78.791165810523779, 42.69397735965947 ], [ -78.789489810507192, 42.695014358488066 ], [ -78.791211814441468, 42.696475359438615 ] ] ] } },
{ "type": "Feature", "properties": { "GEOID": "36029015501", "tract_name": "Census Tract 155.01; Erie County; New York", "median_age": 37.9, "median_income": 71809.0, "population_density": 1893.8486543061501, "county": "Erie" }, "geometry": { "type": "Polygon", "coordinates": [ [ [ -79.03995722588958, 42.64755683656756 ], [ -79.019261023931847, 42.647673673238728 ], [ -79.019000955255592, 42.628248687131432 ], [ -79.039568163608863, 42.628068853986811 ], [ -79.03995722588958, 42.64755683656756 ] ] ] } },
{ "type": "Feature", "properties": { "GEOID": "36029008500", "tract_name": "Census Tract 85; Erie County; New York", "median_age": 44.3, "median_income": 92734.0, "population_density": 12155.188584692882, "county": "Erie" }, "geometry": { "type": "Polygon", "coordinates": [ [ [ -78.86997373885751, 42.96224634245219 ], [ -78.853956720077875, 42.96217534124964 ], [ -78.853259723851394, 42.958626341934384 ], [ -78.869474742985233, 42.958683343271318 ], [ -78.86997373885751, 42.96224634245219 ] ] ] } },
{ "type": "Feature", "properties": { "GEOID": "36029011400", "tract_name": "Census Tract 114; Erie County; New York", "median_age": 34.7, "median_income": 58889.0, "population_density": 8045.6178557426601, "county": "Erie" }, "geometry": { "type": "Polygon", "coordinates": [ [ [ -78.800623796782304, 42.845991349029902 ], [ -78.800245781272579, 42.858475347649815 ], [ -78.792853774132055, 42.856005345756699 ], [ -78.793133788632929, 42.844119346870066 ], [ -78.800623796782304, 42.845991349029902 ] ] ] } },
{ "type": "Feature", "properties": { "GEOID": "36029009104", "tract_name": "Census Tract 91.04; Erie County; New York", "median_age": 53.4, "median_income": 116541.0, "population_density": 3678.997327757455, "county": "Erie" }, "geometry": { "type": "Polygon", "coordinates": [ [ [ -78.769387597530326, 42.982161334029591 ], [ -78.766293586142751, 42.989048333692566 ], [ -78.763251582910044, 42.988866333630355 ], [ -78.76171157860577, 42.991130333542458 ], [ -78.739505577063341, 42.991136322085616 ], [ -78.73951859103002, 42.978553322685755 ], [ -78.763931595946516, 42.978066333948512 ], [ -78.764803592094864, 42.982334333859811 ], [ -78.769387597530326, 42.982161334029591 ] ] ] } },
{ "type": "Feature", "properties": { "GEOID": "36063022803", "tract_name": "Census Tract 228.03; Niagara County; New York", "median_age": 52.6, "median_income": 84408.0, "population_density": 3690.0444930048825, "county": "Niagara" }, "geometry": { "type": "Polygon", "coordinates": [ [ [ -78.865865622964279, 43.064032332284036 ], [ -78.85311361369358, 43.064910331640554 ], [ -78.852970616887575, 43.061123331732659 ], [ -78.850738615798718, 43.060601331643532 ], [ -78.850669617535985, 43.058507331698856 ], [ -78.848617617151234, 43.057239331645007 ], [ -78.858497634886021, 43.045462332333763 ], [ -78.865377640365566, 43.045458332571549 ], [ -78.865865622964279, 43.064032332284036 ] ] ] } },
{ "type": "Feature", "properties": { "GEOID": "36063023100", "tract_name": "Census Tract 231; Niagara County; New York", "median_age": 39.7, "median_income": 39489.0, "population_density": 5259.2293859634638, "county": "Niagara" }, "geometry": { "type": "Polygon", "coordinates": [ [ [ -78.886605669809427, 43.034067333312088 ], [ -78.864796645918005, 43.03912933266033 ], [ -78.86172264847967, 43.033593332677057 ], [ -78.875813663851261, 43.030674333062606 ], [ -78.87512866501514, 43.028933333062902 ], [ -78.881327671772198, 43.027888333204068 ], [ -78.883271669022449, 43.032092333232001 ], [ -78.886605669809427, 43.034067333312088 ] ] ] } },
{ "type": "Feature", "properties": { "GEOID": "36065023901", "tract_name": "Census Tract 239.01; Oneida County; New York", "median_age": 45.6, "median_income": 78934.0, "population_density": 965.84478386945705, "county": "Oneida" }, "geometry": { "type": "Polygon", "coordinates": [ [ [ -75.226573268301649, 43.132933900328226 ], [ -75.216908266656517, 43.145667914839372 ], [ -75.210580262201773, 43.143535921046755 ], [ -75.196792249997017, 43.13345693310859 ], [ -75.186312241265838, 43.1283689431799 ], [ -75.158706217979031, 43.11746797085754 ], [ -75.160906218053896, 43.114767967736938 ], [ -75.198307246328383, 43.121967928132698 ], [ -75.226573268301649, 43.132933900328226 ] ] ] } },
{ "type": "Feature", "properties": { "GEOID": "36065023902", "tract_name": "Census Tract 239.02; Oneida County; New York", "median_age": 46.2, "median_income": 104412.0, "population_density": 55.973309843810206, "county": "Oneida" }, "geometry": { "type": "Polygon", "coordinates": [ [ [ -75.216908266656517, 43.145667914839372 ], [ -75.138559280191799, 43.246115022434289 ], [ -75.135043280593834, 43.248349026373162 ], [ -75.125382277374456, 43.247220035563103 ], [ -75.123923276533048, 43.246499036836404 ], [ -75.122684272723745, 43.24104703690125 ], [ -75.113685268863975, 43.239071045356404 ], [ -75.093113256866431, 43.230786064146194 ], [ -75.08256625355537, 43.230797074635362 ], [ -75.073673253919893, 43.234790084115318 ], [ -75.070041251596194, 43.233264087473863 ], [ -75.073787249768856, 43.229504083158041 ], [ -75.072826248182082, 43.227893083859122 ], [ -75.069165246544273, 43.227332087423449 ], [ -75.158706217979031, 43.11746797085754 ], [ -75.186312241265838, 43.1283689431799 ], [ -75.196792249997017, 43.13345693310859 ], [ -75.210580262201773, 43.143535921046755 ], [ -75.216908266656517, 43.145667914839372 ] ] ] } },
{ "type": "Feature", "properties": { "GEOID": "36065024200", "tract_name": "Census Tract 242; Oneida County; New York", "median_age": 47.4, "median_income": 65781.0, "population_density": 61.883086702403617, "county": "Oneida" }, "geometry": { "type": "Polygon", "coordinates": [ [ [ -75.392403448043083, 43.4857697467489 ], [ -75.225255335475595, 43.562210715761047 ], [ -75.211584279183455, 43.473433893704218 ], [ -75.232692281529665, 43.463253894344518 ], [ -75.234645282237949, 43.458330894977507 ], [ -75.233331282229827, 43.457634895249804 ], [ -75.231154281806482, 43.460002895080265 ], [ -75.227820281567205, 43.460148895416012 ], [ -75.226114281961131, 43.455569896525112 ], [ -75.221945281859618, 43.453762897452215 ], [ -75.224353282289215, 43.451427897615297 ], [ -75.219176282696424, 43.443853900108181 ], [ -75.216184284304106, 43.425710905036553 ], [ -75.203925283005162, 43.426852907772776 ], [ -75.201375284183996, 43.410804913272848 ], [ -75.203553284646674, 43.408364913312532 ], [ -75.22210528697731, 43.406176907816786 ], [ -75.363511413974223, 43.396232819558179 ], [ -75.368744419782061, 43.428584799514347 ], [ -75.385454438402604, 43.427188786683509 ], [ -75.392403448043083, 43.4857697467489 ] ] ] } },
{ "type": "Feature", "properties": { "GEOID": "36065023000", "tract_name": "Census Tract 230; Oneida County; New York", "median_age": 41.9, "median_income": 95456.0, "population_density": 137.64761471016408, "county": "Oneida" }, "geometry": { "type": "Polygon", "coordinates": [ [ [ -75.543933464585862, 43.168890851328349 ], [ -75.42181741451283, 43.174267873889811 ], [ -75.369292343928478, 43.114263869558506 ], [ -75.368588340692227, 43.109120868782945 ], [ -75.372775342398299, 43.108171868727936 ], [ -75.376616342149902, 43.104181868263794 ], [ -75.377140340929742, 43.10159186792734 ], [ -75.374974338270647, 43.098890867484052 ], [ -75.378974338683079, 43.096103867258201 ], [ -75.384189337021567, 43.088926866579023 ], [ -75.387177332214932, 43.078575865501818 ], [ -75.459818340045672, 43.046967870474028 ], [ -75.460618355116495, 43.065466870563156 ], [ -75.504083422714302, 43.121030868343979 ], [ -75.543933464585862, 43.168890851328349 ] ] ] } },
{ "type": "Feature", "properties": { "GEOID": "36063023200", "tract_name": "Census Tract 232; Niagara County; New York", "median_age": 39.8, "median_income": 50000.0, "population_density": 3158.7810150516025, "county": "Niagara" }, "geometry": { "type": "Polygon", "coordinates": [ [ [ -78.892059674595927, 43.034054333453263 ], [ -78.887859670143797, 43.034754333344779 ], [ -78.883271669022449, 43.032092333232001 ], [ -78.881327671772198, 43.027888333204068 ], [ -78.87512866501514, 43.028933333062902 ], [ -78.875813663851261, 43.030674333062606 ], [ -78.86172264847967, 43.033593332677057 ], [ -78.861257657996163, 43.022873332878405 ], [ -78.868756664760639, 43.023260333003286 ], [ -78.876250673633393, 43.021556333150244 ], [ -78.879859676789607, 43.021854333207664 ], [ -78.881974676360414, 43.024153333233265 ], [ -78.890159686560636, 43.021954333378957 ], [ -78.892059674595927, 43.034054333453263 ] ] ] } },
{ "type": "Feature", "properties": { "GEOID": "36063023700", "tract_name": "Census Tract 237; Niagara County; New York", "median_age": 35.9, "median_income": 29092.0, "population_density": 5796.2513106062561, "county": "Niagara" }, "geometry": { "type": "Polygon", "coordinates": [ [ [ -78.700732553774216, 43.164801264770531 ], [ -78.696854554616962, 43.167653260494092 ], [ -78.696853552683407, 43.173058260048535 ], [ -78.686252557148237, 43.173795248978749 ], [ -78.685823561057461, 43.164501249254755 ], [ -78.700732553774216, 43.164801264770531 ] ] ] } },
{ "type": "Feature", "properties": { "GEOID": "36063024401", "tract_name": "Census Tract 244.01; Niagara County; New York", "median_age": 50.6, "median_income": 65563.0, "population_density": 2052.3411359954048, "county": "Niagara" }, "geometry": { "type": "Polygon", "coordinates": [ [ [ -79.052918725481035, 43.173994518560455 ], [ -79.052816712079931, 43.179795516842454 ], [ -79.028040609758094, 43.179786437975039 ], [ -79.030127631067074, 43.173706445225946 ], [ -79.026280633292458, 43.164843433511273 ], [ -79.048370727372145, 43.164548505924969 ], [ -79.052918725481035, 43.173994518560455 ] ] ] } },
{ "type": "Feature", "properties": { "GEOID": "36063023800", "tract_name": "Census Tract 238; Niagara County; New York", "median_age": 39.4, "median_income": 51750.0, "population_density": 5678.1457904582903, "county": "Niagara" }, "geometry": { "type": "Polygon", "coordinates": [ [ [ -78.686252557148237, 43.173795248978749 ], [ -78.673698559747962, 43.180515235453726 ], [ -78.662559562906154, 43.183631223705497 ], [ -78.662481564826905, 43.179771223886831 ], [ -78.678498560599635, 43.173812240924931 ], [ -78.677904564991437, 43.164222241020823 ], [ -78.685823561057461, 43.164501249254755 ], [ -78.686252557148237, 43.173795248978749 ] ] ] } },
{ "type": "Feature", "properties": { "GEOID": "36063940001", "tract_name": "Census Tract 9400.01; Niagara County; New York", "median_age": 42.0, "median_income": 36089.0, "population_density": 72.757272827912558, "county": "Niagara" }, "geometry": { "type": "Polygon", "coordinates": [ [ [ -78.998609502141548, 43.175516348164294 ], [ -78.940445497952894, 43.182529340688184 ], [ -78.930163493268225, 43.186998339406983 ], [ -78.930196508118556, 43.176415339067681 ], [ -78.91506250989481, 43.176353337037256 ], [ -78.914721552698254, 43.14336833630734 ], [ -78.971271559165402, 43.143459342474877 ], [ -78.982277527164584, 43.162317345034253 ], [ -78.995481529565495, 43.160922346548567 ], [ -78.998609502141548, 43.175516348164294 ] ] ] } },
{ "type": "Feature", "properties": { "GEOID": "36063024501", "tract_name": "Census Tract 245.01; Niagara County; New York", "median_age": 47.3, "median_income": 84318.0, "population_density": 739.26958205890026, "county": "Niagara" }, "geometry": { "type": "Polygon", "coordinates": [ [ [ -79.056052564000794, 43.253616511105243 ], [ -79.047121530133708, 43.25535748780149 ], [ -79.045921518697952, 43.26484749068068 ], [ -79.036626485975006, 43.264054465191442 ], [ -79.03204847136945, 43.261339450958864 ], [ -79.030399470575404, 43.253478440855396 ], [ -79.031383495438092, 43.240940442035154 ], [ -79.029603534967194, 43.218783439180783 ], [ -79.054275631304961, 43.218434511883558 ], [ -79.052858617717604, 43.22205350684203 ], [ -79.055858592034468, 43.238552511350036 ], [ -79.056052564000794, 43.253616511105243 ] ] ] } },
{ "type": "Feature", "properties": { "GEOID": "36063024502", "tract_name": "Census Tract 245.02; Niagara County; New York", "median_age": 48.7, "median_income": 73239.0, "population_density": 112.70631761039482, "county": "Niagara" }, "geometry": { "type": "Polygon", "coordinates": [ [ [ -79.075855620944211, 43.270166573724488 ], [ -78.999751344964452, 43.284804384524243 ], [ -78.958006362862392, 43.290596380302006 ], [ -78.900763380834448, 43.303753378017653 ], [ -78.901262458614895, 43.22025333564924 ], [ -79.028658528606925, 43.220083436281307 ], [ -79.029603534967194, 43.218783439180783 ], [ -79.031383495438092, 43.240940442035154 ], [ -79.030399470575404, 43.253478440855396 ], [ -79.032355472215713, 43.261728452063792 ], [ -79.036626485975006, 43.264054465191442 ], [ -79.045921518697952, 43.26484749068068 ], [ -79.047121530133708, 43.25535748780149 ], [ -79.056052564000794, 43.253616511105243 ], [ -79.07045260863417, 43.262453555221882 ], [ -79.075855620944211, 43.270166573724488 ] ] ] } },
{ "type": "Feature", "properties": { "GEOID": "36065024301", "tract_name": "Census Tract 243.01; Oneida County; New York", "median_age": 48.5, "median_income": 89821.0, "population_density": 740.52857277042165, "county": "Oneida" }, "geometry": { "type": "Polygon", "coordinates": [ [ [ -75.505770539931277, 43.273148840290581 ], [ -75.498082540790833, 43.277210836950388 ], [ -75.497685541262953, 43.282703831895056 ], [ -75.491212535669547, 43.286400830569221 ], [ -75.491635536550604, 43.289654827429125 ], [ -75.490012535316836, 43.291842825983338 ], [ -75.491497538246435, 43.302101816010421 ], [ -75.466994514688324, 43.303914823960042 ], [ -75.455158503060417, 43.302772829518261 ], [ -75.450919496335189, 43.276667851626648 ], [ -75.505770539931277, 43.273148840290581 ] ] ] } },
{ "type": "Feature", "properties": { "GEOID": "36065023300", "tract_name": "Census Tract 233; Oneida County; New York", "median_age": 36.2, "median_income": 58414.0, "population_density": 3928.032104705861, "county": "Oneida" }, "geometry": { "type": "Polygon", "coordinates": [ [ [ -75.288019299742018, 43.115594869054256 ], [ -75.280084296836719, 43.12023987034808 ], [ -75.266603287704072, 43.11488986864719 ], [ -75.268150287919781, 43.11267286796906 ], [ -75.26137228343309, 43.109727866924977 ], [ -75.265711284275994, 43.104425865324878 ], [ -75.272553288753912, 43.107433866427293 ], [ -75.273663288939048, 43.106093866044617 ], [ -75.277856291725826, 43.107930866691021 ], [ -75.276185291464543, 43.109967867266114 ], [ -75.281152294322837, 43.110548867523832 ], [ -75.279842294104697, 43.11208386795257 ], [ -75.283606296308449, 43.112565868145161 ], [ -75.284206297395471, 43.114870868813867 ], [ -75.288019299742018, 43.115594869054256 ] ] ] } },
{ "type": "Feature", "properties": { "GEOID": "36065023501", "tract_name": "Census Tract 235.01; Oneida County; New York", "median_age": 44.7, "median_income": 108105.0, "population_density": 2065.0111669695948, "county": "Oneida" }, "geometry": { "type": "Polygon", "coordinates": [ [ [ -75.319706310984856, 43.100804865943289 ], [ -75.31529131119693, 43.106815867217655 ], [ -75.310723309791484, 43.109346867729158 ], [ -75.315120314481604, 43.11500886914969 ], [ -75.305744311657634, 43.121065870583436 ], [ -75.30232630960171, 43.12075687050492 ], [ -75.301111308467867, 43.119567870196583 ], [ -75.30280230911255, 43.118755869992114 ], [ -75.300200306774812, 43.116398869368879 ], [ -75.297815305661388, 43.116972869503208 ], [ -75.294044302461373, 43.113877868641673 ], [ -75.294193301603755, 43.111241867930779 ], [ -75.304508302664146, 43.099457865104938 ], [ -75.319358309742171, 43.098290865355203 ], [ -75.319706310984856, 43.100804865943289 ] ] ] } },
{ "type": "Feature", "properties": { "GEOID": "36063022804", "tract_name": "Census Tract 228.04; Niagara County; New York", "median_age": 44.2, "median_income": 94866.0, "population_density": 2332.191356317091, "county": "Niagara" }, "geometry": { "type": "Polygon", "coordinates": [ [ [ -78.865942619066459, 43.06815333222049 ], [ -78.846869607058025, 43.067946331238936 ], [ -78.839583608460558, 43.06012533114707 ], [ -78.831267605120985, 43.056735330911742 ], [ -78.831385613383929, 43.045356331401493 ], [ -78.858497634886021, 43.045462332333763 ], [ -78.848617617151234, 43.057239331645007 ], [ -78.850669617535985, 43.058507331698856 ], [ -78.850738615798718, 43.060601331643532 ], [ -78.852970616887575, 43.061123331732659 ], [ -78.85311361369358, 43.064910331640554 ], [ -78.865865622964279, 43.064032332284036 ], [ -78.865942619066459, 43.06815333222049 ] ] ] } },
{ "type": "Feature", "properties": { "GEOID": "36063023901", "tract_name": "Census Tract 239.01; Niagara County; New York", "median_age": 41.6, "median_income": 81354.0, "population_density": 3120.1019170487725, "county": "Niagara" }, "geometry": { "type": "Polygon", "coordinates": [ [ [ -78.713826551478931, 43.151157279636728 ], [ -78.700787553762879, 43.164757264831536 ], [ -78.680622563633307, 43.164332243846054 ], [ -78.679960570193614, 43.149559244266626 ], [ -78.683144568437498, 43.149658247597884 ], [ -78.683289567868172, 43.150857247658116 ], [ -78.713826551478931, 43.151157279636728 ] ] ] } },
{ "type": "Feature", "properties": { "GEOID": "36063023902", "tract_name": "Census Tract 239.02; Niagara County; New York", "median_age": 43.2, "median_income": 54175.0, "population_density": 3495.1600825873547, "county": "Niagara" }, "geometry": { "type": "Polygon", "coordinates": [ [ [ -78.680622563633307, 43.164332243846054 ], [ -78.677904564991437, 43.164222241020823 ], [ -78.678498560599635, 43.173812240924931 ], [ -78.662481564826905, 43.179771223886831 ], [ -78.663075577611181, 43.153008226325554 ], [ -78.680151568307195, 43.153788244148622 ], [ -78.680622563633307, 43.164332243846054 ] ] ] } },
{ "type": "Feature", "properties": { "GEOID": "36063024101", "tract_name": "Census Tract 241.01; Niagara County; New York", "median_age": 49.1, "median_income": 90625.0, "population_density": 68.686817724824053, "county": "Niagara" }, "geometry": { "type": "Polygon", "coordinates": [ [ [ -78.636639552493733, 43.219328194856246 ], [ -78.636472534607194, 43.249779192949831 ], [ -78.634654514301104, 43.265395206059196 ], [ -78.63505545985052, 43.306339246164903 ], [ -78.466429510627023, 43.302773097622278 ], [ -78.460416617637421, 43.216220028225031 ], [ -78.473159609813194, 43.216135037031314 ], [ -78.472929604634089, 43.221854036329681 ], [ -78.479659600207071, 43.22185404110931 ], [ -78.480091604919068, 43.216747041772656 ], [ -78.483852603185269, 43.216137044410885 ], [ -78.619006558308783, 43.217769176957255 ], [ -78.636639552493733, 43.219328194856246 ] ] ] } },
{ "type": "Feature", "properties": { "GEOID": "36063024301", "tract_name": "Census Tract 243.01; Niagara County; New York", "median_age": 46.6, "median_income": 55139.0, "population_density": 1363.9531594520367, "county": "Niagara" }, "geometry": { "type": "Polygon", "coordinates": [ [ [ -78.836130396857541, 43.31718237304441 ], [ -78.835661393312634, 43.32095337570663 ], [ -78.820460397516612, 43.322753373322023 ], [ -78.820463407305013, 43.313330366495599 ], [ -78.81756340853002, 43.31333336581045 ], [ -78.817563413340366, 43.308743362494774 ], [ -78.819563412975015, 43.308253362607289 ], [ -78.81826241354149, 43.308258362307456 ], [ -78.818262416764682, 43.305176360079521 ], [ -78.821362415255436, 43.305289360877424 ], [ -78.821361414004272, 43.306497361753216 ], [ -78.822261415656939, 43.304510360519686 ], [ -78.824161414790453, 43.3045193609641 ], [ -78.824270423436516, 43.296052354830778 ], [ -78.825975422725193, 43.295951355139415 ], [ -78.825960424658177, 43.294066353762645 ], [ -78.831961421767076, 43.294053355089588 ], [ -78.827960420758913, 43.296953356315818 ], [ -78.828130412918654, 43.304599361937242 ], [ -78.833848404586305, 43.310371367494668 ], [ -78.834015398709113, 43.316197371813537 ], [ -78.836130396857541, 43.31718237304441 ] ] ] } },
{ "type": "Feature", "properties": { "GEOID": "36055014003", "tract_name": "Census Tract 140.03; Monroe County; New York", "median_age": 46.1, "median_income": 70000.0, "population_density": 4699.1691124514946, "county": "Monroe" }, "geometry": { "type": "Polygon", "coordinates": [ [ [ -77.695788338158948, 43.212026937796232 ], [ -77.696801322589337, 43.223690936891344 ], [ -77.677783328206317, 43.223656894482652 ], [ -77.677683349145198, 43.208456899760591 ], [ -77.679212350369937, 43.207173903509073 ], [ -77.693613342252007, 43.209473933792125 ], [ -77.695788338158948, 43.212026937796232 ] ] ] } },
{ "type": "Feature", "properties": { "GEOID": "36055000200", "tract_name": "Census Tract 2; Monroe County; New York", "median_age": 30.6, "median_income": 37517.0, "population_density": 4300.8891670910152, "county": "Monroe" }, "geometry": { "type": "Polygon", "coordinates": [ [ [ -77.635832422171617, 43.170230831439959 ], [ -77.629004425460053, 43.170260818018207 ], [ -77.624762433224603, 43.166632811964227 ], [ -77.62291343301105, 43.167356807907403 ], [ -77.622441429013605, 43.170039805274925 ], [ -77.62194643374626, 43.167196806125595 ], [ -77.613083448821996, 43.160590793388202 ], [ -77.62018345374878, 43.15513981052451 ], [ -77.632824434836095, 43.162959829798872 ], [ -77.633945431683514, 43.164636830984662 ], [ -77.632415432472925, 43.164629828028168 ], [ -77.635832422171617, 43.170230831439959 ] ] ] } },
{ "type": "Feature", "properties": { "GEOID": "36063940100", "tract_name": "Census Tract 9401; Niagara County; New York", "median_age": null, "median_income": null, "population_density": 0.0, "county": "Niagara" }, "geometry": { "type": "Polygon", "coordinates": [ [ [ -78.491646737860009, 43.083953053662206 ], [ -78.491405729800803, 43.091541053378897 ], [ -78.476050726519489, 43.091576049487564 ], [ -78.476018722190801, 43.096120049097323 ], [ -78.467410720618616, 43.096136046777453 ], [ -78.46739472473341, 43.09152804730001 ], [ -78.464306724093888, 43.091512046520172 ], [ -78.464449726580838, 43.088701046906806 ], [ -78.468010728281328, 43.087721047883029 ], [ -78.46515772914718, 43.085966047413216 ], [ -78.472145735022195, 43.081495049482911 ], [ -78.471725732572239, 43.084024049140595 ], [ -78.474640734501122, 43.082786049912031 ], [ -78.474091732722215, 43.084524049631952 ], [ -78.47564773141282, 43.086328049833625 ], [ -78.481621735406932, 43.083776051401713 ], [ -78.481766733893608, 43.085344051334225 ], [ -78.484871733861553, 43.086153052010111 ], [ -78.489143738528171, 43.082678053143518 ], [ -78.491646737860009, 43.083953053662206 ] ] ] } },
{ "type": "Feature", "properties": { "GEOID": "36063023001", "tract_name": "Census Tract 230.01; Niagara County; New York", "median_age": 39.4, "median_income": 49615.0, "population_density": 5324.8389547186989, "county": "Niagara" }, "geometry": { "type": "Polygon", "coordinates": [ [ [ -78.892217670199628, 43.038030333471816 ], [ -78.875163649361738, 43.044277332920664 ], [ -78.872471654499108, 43.037001332912773 ], [ -78.892059674595927, 43.034054333453263 ], [ -78.892217670199628, 43.038030333471816 ] ] ] } },
{ "type": "Feature", "properties": { "GEOID": "36055003300", "tract_name": "Census Tract 33; Monroe County; New York", "median_age": 48.9, "median_income": null, "population_density": 10627.813705529015, "county": "Monroe" }, "geometry": { "type": "Polygon", "coordinates": [ [ [ -77.604937485735277, 43.140704792226757 ], [ -77.600202483832774, 43.143553781495676 ], [ -77.601117481313068, 43.144751782277098 ], [ -77.599855481240184, 43.14523777959549 ], [ -77.59475548973802, 43.141937772785731 ], [ -77.597527496024099, 43.137187781459218 ], [ -77.604937485735277, 43.140704792226757 ] ] ] } },
{ "type": "Feature", "properties": { "GEOID": "36055013902", "tract_name": "Census Tract 139.02; Monroe County; New York", "median_age": 33.7, "median_income": 52242.0, "population_density": 8476.4885729089037, "county": "Monroe" }, "geometry": { "type": "Polygon", "coordinates": [ [ [ -77.659293346164404, 43.214965857187742 ], [ -77.65376534413241, 43.217581843838651 ], [ -77.648845352449101, 43.213013835327097 ], [ -77.642466358439037, 43.210439822824334 ], [ -77.647221366672056, 43.203811836524487 ], [ -77.658484361417806, 43.204597860166935 ], [ -77.659293346164404, 43.214965857187742 ] ] ] } },
{ "type": "Feature", "properties": { "GEOID": "36055007100", "tract_name": "Census Tract 71; Monroe County; New York", "median_age": 44.5, "median_income": 56084.0, "population_density": 11283.104824563285, "county": "Monroe" }, "geometry": { "type": "Polygon", "coordinates": [ [ [ -77.650954466709535, 43.134989878592833 ], [ -77.644263470823688, 43.13500086663241 ], [ -77.642081487748712, 43.124655868320843 ], [ -77.644599487703459, 43.123583873254908 ], [ -77.650870478691047, 43.126894882458615 ], [ -77.650954466709535, 43.134989878592833 ] ] ] } },
{ "type": "Feature", "properties": { "GEOID": "36055012100", "tract_name": "Census Tract 121; Monroe County; New York", "median_age": 45.1, "median_income": 62205.0, "population_density": 4518.9208880420783, "county": "Monroe" }, "geometry": { "type": "Polygon", "coordinates": [ [ [ -77.502756610112741, 43.109231645682662 ], [ -77.497570597403026, 43.119639625129359 ], [ -77.479822647564134, 43.117755606178008 ], [ -77.478351654167483, 43.116181606675426 ], [ -77.479314656729741, 43.113312611928293 ], [ -77.484172641840559, 43.114660615710477 ], [ -77.487399645221601, 43.108395628032561 ], [ -77.483640656501663, 43.107352625272199 ], [ -77.485934650443539, 43.107548627553861 ], [ -77.486132656380846, 43.10407363254285 ], [ -77.47948667554445, 43.102410627721277 ], [ -77.479450680935813, 43.099406631980273 ], [ -77.48336167226212, 43.099051636553675 ], [ -77.481920671868565, 43.101177632060171 ], [ -77.48342666798888, 43.101319633455439 ], [ -77.486113666202442, 43.098789639773983 ], [ -77.488656653551658, 43.102302637668465 ], [ -77.487542652187344, 43.104475633523727 ], [ -77.502756610112741, 43.109231645682662 ] ] ] } },
{ "type": "Feature", "properties": { "GEOID": "36055015301", "tract_name": "Census Tract 153.01; Monroe County; New York", "median_age": 19.8, "median_income": 19250.0, "population_density": 6545.3111238273113, "county": "Monroe" }, "geometry": { "type": "Polygon", "coordinates": [ [ [ -77.962139379905935, 43.211634088145622 ], [ -77.957134378431221, 43.211661087354322 ], [ -77.95709037097653, 43.214496084996561 ], [ -77.948071367701459, 43.214861083424857 ], [ -77.947317371529863, 43.213286084563244 ], [ -77.942545371294358, 43.212871084181685 ], [ -77.942882377141942, 43.210588085995141 ], [ -77.947806382281556, 43.209133087924748 ], [ -77.949336392175269, 43.205459091107805 ], [ -77.957722394650915, 43.205556092522798 ], [ -77.957123380570479, 43.21084508802943 ], [ -77.962139379905935, 43.211634088145622 ] ] ] } },
{ "type": "Feature", "properties": { "GEOID": "36055004800", "tract_name": "Census Tract 48; Monroe County; New York", "median_age": 25.4, "median_income": 31420.0, "population_density": 13222.173513952102, "county": "Monroe" }, "geometry": { "type": "Polygon", "coordinates": [ [ [ -77.613699412154659, 43.183169779166342 ], [ -77.610993413209002, 43.183255773619329 ], [ -77.611220407888538, 43.186480771839918 ], [ -77.599577412333446, 43.186811747788326 ], [ -77.59934841819414, 43.18334474993366 ], [ -77.608120414837302, 43.183033767949887 ], [ -77.608023417731744, 43.181284768995951 ], [ -77.610864416612898, 43.181189774796245 ], [ -77.613669414471488, 43.181738780081822 ], [ -77.613699412154659, 43.183169779166342 ] ] ] } },
{ "type": "Feature", "properties": { "GEOID": "36055000700", "tract_name": "Census Tract 7; Monroe County; New York", "median_age": 30.7, "median_income": 32969.0, "population_density": 7845.1065052071717, "county": "Monroe" }, "geometry": { "type": "Polygon", "coordinates": [ [ [ -77.619604422951625, 43.17473079664736 ], [ -77.606525428455541, 43.175139770384654 ], [ -77.598814431773889, 43.175325754917537 ], [ -77.600820438338346, 43.170794762289212 ], [ -77.607462434701347, 43.171043775168805 ], [ -77.607509432109254, 43.172617774138857 ], [ -77.617224430171433, 43.170912794458694 ], [ -77.617361426457379, 43.173197793211344 ], [ -77.619490425537492, 43.173136797462092 ], [ -77.619604422951625, 43.17473079664736 ] ] ] } },
{ "type": "Feature", "properties": { "GEOID": "36055001300", "tract_name": "Census Tract 13; Monroe County; New York", "median_age": 22.0, "median_income": 23393.0, "population_density": 12010.10868985374, "county": "Monroe" }, "geometry": { "type": "Polygon", "coordinates": [ [ [ -77.612524429974698, 43.17244978415895 ], [ -77.607509432109254, 43.172617774138857 ], [ -77.607462434701347, 43.171043775168805 ], [ -77.600820438338346, 43.170794762289212 ], [ -77.602049443079096, 43.167563767097519 ], [ -77.610556439392184, 43.167223783920754 ], [ -77.612524429974698, 43.17244978415895 ] ] ] } },
{ "type": "Feature", "properties": { "GEOID": "36063024303", "tract_name": "Census Tract 243.03; Niagara County; New York", "median_age": 46.4, "median_income": 97741.0, "population_density": 144.19599505532665, "county": "Niagara" }, "geometry": { "type": "Polygon", "coordinates": [ [ [ -78.884931561422434, 43.132164333082642 ], [ -78.885462465078191, 43.220353333004276 ], [ -78.754781519728894, 43.21929731122566 ], [ -78.754813535873112, 43.133269319901459 ], [ -78.884931561422434, 43.132164333082642 ] ] ] } },
{ "type": "Feature", "properties": { "GEOID": "36055001800", "tract_name": "Census Tract 18; Monroe County; New York", "median_age": 35.6, "median_income": 44775.0, "population_density": 2772.4165709040171, "county": "Monroe" }, "geometry": { "type": "Polygon", "coordinates": [ [ [ -77.701632366698533, 43.188346956222418 ], [ -77.66664637067305, 43.195970881191649 ], [ -77.660461374062621, 43.195309868549764 ], [ -77.660303360175121, 43.205002863868742 ], [ -77.647221366672056, 43.203811836524487 ], [ -77.642466358439037, 43.210439822824334 ], [ -77.645489356587234, 43.210988829079739 ], [ -77.64524634673424, 43.21763782506752 ], [ -77.63614534973577, 43.217549805092929 ], [ -77.639389354492124, 43.213736814339867 ], [ -77.638816379850454, 43.197153822317311 ], [ -77.645332377327421, 43.197141835992653 ], [ -77.645277382224322, 43.193878837587349 ], [ -77.649023380703852, 43.193888845379135 ], [ -77.649042402364728, 43.179251852813856 ], [ -77.661040396977953, 43.179197876932015 ], [ -77.660679386237945, 43.186781872817093 ], [ -77.666862371943651, 43.195012882042064 ], [ -77.701632366698533, 43.188346956222418 ] ] ] } },
{ "type": "Feature", "properties": { "GEOID": "36055001900", "tract_name": "Census Tract 19; Monroe County; New York", "median_age": 40.3, "median_income": 35515.0, "population_density": 3621.9411567398051, "county": "Monroe" }, "geometry": { "type": "Polygon", "coordinates": [ [ [ -77.64533237845535, 43.196386836388122 ], [ -77.638816379850454, 43.197153822317311 ], [ -77.638664366912622, 43.205713817229039 ], [ -77.626685370779271, 43.20598879141702 ], [ -77.621125383731368, 43.199060783975803 ], [ -77.619678392229289, 43.194057784189432 ], [ -77.620488394340157, 43.192520786872251 ], [ -77.628787387697287, 43.19462180281473 ], [ -77.638862384846774, 43.193849824251437 ], [ -77.645330380856961, 43.194779837225695 ], [ -77.64533237845535, 43.196386836388122 ] ] ] } },
{ "type": "Feature", "properties": { "GEOID": "36055001000", "tract_name": "Census Tract 10; Monroe County; New York", "median_age": 31.2, "median_income": 50545.0, "population_density": 6504.7693558799056, "county": "Monroe" }, "geometry": { "type": "Polygon", "coordinates": [ [ [ -77.594114467036462, 43.155665760908668 ], [ -77.591619460328019, 43.160433752413603 ], [ -77.585157461317891, 43.161832738891206 ], [ -77.56967348436855, 43.153354716797217 ], [ -77.571697490036669, 43.149508724031271 ], [ -77.594114467036462, 43.155665760908668 ] ] ] } },
{ "type": "Feature", "properties": { "GEOID": "36055002000", "tract_name": "Census Tract 20; Monroe County; New York", "median_age": 27.6, "median_income": 39773.0, "population_density": 9252.1737883891092, "county": "Monroe" }, "geometry": { "type": "Polygon", "coordinates": [ [ [ -77.649029387671348, 43.189180847770594 ], [ -77.649023380703852, 43.193888845379135 ], [ -77.645330380856961, 43.194779837225695 ], [ -77.628787387697287, 43.19462180281473 ], [ -77.620488394340157, 43.192520786872251 ], [ -77.627225402537377, 43.185509805156414 ], [ -77.628201409112236, 43.181014809886818 ], [ -77.62969940854822, 43.180944812950436 ], [ -77.631743407634602, 43.180941817074235 ], [ -77.629874394031305, 43.19025680770531 ], [ -77.649029387671348, 43.189180847770594 ] ] ] } },
{ "type": "Feature", "properties": { "GEOID": "36055002200", "tract_name": "Census Tract 22; Monroe County; New York", "median_age": 34.8, "median_income": 34375.0, "population_density": 16566.413854045441, "county": "Monroe" }, "geometry": { "type": "Polygon", "coordinates": [ [ [ -77.649041401167565, 43.180060852403109 ], [ -77.647392398166417, 43.182581847790424 ], [ -77.638847401931287, 43.18259683047981 ], [ -77.638875397844174, 43.185281829043319 ], [ -77.634871399561064, 43.185293820874847 ], [ -77.634887403493337, 43.182722822388541 ], [ -77.631591404952616, 43.182722815712339 ], [ -77.632827409601902, 43.179347820194963 ], [ -77.649041401167565, 43.180060852403109 ] ] ] } },
{ "type": "Feature", "properties": { "GEOID": "36055002300", "tract_name": "Census Tract 23; Monroe County; New York", "median_age": 31.9, "median_income": 18523.0, "population_density": 8490.924610929811, "county": "Monroe" }, "geometry": { "type": "Polygon", "coordinates": [ [ [ -77.647842402897908, 43.179260850399437 ], [ -77.632827409601902, 43.179347820194963 ], [ -77.632835407144015, 43.180941819276399 ], [ -77.628201409112236, 43.181014809886818 ], [ -77.628201418464442, 43.175006813548919 ], [ -77.62292842689692, 43.171231805472424 ], [ -77.62291343301105, 43.167356807907403 ], [ -77.624762433224603, 43.166632811964227 ], [ -77.626845427837011, 43.16941381430172 ], [ -77.63220142389423, 43.170263824292739 ], [ -77.631179418095982, 43.174337819863815 ], [ -77.639977414624099, 43.173879837567576 ], [ -77.647842402897908, 43.179260850399437 ] ] ] } },
{ "type": "Feature", "properties": { "GEOID": "36055002400", "tract_name": "Census Tract 24; Monroe County; New York", "median_age": 31.0, "median_income": 29664.0, "population_density": 9211.3074920896597, "county": "Monroe" }, "geometry": { "type": "Polygon", "coordinates": [ [ [ -77.648734418143945, 43.168695857544904 ], [ -77.649042402364728, 43.179251852813856 ], [ -77.639977414624099, 43.173879837567576 ], [ -77.631179418095982, 43.174337819863815 ], [ -77.630781419478836, 43.173565819534943 ], [ -77.632212418757248, 43.173591822352599 ], [ -77.63220142389423, 43.170263824292739 ], [ -77.638749422620123, 43.16899683785315 ], [ -77.648734418143945, 43.168695857544904 ] ] ] } },
{ "type": "Feature", "properties": { "GEOID": "36055002700", "tract_name": "Census Tract 27; Monroe County; New York", "median_age": 46.4, "median_income": 31056.0, "population_density": 8355.1814941859247, "county": "Monroe" }, "geometry": { "type": "Polygon", "coordinates": [ [ [ -77.632880458996041, 43.147247839115884 ], [ -77.632827456444303, 43.148924838034574 ], [ -77.627165456104251, 43.151197826126342 ], [ -77.622000458950282, 43.151220816464509 ], [ -77.619924467452819, 43.146592815599384 ], [ -77.632880458996041, 43.147247839115884 ] ] ] } },
{ "type": "Feature", "properties": { "GEOID": "36055002900", "tract_name": "Census Tract 29; Monroe County; New York", "median_age": 30.5, "median_income": 48693.0, "population_density": 12395.324366231564, "county": "Monroe" }, "geometry": { "type": "Polygon", "coordinates": [ [ [ -77.597271475531841, 43.149553771547389 ], [ -77.594411467913943, 43.155047761951231 ], [ -77.580016482038218, 43.15141573787681 ], [ -77.582951489981212, 43.14585374801171 ], [ -77.587736485107058, 43.147091755815779 ], [ -77.586293481168454, 43.149878750866925 ], [ -77.589877478236531, 43.150417757105494 ], [ -77.59251848444687, 43.145858765620979 ], [ -77.597271475531841, 43.149553771547389 ] ] ] } },
{ "type": "Feature", "properties": { "GEOID": "36055003200", "tract_name": "Census Tract 32; Monroe County; New York", "median_age": 37.3, "median_income": 22885.0, "population_density": 6765.6585006060295, "county": "Monroe" }, "geometry": { "type": "Polygon", "coordinates": [ [ [ -77.615126477436021, 43.14208980978772 ], [ -77.609330466029533, 43.15121479280247 ], [ -77.602722473839648, 43.148715782301473 ], [ -77.599855481240184, 43.14523777959549 ], [ -77.601117481313068, 43.144751782277098 ], [ -77.600202483832774, 43.143553781495676 ], [ -77.603887484135072, 43.142057789331396 ], [ -77.604909480391413, 43.143969789805212 ], [ -77.61125747700315, 43.143770801570454 ], [ -77.613274480065115, 43.141137807064396 ], [ -77.615126477436021, 43.14208980978772 ] ] ] } },
{ "type": "Feature", "properties": { "GEOID": "36055003400", "tract_name": "Census Tract 34; Monroe County; New York", "median_age": 33.3, "median_income": 66198.0, "population_density": 9123.6015647257591, "county": "Monroe" }, "geometry": { "type": "Polygon", "coordinates": [ [ [ -77.614526483719359, 43.138399811196116 ], [ -77.61125747700315, 43.143770801570454 ], [ -77.604909480391413, 43.143969789805212 ], [ -77.605001485897347, 43.140582792431466 ], [ -77.603742487277628, 43.140200790426405 ], [ -77.60594748817141, 43.138849795397462 ], [ -77.608152496278763, 43.133059803489814 ], [ -77.61363949043141, 43.134563812213933 ], [ -77.614526483719359, 43.138399811196116 ] ] ] } },
{ "type": "Feature", "properties": { "GEOID": "36055003500", "tract_name": "Census Tract 35; Monroe County; New York", "median_age": 60.1, "median_income": 78929.0, "population_density": 6268.1774150114616, "county": "Monroe" }, "geometry": { "type": "Polygon", "coordinates": [ [ [ -77.610883499300598, 43.130141810374354 ], [ -77.60594748817141, 43.138849795397462 ], [ -77.603742487277628, 43.140200790426405 ], [ -77.597527496024099, 43.137187781459218 ], [ -77.600835493874342, 43.137268787345448 ], [ -77.601880496418104, 43.13534479065062 ], [ -77.599057499585925, 43.134485786250707 ], [ -77.601112505515843, 43.130135793158324 ], [ -77.60640350379191, 43.129135803201692 ], [ -77.610883499300598, 43.130141810374354 ] ] ] } },
{ "type": "Feature", "properties": { "GEOID": "36063024302", "tract_name": "Census Tract 243.02; Niagara County; New York", "median_age": 47.2, "median_income": 100673.0, "population_density": 88.409581734652576, "county": "Niagara" }, "geometry": { "type": "Polygon", "coordinates": [ [ [ -78.901262458614895, 43.22025333564924 ], [ -78.900763380834448, 43.303753378017653 ], [ -78.835661393312634, 43.32095337570663 ], [ -78.836161397071436, 43.316953372883269 ], [ -78.834015398709113, 43.316197371813537 ], [ -78.833848404586305, 43.310371367494668 ], [ -78.828130412918654, 43.304599361937242 ], [ -78.827960420758913, 43.296953356315818 ], [ -78.831961421767076, 43.294053355089588 ], [ -78.825960424658177, 43.294066353762645 ], [ -78.825975422725193, 43.295951355139415 ], [ -78.824270423436516, 43.296052354830778 ], [ -78.824161414790453, 43.3045193609641 ], [ -78.822261415656939, 43.304510360519686 ], [ -78.821361414004272, 43.306497361753216 ], [ -78.821362415255436, 43.305289360877424 ], [ -78.818262416764682, 43.305176360079521 ], [ -78.81826241354149, 43.308258362307456 ], [ -78.819563412975015, 43.308253362607289 ], [ -78.817563413340366, 43.308743362494774 ], [ -78.81756340853002, 43.31333336581045 ], [ -78.820463407305013, 43.313330366495599 ], [ -78.820460397516612, 43.322753373322023 ], [ -78.754358405733925, 43.337053366852153 ], [ -78.754781519728894, 43.21929731122566 ], [ -78.901262458614895, 43.22025333564924 ] ] ] } },
{ "type": "Feature", "properties": { "GEOID": "36055006100", "tract_name": "Census Tract 61; Monroe County; New York", "median_age": 43.0, "median_income": 82391.0, "population_density": 4283.2485979050025, "county": "Monroe" }, "geometry": { "type": "Polygon", "coordinates": [ [ [ -77.552470477304681, 43.162368675569461 ], [ -77.550094470044101, 43.166976666388855 ], [ -77.537852475237017, 43.167470642032299 ], [ -77.535741468257271, 43.171709633372245 ], [ -77.533429473273841, 43.169660631037345 ], [ -77.538917493598419, 43.157438654705551 ], [ -77.548961488961183, 43.157038674181699 ], [ -77.548030486214302, 43.158793670641721 ], [ -77.5516014824086, 43.159834676413737 ], [ -77.550808480173217, 43.161276673460854 ], [ -77.552470477304681, 43.162368675569461 ] ] ] } },
{ "type": "Feature", "properties": { "GEOID": "36055014102", "tract_name": "Census Tract 141.02; Monroe County; New York", "median_age": 48.6, "median_income": 81412.0, "population_density": 1705.3293359455276, "county": "Monroe" }, "geometry": { "type": "Polygon", "coordinates": [ [ [ -77.701499366716021, 43.188376955941997 ], [ -77.701198354399551, 43.198025952967242 ], [ -77.693613342252007, 43.209473933792125 ], [ -77.660341361044985, 43.20438886422545 ], [ -77.660461374062621, 43.195309868549764 ], [ -77.66664637067305, 43.195970881191649 ], [ -77.701499366716021, 43.188376955941997 ] ] ] } },
{ "type": "Feature", "properties": { "GEOID": "36055002100", "tract_name": "Census Tract 21; Monroe County; New York", "median_age": 26.2, "median_income": 43542.0, "population_density": 10696.870154305179, "county": "Monroe" }, "geometry": { "type": "Polygon", "coordinates": [ [ [ -77.649039399954532, 43.180880851984782 ], [ -77.649029387671348, 43.189180847770594 ], [ -77.629874394031305, 43.19025680770531 ], [ -77.631591404952616, 43.182722815712339 ], [ -77.634887403493337, 43.182722822388541 ], [ -77.634871399561064, 43.185293820874847 ], [ -77.638875397844174, 43.185281829043319 ], [ -77.638847401931287, 43.18259683047981 ], [ -77.647392398166417, 43.182581847790424 ], [ -77.647369400694743, 43.180887848613906 ], [ -77.649039399954532, 43.180880851984782 ] ] ] } },
{ "type": "Feature", "properties": { "GEOID": "36055013401", "tract_name": "Census Tract 134.01; Monroe County; New York", "median_age": 34.1, "median_income": 51795.0, "population_density": 2144.5044406963693, "county": "Monroe" }, "geometry": { "type": "Polygon", "coordinates": [ [ [ -77.656931307155105, 43.265573828408328 ], [ -77.657001308980682, 43.268165827353783 ], [ -77.652182309765422, 43.267615816596368 ], [ -77.643118320248419, 43.27867379135968 ], [ -77.620444318662578, 43.269042743606974 ], [ -77.624296315429007, 43.266188753321131 ], [ -77.615847312938584, 43.260685735553622 ], [ -77.615509307791669, 43.254332736605797 ], [ -77.617900306307419, 43.253123742570644 ], [ -77.617711308554888, 43.255829741319324 ], [ -77.619311308215174, 43.255829745058399 ], [ -77.620308305752104, 43.253047748249749 ], [ -77.635151305810666, 43.257075781609224 ], [ -77.656931307155105, 43.265573828408328 ] ] ] } },
{ "type": "Feature", "properties": { "GEOID": "36055009500", "tract_name": "Census Tract 95; Monroe County; New York", "median_age": 33.7, "median_income": 46667.0, "population_density": 9023.2797049401888, "county": "Monroe" }, "geometry": { "type": "Polygon", "coordinates": [ [ [ -77.624684447406395, 43.157621817463642 ], [ -77.621081451063844, 43.156527811324004 ], [ -77.61824645829374, 43.152947808313712 ], [ -77.609330466029533, 43.15121479280247 ], [ -77.615126477436021, 43.14208980978772 ], [ -77.621494464556363, 43.147853817684663 ], [ -77.622000458950282, 43.151220816464509 ], [ -77.624617457507355, 43.1512098213597 ], [ -77.624684447406395, 43.157621817463642 ] ] ] } },
{ "type": "Feature", "properties": { "GEOID": "36055007500", "tract_name": "Census Tract 75; Monroe County; New York", "median_age": 38.0, "median_income": 29792.0, "population_density": 7494.0687284864862, "county": "Monroe" }, "geometry": { "type": "Polygon", "coordinates": [ [ [ -77.655815451037498, 43.143694883174803 ], [ -77.655799441928508, 43.149958880192521 ], [ -77.652283443899208, 43.149963873644751 ], [ -77.652551441528018, 43.151476873405805 ], [ -77.638874445279782, 43.154024846424051 ], [ -77.638892448754149, 43.151728847734567 ], [ -77.637519449511601, 43.151732845164204 ], [ -77.637201452348819, 43.149986845555013 ], [ -77.655815451037498, 43.143694883174803 ] ] ] } },
{ "type": "Feature", "properties": { "GEOID": "36055004702", "tract_name": "Census Tract 47.02; Monroe County; New York", "median_age": 30.1, "median_income": 43542.0, "population_density": 7717.4284553482821, "county": "Monroe" }, "geometry": { "type": "Polygon", "coordinates": [ [ [ -77.616293408971799, 43.18444378357394 ], [ -77.615337398488833, 43.191240777048698 ], [ -77.599884403774936, 43.191887744603122 ], [ -77.599577412333446, 43.186811747788326 ], [ -77.611220407888538, 43.186480771839918 ], [ -77.610993413209002, 43.183255773619329 ], [ -77.616293408971799, 43.18444378357394 ] ] ] } },
{ "type": "Feature", "properties": { "GEOID": "36055012201", "tract_name": "Census Tract 122.01; Monroe County; New York", "median_age": 21.2, "median_income": 138523.0, "population_density": 1699.6317234385845, "county": "Monroe" }, "geometry": { "type": "Polygon", "coordinates": [ [ [ -77.545962576527302, 43.110761715745838 ], [ -77.538633556356331, 43.124212689311832 ], [ -77.485655621466108, 43.123637605098381 ], [ -77.48603262807741, 43.119513611233884 ], [ -77.489151615555386, 43.121789611970328 ], [ -77.488795621671784, 43.119046615229784 ], [ -77.48706562675757, 43.118759613520815 ], [ -77.497570597403026, 43.119639625129359 ], [ -77.502815610290412, 43.109122645915306 ], [ -77.499856614498952, 43.108211642228781 ], [ -77.511623628448589, 43.096803675207987 ], [ -77.519309622614529, 43.096811687462314 ], [ -77.540542588463396, 43.10644171124757 ], [ -77.545962576527302, 43.110761715745838 ] ] ] } },
{ "type": "Feature", "properties": { "GEOID": "36055005400", "tract_name": "Census Tract 54; Monroe County; New York", "median_age": 33.1, "median_income": 69087.0, "population_density": 12672.486813429612, "county": "Monroe" }, "geometry": { "type": "Polygon", "coordinates": [ [ [ -77.578709448675497, 43.171034718616461 ], [ -77.576176441575939, 43.175802709486256 ], [ -77.557342449345384, 43.176378671433987 ], [ -77.559884456927946, 43.171525681119491 ], [ -77.571682451736166, 43.171233704616377 ], [ -77.574017455258016, 43.168581711547397 ], [ -77.574105450675617, 43.171168709442185 ], [ -77.578709448675497, 43.171034718616461 ] ] ] } },
{ "type": "Feature", "properties": { "GEOID": "36055010902", "tract_name": "Census Tract 109.02; Monroe County; New York", "median_age": 36.1, "median_income": 46250.0, "population_density": 3110.6799015098445, "county": "Monroe" }, "geometry": { "type": "Polygon", "coordinates": [ [ [ -77.561769398476983, 43.203498654713741 ], [ -77.54339440263233, 43.204882614152815 ], [ -77.534508414925071, 43.200102600323191 ], [ -77.543091416611347, 43.197457621193799 ], [ -77.544420426009879, 43.192135629459088 ], [ -77.554201427731968, 43.189007652796747 ], [ -77.560309433476334, 43.184404669730526 ], [ -77.561769398476983, 43.203498654713741 ] ] ] } },
{ "type": "Feature", "properties": { "GEOID": "36055011604", "tract_name": "Census Tract 116.04; Monroe County; New York", "median_age": 49.8, "median_income": 119097.0, "population_density": 1263.806814801344, "county": "Monroe" }, "geometry": { "type": "Polygon", "coordinates": [ [ [ -77.525782508365211, 43.153432634257065 ], [ -77.523430504865146, 43.155903627035968 ], [ -77.511659515758367, 43.153620607496165 ], [ -77.484902568633004, 43.153538562801863 ], [ -77.484914583746161, 43.145281574238332 ], [ -77.491244563868932, 43.145868582594872 ], [ -77.494021563233844, 43.141964591705218 ], [ -77.491434583600579, 43.135282596906251 ], [ -77.492269585332807, 43.133155600843182 ], [ -77.498610563545469, 43.135134606823392 ], [ -77.501631570699161, 43.129143619068081 ], [ -77.50620656736443, 43.129349626856929 ], [ -77.506159563608676, 43.131239624467938 ], [ -77.51122156468891, 43.129085635991004 ], [ -77.516994556451138, 43.131402643433113 ], [ -77.516989519110183, 43.150422621245227 ], [ -77.522255520002048, 43.148444633314945 ], [ -77.523222517318018, 43.149544633859378 ], [ -77.521117516311634, 43.150670628655355 ], [ -77.52104651306999, 43.152354626593429 ], [ -77.523398514667662, 43.150859632695429 ], [ -77.525782508365211, 43.153432634257065 ] ] ] } },
{ "type": "Feature", "properties": { "GEOID": "36055003000", "tract_name": "Census Tract 30; Monroe County; New York", "median_age": 31.1, "median_income": 54398.0, "population_density": 12856.632866061842, "county": "Monroe" }, "geometry": { "type": "Polygon", "coordinates": [ [ [ -77.600141478640197, 43.146704779020951 ], [ -77.597669476521858, 43.148825772842471 ], [ -77.586192494283324, 43.14224375693788 ], [ -77.596658487795651, 43.142425775877449 ], [ -77.600141478640197, 43.146704779020951 ] ] ] } },
{ "type": "Feature", "properties": { "GEOID": "36055007801", "tract_name": "Census Tract 78.01; Monroe County; New York", "median_age": 33.5, "median_income": 86676.0, "population_density": 7008.4832432268813, "county": "Monroe" }, "geometry": { "type": "Polygon", "coordinates": [ [ [ -77.575113498680636, 43.143470735667272 ], [ -77.56967348436855, 43.153354716797217 ], [ -77.554420504234272, 43.147072694291907 ], [ -77.555704507723121, 43.1447536989185 ], [ -77.575113498680636, 43.143470735667272 ] ] ] } },
{ "type": "Feature", "properties": { "GEOID": "36055011000", "tract_name": "Census Tract 110; Monroe County; New York", "median_age": 45.4, "median_income": 85393.0, "population_density": 2052.0674428957627, "county": "Monroe" }, "geometry": { "type": "Polygon", "coordinates": [ [ [ -77.560631439454156, 43.181012673600016 ], [ -77.560309433476334, 43.184404669730526 ], [ -77.557955432989729, 43.18523966414007 ], [ -77.557977430252706, 43.186743662739616 ], [ -77.544362425934807, 43.192188629284345 ], [ -77.543091416611347, 43.197457621193799 ], [ -77.531159416215957, 43.200091593260396 ], [ -77.525221411761095, 43.20356057681429 ], [ -77.522321426042595, 43.196760578385742 ], [ -77.521321447857247, 43.185760588878466 ], [ -77.526593464326524, 43.176039610505654 ], [ -77.531970459411511, 43.177298619843477 ], [ -77.557342449345384, 43.176378671433987 ], [ -77.560631439454156, 43.181012673600016 ] ] ] } },
{ "type": "Feature", "properties": { "GEOID": "36055013203", "tract_name": "Census Tract 132.03; Monroe County; New York", "median_age": 44.2, "median_income": 85206.0, "population_density": 2209.5184031774484, "county": "Monroe" }, "geometry": { "type": "Polygon", "coordinates": [ [ [ -77.618775625815545, 43.047477878569403 ], [ -77.607743601526465, 43.068704848578442 ], [ -77.568257635185134, 43.068868790979067 ], [ -77.579416661929713, 43.047928825100044 ], [ -77.618775625815545, 43.047477878569403 ] ] ] } },
{ "type": "Feature", "properties": { "GEOID": "36065025700", "tract_name": "Census Tract 257; Oneida County; New York", "median_age": 48.1, "median_income": 76048.0, "population_density": 79.205550833617707, "county": "Oneida" }, "geometry": { "type": "Polygon", "coordinates": [ [ [ -75.444173289381965, 42.933087769255458 ], [ -75.313994257480019, 42.935404695588751 ], [ -75.307983246426033, 42.869370540179339 ], [ -75.437167277820365, 42.863317659726995 ], [ -75.444173289381965, 42.933087769255458 ] ] ] } },
{ "type": "Feature", "properties": { "GEOID": "36065025800", "tract_name": "Census Tract 258; Oneida County; New York", "median_age": 37.7, "median_income": 51048.0, "population_density": 58.814521092739312, "county": "Oneida" }, "geometry": { "type": "Polygon", "coordinates": [ [ [ -75.313994257480019, 42.935404695588751 ], [ -75.207362190554065, 42.940572740260613 ], [ -75.20144416590955, 42.880662609443533 ], [ -75.242745223022951, 42.877867519607122 ], [ -75.247963229384666, 42.871602492536255 ], [ -75.307983246426033, 42.869370540179339 ], [ -75.313994257480019, 42.935404695588751 ] ] ] } },
{ "type": "Feature", "properties": { "GEOID": "36065024900", "tract_name": "Census Tract 249; Oneida County; New York", "median_age": 45.0, "median_income": 80491.0, "population_density": 138.45873100570572, "county": "Oneida" }, "geometry": { "type": "Polygon", "coordinates": [ [ [ -75.641822445381521, 43.090309781046017 ], [ -75.640561446184961, 43.095629784161943 ], [ -75.575384422742758, 43.092862824411178 ], [ -75.506068425259571, 43.123450867175499 ], [ -75.460618355116495, 43.065466870563156 ], [ -75.459115319758823, 43.021766870337515 ], [ -75.550924366238775, 43.020409831581823 ], [ -75.552774378716734, 43.037552832027053 ], [ -75.596879404748435, 43.035397794750189 ], [ -75.598700406972554, 43.037904793935816 ], [ -75.598254409263504, 43.043764795965444 ], [ -75.607896418608945, 43.053286791180206 ], [ -75.60647441838637, 43.054645792707902 ], [ -75.60175241574504, 43.054325796254538 ], [ -75.600861416595066, 43.057441797853656 ], [ -75.596806413423337, 43.055026800268976 ], [ -75.591500410927452, 43.055689804525258 ], [ -75.591304412998795, 43.060312805871028 ], [ -75.588690412200847, 43.061388808102599 ], [ -75.588580411203097, 43.059437807699126 ], [ -75.585812409699827, 43.05924280974002 ], [ -75.585222413965596, 43.068389812353693 ], [ -75.580127411523378, 43.068256816005665 ], [ -75.579723414528615, 43.074336817620726 ], [ -75.586472418275278, 43.075946813275401 ], [ -75.586861420581144, 43.080298814061635 ], [ -75.59181642239021, 43.079831810568848 ], [ -75.592750423922084, 43.08230781058473 ], [ -75.5998724260578, 43.080653805312011 ], [ -75.607614430082094, 43.082865800753964 ], [ -75.611328431152373, 43.08178879790605 ], [ -75.610947429499788, 43.077813796859225 ], [ -75.607490427743741, 43.077049799000328 ], [ -75.61877043235782, 43.076533791012636 ], [ -75.619194432014851, 43.074983790164801 ], [ -75.623408433305912, 43.073287786587365 ], [ -75.628470435815871, 43.074206783376276 ], [ -75.631067437698334, 43.076849782608605 ], [ -75.635975439257038, 43.074799778355469 ], [ -75.635709439652743, 43.076768779360066 ], [ -75.640013441891938, 43.078464777108827 ], [ -75.641740443382062, 43.081788777375223 ], [ -75.638778442234099, 43.081964779449912 ], [ -75.641822445381521, 43.090309781046017 ] ] ] } },
{ "type": "Feature", "properties": { "GEOID": "36065025001", "tract_name": "Census Tract 250.01; Oneida County; New York", "median_age": 52.6, "median_income": 57157.0, "population_density": 241.18408880198902, "county": "Oneida" }, "geometry": { "type": "Polygon", "coordinates": [ [ [ -75.392015326254892, 43.065338864362815 ], [ -75.389556330067052, 43.073280865055565 ], [ -75.390572332829052, 43.077059865563406 ], [ -75.387177332214932, 43.078575865501818 ], [ -75.384189337021567, 43.088926866579023 ], [ -75.378974338683079, 43.096103867258201 ], [ -75.375300338215624, 43.098504867442301 ], [ -75.361246322084838, 43.081667864215135 ], [ -75.361420321071748, 43.079623863897197 ], [ -75.351497314688245, 43.075992862587803 ], [ -75.340395306444393, 43.069156860442554 ], [ -75.304517277768525, 43.034576848655242 ], [ -75.302910273010227, 43.023467845583951 ], [ -75.327610280035643, 43.022163849217044 ], [ -75.325085272466964, 43.006654845398209 ], [ -75.32827727318211, 43.006374845931248 ], [ -75.337898277743164, 43.010682848581922 ], [ -75.351986286893265, 43.021057852937112 ], [ -75.356047297309317, 43.038708856592372 ], [ -75.358549299722128, 43.041630857410915 ], [ -75.363184302418546, 43.04356785831483 ], [ -75.360558305636104, 43.051388859254487 ], [ -75.368291310061807, 43.054046860527052 ], [ -75.362015310103089, 43.058675860585232 ], [ -75.371127317828098, 43.06592686256031 ], [ -75.371288315929817, 43.062423862067021 ], [ -75.377768313380642, 43.05340786147179 ], [ -75.386572319531936, 43.057959862984902 ], [ -75.392015326254892, 43.065338864362815 ] ] ] } },
{ "type": "Feature", "properties": { "GEOID": "36065025003", "tract_name": "Census Tract 250.03; Oneida County; New York", "median_age": 20.8, "median_income": 133125.0, "population_density": 228.9585114189646, "county": "Oneida" }, "geometry": { "type": "Polygon", "coordinates": [ [ [ -75.459818340045672, 43.046967870474028 ], [ -75.390572332829052, 43.077059865563406 ], [ -75.390508332715115, 43.076920865543052 ], [ -75.389556330067052, 43.073280865055565 ], [ -75.392015326254892, 43.065338864362815 ], [ -75.390726323231021, 43.061286863787181 ], [ -75.395966317356581, 43.048500862955542 ], [ -75.391602315645514, 43.048375862427612 ], [ -75.392341312395942, 43.042662861882469 ], [ -75.395645311705195, 43.039664861987255 ], [ -75.391729308964813, 43.037445861221968 ], [ -75.395785307064216, 43.032176861218922 ], [ -75.397624303155268, 43.025019860753702 ], [ -75.396970300431292, 43.021016860238781 ], [ -75.400339300604003, 43.019696860657241 ], [ -75.400466288422336, 43.00056785881376 ], [ -75.458065301667787, 42.996183864817283 ], [ -75.459818340045672, 43.046967870474028 ] ] ] } },
{ "type": "Feature", "properties": { "GEOID": "36065025100", "tract_name": "Census Tract 251; Oneida County; New York", "median_age": 51.5, "median_income": 77625.0, "population_density": 3056.1062426085778, "county": "Oneida" }, "geometry": { "type": "Polygon", "coordinates": [ [ [ -75.298571291335264, 43.076897858959754 ], [ -75.293373289947809, 43.079583859317403 ], [ -75.290126287497912, 43.076788858325095 ], [ -75.288204286938694, 43.077684858438126 ], [ -75.283208282607248, 43.071347856260566 ], [ -75.278000279818201, 43.069679855345925 ], [ -75.277490278455204, 43.066014854213066 ], [ -75.283045280429974, 43.064900854387673 ], [ -75.284123280144343, 43.06266685384535 ], [ -75.288012281784106, 43.0627758542443 ], [ -75.285610281124391, 43.063767854299222 ], [ -75.293128285547695, 43.06745385600076 ], [ -75.297848289460447, 43.072664857788844 ], [ -75.298571291335264, 43.076897858959754 ] ] ] } },
{ "type": "Feature", "properties": { "GEOID": "36065025200", "tract_name": "Census Tract 252; Oneida County; New York", "median_age": 62.2, "median_income": 57844.0, "population_density": 914.44730066679733, "county": "Oneida" }, "geometry": { "type": "Polygon", "coordinates": [ [ [ -75.370168332708303, 43.0933038664921 ], [ -75.304508302664146, 43.099457865104938 ], [ -75.304139301239246, 43.096226864270896 ], [ -75.309976301856494, 43.090429863086868 ], [ -75.307246300621884, 43.090664863010083 ], [ -75.297793293999234, 43.085134861082587 ], [ -75.293056291706264, 43.084970860762347 ], [ -75.292122290717614, 43.083407860279962 ], [ -75.306455295107767, 43.077476859669055 ], [ -75.328154302144739, 43.071297859872736 ], [ -75.34191230754314, 43.070082860748691 ], [ -75.351497314688245, 43.075992862587803 ], [ -75.361420321071748, 43.079623863897197 ], [ -75.361246322084838, 43.081667864215135 ], [ -75.370168332708303, 43.0933038664921 ] ] ] } },
{ "type": "Feature", "properties": { "GEOID": "36065025300", "tract_name": "Census Tract 253; Oneida County; New York", "median_age": 41.0, "median_income": 111591.0, "population_density": 871.04672340951197, "county": "Oneida" }, "geometry": { "type": "Polygon", "coordinates": [ [ [ -75.34191230754314, 43.070082860748691 ], [ -75.328154302144739, 43.071297859872736 ], [ -75.306455295107767, 43.077476859669055 ], [ -75.292122290717614, 43.083407860279962 ], [ -75.292208290112882, 43.081570859782666 ], [ -75.295296291214768, 43.080663859736667 ], [ -75.293373289947809, 43.079583859317403 ], [ -75.298571291335264, 43.076897858959754 ], [ -75.297848289460447, 43.072664857788844 ], [ -75.293128285547695, 43.06745385600076 ], [ -75.285610281124391, 43.063767854299222 ], [ -75.288012281784106, 43.0627758542443 ], [ -75.284123280144343, 43.06266685384535 ], [ -75.283045280429974, 43.064900854387673 ], [ -75.277490278455204, 43.066014854213066 ], [ -75.273267267263321, 43.034710844307888 ], [ -75.264703260323927, 43.020153838473632 ], [ -75.30204127051752, 43.017568843926817 ], [ -75.304517277768525, 43.034576848655242 ], [ -75.34191230754314, 43.070082860748691 ] ] ] } },
{ "type": "Feature", "properties": { "GEOID": "36065025400", "tract_name": "Census Tract 254; Oneida County; New York", "median_age": 51.2, "median_income": 100932.0, "population_density": 552.51418514327111, "county": "Oneida" }, "geometry": { "type": "Polygon", "coordinates": [ [ [ -75.278000279818201, 43.069679855345925 ], [ -75.275723278579591, 43.068840854904181 ], [ -75.275112277097065, 43.064846853648746 ], [ -75.27190627564525, 43.064469853240844 ], [ -75.271611276973374, 43.069366854717479 ], [ -75.263652275547472, 43.076619856371359 ], [ -75.260753273956908, 43.075541855812482 ], [ -75.257412272860591, 43.077068856070127 ], [ -75.250110269093483, 43.075068854865407 ], [ -75.252909268883926, 43.069167853082554 ], [ -75.247908265449155, 43.067267854621939 ], [ -75.246708264729918, 43.068367856391042 ], [ -75.244907262583354, 43.065770857609714 ], [ -75.232656256552488, 43.079981876492944 ], [ -75.220426243834879, 43.0706918876689 ], [ -75.216244239726549, 43.068686891904491 ], [ -75.214646238912451, 43.070120894199938 ], [ -75.211367235907986, 43.069233897737867 ], [ -75.213355237423244, 43.068899895326901 ], [ -75.207002230953009, 43.065572901718554 ], [ -75.219106236636208, 43.052467883546647 ], [ -75.216006223663072, 43.022767878083052 ], [ -75.264703260323927, 43.020153838473632 ], [ -75.273267267263321, 43.034710844307888 ], [ -75.278000279818201, 43.069679855345925 ] ] ] } },
{ "type": "Feature", "properties": { "GEOID": "36067015800", "tract_name": "Census Tract 158; Onondaga County; New York", "median_age": 41.6, "median_income": 88485.0, "population_density": 123.56622642170136, "county": "Onondaga" }, "geometry": { "type": "Polygon", "coordinates": [ [ [ -76.179556420511943, 42.911017528730753 ], [ -76.131834404317601, 42.913223551066984 ], [ -76.134107423535113, 42.941852568336664 ], [ -76.104804413066447, 42.943136578046051 ], [ -76.107521438014885, 42.981178597197086 ], [ -76.058434419595145, 42.983585604971516 ], [ -76.057017408397513, 42.965954599661245 ], [ -76.059286409230197, 42.96584159915507 ], [ -76.048341339032476, 42.855727571121442 ], [ -76.162472374407287, 42.850379490321885 ], [ -76.164936396098881, 42.882097512953059 ], [ -76.173879399036579, 42.881750507655376 ], [ -76.175757414361328, 42.903856524575325 ], [ -76.179064415468986, 42.903705522898562 ], [ -76.179556420511943, 42.911017528730753 ] ] ] } },
{ "type": "Feature", "properties": { "GEOID": "36067016001", "tract_name": "Census Tract 160.01; Onondaga County; New York", "median_age": 52.1, "median_income": 82225.0, "population_density": 105.23108979269486, "county": "Onondaga" }, "geometry": { "type": "Polygon", "coordinates": [ [ [ -76.288064541239365, 42.983942537204939 ], [ -76.270750521384258, 42.983915556625149 ], [ -76.253852505327572, 42.988596580875864 ], [ -76.209271489416395, 42.99618759699672 ], [ -76.20638547747005, 42.98034258229179 ], [ -76.187847470587769, 42.981260585797749 ], [ -76.191236468627977, 42.976295580952979 ], [ -76.17672646323085, 42.97695958386678 ], [ -76.176170458365988, 42.969963578254756 ], [ -76.184079461336864, 42.96968557651504 ], [ -76.179064415468986, 42.903705522898562 ], [ -76.280960470659366, 42.899015450400917 ], [ -76.288064541239365, 42.983942537204939 ] ] ] } },
{ "type": "Feature", "properties": { "GEOID": "36067016002", "tract_name": "Census Tract 160.02; Onondaga County; New York", "median_age": 49.4, "median_income": 105353.0, "population_density": 408.45873574459631, "county": "Onondaga" }, "geometry": { "type": "Polygon", "coordinates": [ [ [ -76.291745581416208, 43.028365535839903 ], [ -76.273511559839719, 43.029162554241687 ], [ -76.270041545028604, 43.01598156578207 ], [ -76.227291509840654, 43.012197592050597 ], [ -76.225754494752735, 42.99406359351196 ], [ -76.270750521384258, 42.983915556625149 ], [ -76.288064541239365, 42.983942537204939 ], [ -76.291745581416208, 43.028365535839903 ] ] ] } },
{ "type": "Feature", "properties": { "GEOID": "36067016100", "tract_name": "Census Tract 161; Onondaga County; New York", "median_age": 41.8, "median_income": 107396.0, "population_density": 459.08421865469199, "county": "Onondaga" }, "geometry": { "type": "Polygon", "coordinates": [ [ [ -76.1359474399014, 42.966211583482625 ], [ -76.131721445865338, 42.978140591835796 ], [ -76.133871452951638, 42.98783159766802 ], [ -76.124867449502801, 42.988187598913825 ], [ -76.126158463357712, 43.004696604284639 ], [ -76.122231468937926, 43.010414602676406 ], [ -76.125267473762946, 43.013395601383479 ], [ -76.110249469287027, 43.01415660263531 ], [ -76.104804413066447, 42.943136578046051 ], [ -76.134107423535113, 42.941852568336664 ], [ -76.1359474399014, 42.966211583482625 ] ] ] } },
{ "type": "Feature", "properties": { "GEOID": "36055990000", "tract_name": "Census Tract 9900; Monroe County; New York", "median_age": null, "median_income": null, "population_density": 0.0, "county": "Monroe" }, "geometry": { "type": "Polygon", "coordinates": [ [ [ -77.995503327329374, 43.366262981421379 ], [ -77.993982385726326, 43.631231984557132 ], [ -77.387995991495586, 43.631540660777183 ], [ -77.377199908306324, 43.375782303692077 ], [ -77.37604686981615, 43.276770200240264 ], [ -77.391484806042584, 43.276893234036578 ], [ -77.414458706686347, 43.270143278914432 ], [ -77.421174679362124, 43.271162294604153 ], [ -77.430744638520551, 43.269858314966278 ], [ -77.445427571886285, 43.263366343962019 ], [ -77.480820413631818, 43.254363421254844 ], [ -77.501180328463533, 43.251548468108645 ], [ -77.533831346161321, 43.236394559632124 ], [ -77.549804341893378, 43.236574596096183 ], [ -77.564448331387496, 43.240433626121451 ], [ -77.601089314876717, 43.259073701740931 ], [ -77.598017318548912, 43.262517693871715 ], [ -77.598913319652155, 43.264028695611962 ], [ -77.602663315223538, 43.259884705208037 ], [ -77.620444318662578, 43.269042743606974 ], [ -77.651243320306818, 43.281815808147527 ], [ -77.685009324214363, 43.302949870774434 ], [ -77.711323327061933, 43.323771912221737 ], [ -77.748888321101717, 43.342877972364725 ], [ -77.828074320533872, 43.345009979772193 ], [ -77.84537932221194, 43.349281978006523 ], [ -77.874797322674411, 43.351261979306557 ], [ -77.904093325254408, 43.358096977186122 ], [ -77.922344325308671, 43.358863978528667 ], [ -77.97594632954582, 43.370675976352317 ], [ -77.995503327329374, 43.366262981421379 ] ] ] } },
{ "type": "Feature", "properties": { "GEOID": "36055980100", "tract_name": "Census Tract 9801; Monroe County; New York", "median_age": 68.6, "median_income": null, "population_density": 18.374392135900298, "county": "Monroe" }, "geometry": { "type": "Polygon", "coordinates": [ [ [ -77.588257339728969, 43.232295687811202 ], [ -77.574489320401227, 43.245373645020962 ], [ -77.564448331387496, 43.240433626121451 ], [ -77.549804341893378, 43.236574596096183 ], [ -77.551517345361574, 43.234457602130412 ], [ -77.551785357342368, 43.227895609251867 ], [ -77.546592358488525, 43.228054597397382 ], [ -77.547149360389355, 43.226945599777785 ], [ -77.5549623584768, 43.226790617483779 ], [ -77.553765364882096, 43.223472618053655 ], [ -77.555522364752449, 43.223260622177179 ], [ -77.563419355082331, 43.227355635951348 ], [ -77.571825353991642, 43.226641655492351 ], [ -77.571651345186339, 43.23166265062023 ], [ -77.588257339728969, 43.232295687811202 ] ] ] } },
{ "type": "Feature", "properties": { "GEOID": "36055012401", "tract_name": "Census Tract 124.01; Monroe County; New York", "median_age": 41.4, "median_income": 80050.0, "population_density": 647.7272265632381, "county": "Monroe" }, "geometry": { "type": "Polygon", "coordinates": [ [ [ -77.635022904444995, 42.9444618553974 ], [ -77.617809802576502, 42.975457878175192 ], [ -77.618489835571168, 42.967155868533084 ], [ -77.58137688254665, 42.96745083193175 ], [ -77.570969888270085, 42.969240823493813 ], [ -77.570934936149328, 42.958244811612737 ], [ -77.574038962091194, 42.951288807033713 ], [ -77.57395999382156, 42.943990799019403 ], [ -77.635022904444995, 42.9444618553974 ] ] ] } },
{ "type": "Feature", "properties": { "GEOID": "36055012402", "tract_name": "Census Tract 124.02; Monroe County; New York", "median_age": 48.5, "median_income": 143066.0, "population_density": 171.10288917081553, "county": "Monroe" }, "geometry": { "type": "Polygon", "coordinates": [ [ [ -77.618489835571168, 42.967155868533084 ], [ -77.617809802576502, 42.975457878175192 ], [ -77.586760679250602, 43.033765846591749 ], [ -77.485418786107815, 43.034561727588851 ], [ -77.482518108289881, 42.943161732044935 ], [ -77.57395999382156, 42.943990799019403 ], [ -77.574038962091194, 42.951288807033713 ], [ -77.570934936149328, 42.958244811612737 ], [ -77.570969888270085, 42.969240823493813 ], [ -77.58137688254665, 42.96745083193175 ], [ -77.591713865408877, 42.968329843240042 ], [ -77.612930843458514, 42.96699486280415 ], [ -77.618489835571168, 42.967155868533084 ] ] ] } },
{ "type": "Feature", "properties": { "GEOID": "36065025500", "tract_name": "Census Tract 255; Oneida County; New York", "median_age": 40.9, "median_income": 93261.0, "population_density": 137.12822423587014, "county": "Oneida" }, "geometry": { "type": "Polygon", "coordinates": [ [ [ -75.327610280035643, 43.022163849217044 ], [ -75.302910273010227, 43.023467845583951 ], [ -75.30204127051752, 43.017568843926817 ], [ -75.216006223663072, 43.022767878083052 ], [ -75.207362190554065, 42.940572740260613 ], [ -75.303048254808019, 42.935665689716991 ], [ -75.316518260566511, 42.952428735341861 ], [ -75.327610280035643, 43.022163849217044 ] ] ] } },
{ "type": "Feature", "properties": { "GEOID": "36067016801", "tract_name": "Census Tract 168.01; Onondaga County; New York", "median_age": 52.6, "median_income": 104042.0, "population_density": 47.616960394574676, "county": "Onondaga" }, "geometry": { "type": "Polygon", "coordinates": [ [ [ -76.400314590503129, 42.892416312692795 ], [ -76.309001498040871, 42.896250416655398 ], [ -76.30361748257053, 42.883329408221606 ], [ -76.293368462493248, 42.870681405320013 ], [ -76.28171544333658, 42.860816406951756 ], [ -76.249042396732918, 42.840484419042355 ], [ -76.249922393587823, 42.835580412870385 ], [ -76.247365391969041, 42.834474413573624 ], [ -76.246285389624248, 42.831630411237178 ], [ -76.244925389704321, 42.832384413123478 ], [ -76.24406338814623, 42.830558411776586 ], [ -76.237754384982793, 42.828982414995558 ], [ -76.231907378165985, 42.821893412142416 ], [ -76.226347374839548, 42.819675414398219 ], [ -76.226101373807538, 42.818292413182476 ], [ -76.200057366126316, 42.819319435753492 ], [ -76.196565334936622, 42.774699398433633 ], [ -76.274673370996865, 42.771255314416791 ], [ -76.275348378328644, 42.780468324007693 ], [ -76.298770420282679, 42.807458329284763 ], [ -76.354665506515559, 42.847962314052218 ], [ -76.385680554138219, 42.867640301910285 ], [ -76.393875570816078, 42.877341303482396 ], [ -76.400314590503129, 42.892416312692795 ] ] ] } },
{ "type": "Feature", "properties": { "GEOID": "36067010100", "tract_name": "Census Tract 101; Onondaga County; New York", "median_age": 45.3, "median_income": 98355.0, "population_density": 525.0395378539863, "county": "Onondaga" }, "geometry": { "type": "Polygon", "coordinates": [ [ [ -76.069503691432331, 43.177674574966346 ], [ -76.071635722840469, 43.199865569396771 ], [ -76.063306726863928, 43.200651574171793 ], [ -76.057578728919594, 43.200696577556386 ], [ -76.055386727382839, 43.199166579095007 ], [ -76.053414731464713, 43.201424579912079 ], [ -76.051991730919127, 43.200735580859693 ], [ -76.053414732068518, 43.201824579851319 ], [ -76.052619733907434, 43.202855580170123 ], [ -76.046131735144144, 43.20215958414213 ], [ -76.034954728569915, 43.195500591492625 ], [ -76.032031722237534, 43.190917593621656 ], [ -76.023653723259358, 43.18994559843928 ], [ -76.011817719605816, 43.185578605298716 ], [ -76.007646712208924, 43.180465607762784 ], [ -76.002787711825164, 43.179467610400032 ], [ -76.003633707907113, 43.177293609991267 ], [ -76.005744708171164, 43.177772608858589 ], [ -76.003941706914389, 43.176755609839404 ], [ -76.002285709693368, 43.178137610692062 ], [ -76.002586712094981, 43.179594610505561 ], [ -75.991917710988943, 43.183477617535011 ], [ -75.989609701646245, 43.17922361905854 ], [ -75.99263569581629, 43.173847616901249 ], [ -75.990028689501543, 43.171525618600114 ], [ -75.988447689764598, 43.172614619678939 ], [ -75.986032685750487, 43.171552621252673 ], [ -75.983084686344995, 43.173704623306243 ], [ -75.981510683372591, 43.172777624315408 ], [ -75.979478678200451, 43.17069662555339 ], [ -75.98100867497034, 43.167702624386578 ], [ -75.978099672146229, 43.167604626273864 ], [ -75.978661668790366, 43.16509362575804 ], [ -75.974380662050123, 43.16317362836503 ], [ -75.977439658966688, 43.159398626178927 ], [ -75.977068655967955, 43.157644626295919 ], [ -75.971511647267832, 43.154924629499533 ], [ -75.974493649793359, 43.154983627689703 ], [ -76.003550698714577, 43.171869610146331 ], [ -76.013199698165963, 43.172920605116218 ], [ -76.028510703946878, 43.178833596658599 ], [ -76.069503691432331, 43.177674574966346 ] ] ] } },
{ "type": "Feature", "properties": { "GEOID": "36067005300", "tract_name": "Census Tract 53; Onondaga County; New York", "median_age": 35.3, "median_income": 25121.0, "population_density": 7633.4964746250089, "county": "Onondaga" }, "geometry": { "type": "Polygon", "coordinates": [ [ [ -76.153828504479506, 43.03141459106066 ], [ -76.150668509211926, 43.036382589494465 ], [ -76.142757506235753, 43.035707591015566 ], [ -76.141493498789828, 43.029671593532555 ], [ -76.142133497419735, 43.028338593956121 ], [ -76.152059499395406, 43.027395592974472 ], [ -76.153828504479506, 43.03141459106066 ] ] ] } },
{ "type": "Feature", "properties": { "GEOID": "36067000300", "tract_name": "Census Tract 3; Onondaga County; New York", "median_age": 36.8, "median_income": 70042.0, "population_density": 7059.9618265062563, "county": "Onondaga" }, "geometry": { "type": "Polygon", "coordinates": [ [ [ -76.156069561465202, 43.081710569486148 ], [ -76.147386564114825, 43.084794570673779 ], [ -76.142261559417776, 43.081192573534274 ], [ -76.139159560446217, 43.082339573961107 ], [ -76.149094555187176, 43.076868573386449 ], [ -76.156069561465202, 43.081710569486148 ] ] ] } },
{ "type": "Feature", "properties": { "GEOID": "36067002300", "tract_name": "Census Tract 23; Onondaga County; New York", "median_age": 36.7, "median_income": 22656.0, "population_density": 7010.2849936484381, "county": "Onondaga" }, "geometry": { "type": "Polygon", "coordinates": [ [ [ -76.154816530496589, 43.054289581328511 ], [ -76.152556533619006, 43.057460580484822 ], [ -76.146948535299018, 43.059869580729547 ], [ -76.141501530820889, 43.056926583064275 ], [ -76.145217529448416, 43.055109582986987 ], [ -76.145606524945649, 43.051157584466353 ], [ -76.154816530496589, 43.054289581328511 ] ] ] } },
{ "type": "Feature", "properties": { "GEOID": "36067015000", "tract_name": "Census Tract 150; Onondaga County; New York", "median_age": 40.2, "median_income": 110298.0, "population_density": 736.66304767546364, "county": "Onondaga" }, "geometry": { "type": "Polygon", "coordinates": [ [ [ -76.037176489866255, 43.044031606730854 ], [ -76.012226482039921, 43.043037611249574 ], [ -76.008511484557673, 43.045091611837364 ], [ -76.005510492832101, 43.050415612247612 ], [ -75.993257501337524, 43.056217615153848 ], [ -75.969532508013046, 43.061239622255187 ], [ -75.958328504874331, 43.059530625364168 ], [ -75.959154485248149, 43.045340623354399 ], [ -75.96461247700735, 43.039795621431537 ], [ -75.977804467789824, 43.034662618133225 ], [ -75.976743452058756, 43.024259617665791 ], [ -76.00518445758658, 43.029634612826413 ], [ -76.036019465013169, 43.028438608591905 ], [ -76.037176489866255, 43.044031606730854 ] ] ] } },
{ "type": "Feature", "properties": { "GEOID": "36067015400", "tract_name": "Census Tract 154; Onondaga County; New York", "median_age": 40.9, "median_income": 91234.0, "population_density": 1085.341308003118, "county": "Onondaga" }, "geometry": { "type": "Polygon", "coordinates": [ [ [ -76.040700570031575, 43.094934600072882 ], [ -75.996054565438129, 43.094306614446488 ], [ -75.996976563078405, 43.092726614073044 ], [ -75.995435562287327, 43.092549614691201 ], [ -75.995427559678987, 43.090994614688043 ], [ -75.991514556543521, 43.089818616216874 ], [ -75.995240551009246, 43.085850614737822 ], [ -75.990815548886431, 43.085273616402553 ], [ -75.991558543598288, 43.081940616066063 ], [ -75.994663542043369, 43.080572614921351 ], [ -75.991809535622153, 43.077061615895616 ], [ -75.996526534546703, 43.075874614246395 ], [ -75.997801538058525, 43.07780661379843 ], [ -76.000700534686246, 43.075525612866059 ], [ -75.996831526214407, 43.07090161414385 ], [ -75.999851521892396, 43.068116613179697 ], [ -75.999412502201125, 43.056616613425383 ], [ -76.001119497470057, 43.053704613062919 ], [ -76.010889509200425, 43.059493610830806 ], [ -76.038494519162228, 43.062529604412212 ], [ -76.040700570031575, 43.094934600072882 ] ] ] } },
{ "type": "Feature", "properties": { "GEOID": "36067011402", "tract_name": "Census Tract 114.02; Onondaga County; New York", "median_age": 41.8, "median_income": 106250.0, "population_density": 94.593534402595211, "county": "Onondaga" }, "geometry": { "type": "Polygon", "coordinates": [ [ [ -76.486303959148415, 43.143221347247255 ], [ -76.48122795505904, 43.145884350825447 ], [ -76.473066943399132, 43.146015356110325 ], [ -76.479225050981597, 43.227517359301395 ], [ -76.344632839541845, 43.232668408143923 ], [ -76.344582838375658, 43.231523408570951 ], [ -76.324213806189491, 43.23230641563881 ], [ -76.316117790531649, 43.229426419859173 ], [ -76.307541777906735, 43.230786422381982 ], [ -76.303473769592443, 43.228769424864602 ], [ -76.308040772268257, 43.223435425713845 ], [ -76.314279779268858, 43.220085424812737 ], [ -76.324226794438076, 43.219343421137673 ], [ -76.321364752285319, 43.177686440372852 ], [ -76.334730774870692, 43.180273432128907 ], [ -76.345124790702783, 43.180362426559554 ], [ -76.354728809924183, 43.185187419883718 ], [ -76.360384818929347, 43.185577416843273 ], [ -76.360741808697568, 43.174574420002223 ], [ -76.364585806133519, 43.166118420343381 ], [ -76.363403799545907, 43.161213422475491 ], [ -76.371355810139889, 43.160055418048834 ], [ -76.375890812450947, 43.155713416431162 ], [ -76.38755683382567, 43.15984140838021 ], [ -76.392374844499045, 43.163266404805448 ], [ -76.402305857717181, 43.161853399191031 ], [ -76.40811487026879, 43.165547395198644 ], [ -76.411354873479155, 43.164058393517848 ], [ -76.41576787441241, 43.158893391559509 ], [ -76.42794988509462, 43.152350384741759 ], [ -76.43183888117467, 43.143764382900748 ], [ -76.435750884163937, 43.141402380476016 ], [ -76.438388879546721, 43.13396237908163 ], [ -76.436545866092104, 43.124356380856405 ], [ -76.438993861492762, 43.117253379419616 ], [ -76.423215822995388, 43.102241392573433 ], [ -76.42434881968515, 43.097842392088708 ], [ -76.435821833713632, 43.096502382923354 ], [ -76.457658880615085, 43.111381365487951 ], [ -76.471862894780756, 43.106829354395025 ], [ -76.476125922593184, 43.125064352505717 ], [ -76.486303959148415, 43.143221347247255 ] ] ] } },
{ "type": "Feature", "properties": { "GEOID": "36067016802", "tract_name": "Census Tract 168.02; Onondaga County; New York", "median_age": 42.6, "median_income": 84773.0, "population_density": 77.324244418667675, "county": "Onondaga" }, "geometry": { "type": "Polygon", "coordinates": [ [ [ -76.309001498040871, 42.896250416655398 ], [ -76.280858469447168, 42.897512448835037 ], [ -76.280960470659366, 42.899015450400917 ], [ -76.175757414361328, 42.903856524575325 ], [ -76.173879399036579, 42.881750507655376 ], [ -76.164936396098881, 42.882097512953059 ], [ -76.162472374407287, 42.850379490321885 ], [ -76.165629375401906, 42.850269488042841 ], [ -76.162592355121717, 42.820938467933665 ], [ -76.226101373807538, 42.818292413182476 ], [ -76.226347374839548, 42.819675414398219 ], [ -76.231907378165985, 42.821893412142416 ], [ -76.237754384982793, 42.828982414995558 ], [ -76.24406338814623, 42.830558411776586 ], [ -76.244925389704321, 42.832384413123478 ], [ -76.246351389678793, 42.83167741123831 ], [ -76.247365391969041, 42.834474413573624 ], [ -76.249922393587823, 42.835580412870385 ], [ -76.249285396949759, 42.840678419081286 ], [ -76.27489043309545, 42.856220409192332 ], [ -76.29022745699541, 42.867607405305797 ], [ -76.30361748257053, 42.883329408221606 ], [ -76.309001498040871, 42.896250416655398 ] ] ] } },
{ "type": "Feature", "properties": { "GEOID": "36067011011", "tract_name": "Census Tract 110.11; Onondaga County; New York", "median_age": 49.0, "median_income": 68850.0, "population_density": 3149.2957293326053, "county": "Onondaga" }, "geometry": { "type": "Polygon", "coordinates": [ [ [ -76.185549601685395, 43.118562542839356 ], [ -76.170964621763957, 43.136957539827719 ], [ -76.160307612677258, 43.127707548360334 ], [ -76.159097601105657, 43.117190553370968 ], [ -76.185273599143414, 43.116033544206083 ], [ -76.185549601685395, 43.118562542839356 ] ] ] } },
{ "type": "Feature", "properties": { "GEOID": "36067010400", "tract_name": "Census Tract 104; Onondaga County; New York", "median_age": 40.0, "median_income": 83426.0, "population_density": 180.94867619176327, "county": "Onondaga" }, "geometry": { "type": "Polygon", "coordinates": [ [ [ -76.09279066841691, 43.165202565775431 ], [ -76.079381688228366, 43.177223569814487 ], [ -76.03066870393819, 43.17918559547244 ], [ -76.013199698165963, 43.172920605116218 ], [ -76.00402369888883, 43.172038609898443 ], [ -75.994752687826804, 43.167837615442075 ], [ -75.979354657746129, 43.157554624879324 ], [ -75.971235646616762, 43.154637629643183 ], [ -75.973374639896193, 43.148994627907108 ], [ -75.971783631014361, 43.143845628417878 ], [ -75.977267629840767, 43.140468625065836 ], [ -75.977183623076513, 43.136086624829197 ], [ -75.973837622730812, 43.137340626750415 ], [ -75.975299626414255, 43.13911862607268 ], [ -75.972347626397109, 43.140474627823082 ], [ -75.967520614975328, 43.134945629992252 ], [ -75.964495613301608, 43.135166631655309 ], [ -75.963814610665978, 43.133630631857166 ], [ -75.957405606572991, 43.133670635307773 ], [ -75.957580610282903, 43.136288635553775 ], [ -75.955015605370519, 43.13392563662822 ], [ -75.953405606378382, 43.135457637715596 ], [ -75.950158603724802, 43.135073639421506 ], [ -75.953304603269103, 43.133186637443195 ], [ -75.950342599489858, 43.131763638812046 ], [ -75.956423596675748, 43.126883634927999 ], [ -75.95867760000823, 43.128326633949044 ], [ -75.958628595926101, 43.125394633603833 ], [ -75.960567594082235, 43.123268632359455 ], [ -75.958339593456429, 43.123726633538794 ], [ -75.957010590298268, 43.121971633978163 ], [ -75.959320588281301, 43.119595632530952 ], [ -75.956135587487964, 43.120264634184679 ], [ -75.957585584739618, 43.117693633135644 ], [ -75.955843584675492, 43.11831263406382 ], [ -75.954400581953252, 43.116855634561389 ], [ -75.956472580549104, 43.115047633321517 ], [ -75.960646583312652, 43.1155346313938 ], [ -75.964695591464306, 43.119809629914961 ], [ -76.012202606164095, 43.117549608029663 ], [ -76.012631615292378, 43.123042607625692 ], [ -76.07844960831558, 43.120556582654764 ], [ -76.079832618722136, 43.127983580482571 ], [ -76.089933614926778, 43.125740576992214 ], [ -76.09279066841691, 43.165202565775431 ] ] ] } },
{ "type": "Feature", "properties": { "GEOID": "36067001400", "tract_name": "Census Tract 14; Onondaga County; New York", "median_age": 19.9, "median_income": 27825.0, "population_density": 19875.106838121163, "county": "Onondaga" }, "geometry": { "type": "Polygon", "coordinates": [ [ [ -76.152885541158909, 43.064064577679787 ], [ -76.150104544933811, 43.067785576812092 ], [ -76.143342540670375, 43.065045579513999 ], [ -76.146948535299018, 43.059869580729547 ], [ -76.152885541158909, 43.064064577679787 ] ] ] } },
{ "type": "Feature", "properties": { "GEOID": "36067000100", "tract_name": "Census Tract 1; Onondaga County; New York", "median_age": 33.4, "median_income": 83214.0, "population_density": 447.69851157186605, "county": "Onondaga" }, "geometry": { "type": "Polygon", "coordinates": [ [ [ -76.199190548738088, 43.063696567125838 ], [ -76.1946335496947, 43.065487567240851 ], [ -76.17624856077606, 43.079032565136181 ], [ -76.171274557956011, 43.076913567467336 ], [ -76.16245556694102, 43.086100565778032 ], [ -76.15756856276802, 43.082739568629634 ], [ -76.16820754960851, 43.069489571656995 ], [ -76.159990542755949, 43.064408575881252 ], [ -76.153576532575897, 43.05635958072363 ], [ -76.154821530303082, 43.054116581399995 ], [ -76.176342536862549, 43.056092576027105 ], [ -76.181922539948843, 43.058012573906865 ], [ -76.185115538076346, 43.055543574448443 ], [ -76.199190548738088, 43.063696567125838 ] ] ] } },
{ "type": "Feature", "properties": { "GEOID": "36067005602", "tract_name": "Census Tract 56.02; Onondaga County; New York", "median_age": 19.8, "median_income": 21250.0, "population_density": 10810.511373349642, "county": "Onondaga" }, "geometry": { "type": "Polygon", "coordinates": [ [ [ -76.124376484173681, 43.022051598537757 ], [ -76.110985480243045, 43.022437600046977 ], [ -76.110249469287027, 43.01415660263531 ], [ -76.122635472951842, 43.013512601603999 ], [ -76.124376484173681, 43.022051598537757 ] ] ] } },
{ "type": "Feature", "properties": { "GEOID": "36067000600", "tract_name": "Census Tract 6; Onondaga County; New York", "median_age": 33.8, "median_income": 31765.0, "population_density": 12473.887123362678, "county": "Onondaga" }, "geometry": { "type": "Polygon", "coordinates": [ [ [ -76.159029545803179, 43.067304574859271 ], [ -76.153499553303448, 43.074722573107053 ], [ -76.146027550641065, 43.073267575627959 ], [ -76.152409541792792, 43.064695577529832 ], [ -76.159029545803179, 43.067304574859271 ] ] ] } },
{ "type": "Feature", "properties": { "GEOID": "36067011300", "tract_name": "Census Tract 113; Onondaga County; New York", "median_age": 42.6, "median_income": 96154.0, "population_density": 178.38059199945292, "county": "Onondaga" }, "geometry": { "type": "Polygon", "coordinates": [ [ [ -76.282944709905479, 43.196578450571245 ], [ -76.280153709387349, 43.20119944927243 ], [ -76.276151703622375, 43.201766450796839 ], [ -76.269751696704645, 43.205566451453947 ], [ -76.262051694808932, 43.218466446783403 ], [ -76.262851701362948, 43.225166442253915 ], [ -76.266851709604865, 43.227466439303747 ], [ -76.267751715280525, 43.232766435724784 ], [ -76.272151724091245, 43.23486643289111 ], [ -76.275551732776066, 43.238766429409942 ], [ -76.274051731466642, 43.240166429092319 ], [ -76.267551720460318, 43.239666431574072 ], [ -76.263751711655161, 43.236366434913279 ], [ -76.258051703174459, 43.237366436249502 ], [ -76.257750700116006, 43.234066438479488 ], [ -76.250001680786298, 43.225189447177193 ], [ -76.244650674815588, 43.214566457659281 ], [ -76.233849677321373, 43.212366465831721 ], [ -76.230049675033712, 43.207866470977663 ], [ -76.22444967463619, 43.204966476147995 ], [ -76.217873676853202, 43.204770480231574 ], [ -76.208336683320695, 43.208034484154126 ], [ -76.210649684763865, 43.210566481305598 ], [ -76.206176692103909, 43.216610480719844 ], [ -76.198748691258828, 43.212566487594103 ], [ -76.194248697411751, 43.217066488046378 ], [ -76.202548698919202, 43.222266479938654 ], [ -76.204720704264048, 43.228978474832694 ], [ -76.205008712009473, 43.237410469991055 ], [ -76.21339371028192, 43.240018462717678 ], [ -76.210609715301118, 43.244002462399436 ], [ -76.212977721876783, 43.256670467366575 ], [ -76.208825726274569, 43.263646480763136 ], [ -76.211900726067825, 43.267130483891663 ], [ -76.202944731402567, 43.271603496646179 ], [ -76.182104737480572, 43.257619490543192 ], [ -76.179626737980428, 43.253591486523554 ], [ -76.173533740737795, 43.250998487198594 ], [ -76.169047739419881, 43.246666490543141 ], [ -76.157647741581243, 43.243266500126801 ], [ -76.155426712371394, 43.216232513065876 ], [ -76.143556717777642, 43.216732520387588 ], [ -76.142530701416064, 43.202405526579696 ], [ -76.138474703025523, 43.202552528944992 ], [ -76.13685967088621, 43.175127540106338 ], [ -76.14535367101999, 43.177074534880369 ], [ -76.160748675794053, 43.18500552327243 ], [ -76.19218366860872, 43.18689850497411 ], [ -76.24410465192382, 43.185153477252285 ], [ -76.276684683335134, 43.175868465617292 ], [ -76.278153687215749, 43.177906463637505 ], [ -76.277009688640945, 43.181770462012167 ], [ -76.279119694688987, 43.185239458908235 ], [ -76.276404694324484, 43.189872457610548 ], [ -76.282944709905479, 43.196578450571245 ] ] ] } },
{ "type": "Feature", "properties": { "GEOID": "36067016200", "tract_name": "Census Tract 162; Onondaga County; New York", "median_age": 40.6, "median_income": 75833.0, "population_density": 1523.8855751896895, "county": "Onondaga" }, "geometry": { "type": "Polygon", "coordinates": [ [ [ -76.166332447558645, 42.959511572041833 ], [ -76.160666452414404, 42.970323581472627 ], [ -76.157452460313223, 42.984367592413975 ], [ -76.135358451604787, 42.984790595543238 ], [ -76.13560145361096, 42.987758597422591 ], [ -76.133871452951638, 42.98783159766802 ], [ -76.131721445865338, 42.978140591835796 ], [ -76.135959439885596, 42.966179583459507 ], [ -76.136381443245241, 42.971143586583942 ], [ -76.15904645190308, 42.970530581931918 ], [ -76.158464444573795, 42.959684574013188 ], [ -76.166332447558645, 42.959511572041833 ] ] ] } },
{ "type": "Feature", "properties": { "GEOID": "36067012700", "tract_name": "Census Tract 127; Onondaga County; New York", "median_age": 49.0, "median_income": 70648.0, "population_density": 606.76373836582979, "county": "Onondaga" }, "geometry": { "type": "Polygon", "coordinates": [ [ [ -76.273221592433075, 43.069906530371092 ], [ -76.270613594632877, 43.076862528525972 ], [ -76.265244587320836, 43.076533533426215 ], [ -76.261166584008336, 43.079132535352414 ], [ -76.257841579183037, 43.078562538603038 ], [ -76.252185573128656, 43.080376542316422 ], [ -76.238106565563086, 43.076195550145428 ], [ -76.230484557567621, 43.067787557359708 ], [ -76.230259541257411, 43.048372569412081 ], [ -76.238742542100027, 43.04698856867951 ], [ -76.242867547064677, 43.052037564619496 ], [ -76.265502568504871, 43.052396548134787 ], [ -76.266237575166329, 43.059605542989424 ], [ -76.273221592433075, 43.069906530371092 ] ] ] } },
{ "type": "Feature", "properties": { "GEOID": "36067004302", "tract_name": "Census Tract 43.02; Onondaga County; New York", "median_age": 19.5, "median_income": 18935.0, "population_density": 16047.124819290944, "county": "Onondaga" }, "geometry": { "type": "Polygon", "coordinates": [ [ [ -76.142856503478725, 43.033327591922514 ], [ -76.141706506374774, 43.036075591039513 ], [ -76.141957503864091, 43.033876591846919 ], [ -76.13922350320685, 43.033981592224485 ], [ -76.138018509333534, 43.039426590367583 ], [ -76.136594508939751, 43.039412590610937 ], [ -76.136622512840901, 43.042674589395453 ], [ -76.142549514379425, 43.042710588339503 ], [ -76.142647519920956, 43.047422586498413 ], [ -76.137747518231009, 43.046967587591432 ], [ -76.137774516338084, 43.045370588184014 ], [ -76.129012514117846, 43.045290589814797 ], [ -76.12817450295411, 43.036348593087958 ], [ -76.129797503315018, 43.03627659285511 ], [ -76.129443498468902, 43.032387594281332 ], [ -76.132486500951131, 43.033706593353635 ], [ -76.142856503478725, 43.033327591922514 ] ] ] } },
{ "type": "Feature", "properties": { "GEOID": "36067013701", "tract_name": "Census Tract 137.01; Onondaga County; New York", "median_age": 44.1, "median_income": 71415.0, "population_density": 1581.8959322282844, "county": "Onondaga" }, "geometry": { "type": "Polygon", "coordinates": [ [ [ -76.217720587534913, 43.103880539336856 ], [ -76.204060580712579, 43.096898547774494 ], [ -76.200140584205698, 43.100757546945445 ], [ -76.194212576570223, 43.093121552888491 ], [ -76.189048578871279, 43.095751553143337 ], [ -76.184323578400395, 43.095524554747797 ], [ -76.180413581205968, 43.09845255455506 ], [ -76.187672584534553, 43.101485550677872 ], [ -76.186016587256134, 43.104238549845427 ], [ -76.163826574783471, 43.093182562243584 ], [ -76.172275564761023, 43.083227564264064 ], [ -76.172260558495935, 43.077309567020833 ], [ -76.17624856077606, 43.079032565136181 ], [ -76.185999554680407, 43.071865566080469 ], [ -76.220301582594288, 43.098181541839004 ], [ -76.217720587534913, 43.103880539336856 ] ] ] } },
{ "type": "Feature", "properties": { "GEOID": "36067015601", "tract_name": "Census Tract 156.01; Onondaga County; New York", "median_age": 43.8, "median_income": 84875.0, "population_density": 160.46055189758806, "county": "Onondaga" }, "geometry": { "type": "Polygon", "coordinates": [ [ [ -76.042492612048932, 43.121963596183718 ], [ -76.012631615292378, 43.123042607625692 ], [ -76.012202606164095, 43.117549608029663 ], [ -75.965599591509729, 43.119503629438924 ], [ -75.96592858577273, 43.115398628858145 ], [ -75.971793579240568, 43.109027625534054 ], [ -75.970349576431985, 43.107565626064357 ], [ -75.972970576186981, 43.106632624808988 ], [ -75.971524573008296, 43.104912625312835 ], [ -75.97639657218636, 43.103036623032487 ], [ -75.976344565547336, 43.098692622761803 ], [ -75.974569561595388, 43.096507623349396 ], [ -75.975404553417093, 43.09091962260873 ], [ -75.971121554396916, 43.092466624434401 ], [ -75.971584549248618, 43.088901623951699 ], [ -75.969547549606318, 43.08954762480208 ], [ -75.967530546214334, 43.087623625404483 ], [ -75.968792549353935, 43.08952762509545 ], [ -75.967382549505217, 43.089918625684774 ], [ -75.965272547358481, 43.088861626402178 ], [ -75.96667354583829, 43.087529625724748 ], [ -75.963973543895563, 43.086695626671812 ], [ -75.960814546272601, 43.089009628152866 ], [ -75.961680541576698, 43.085491627406704 ], [ -75.954475542339623, 43.087462630403351 ], [ -75.954115544068657, 43.088821630733833 ], [ -75.95126054124583, 43.08731363161575 ], [ -75.950431544062624, 43.089627632289371 ], [ -75.948699539885794, 43.086815632518778 ], [ -75.947087542196314, 43.088948633485984 ], [ -75.939488537175222, 43.086661636007655 ], [ -75.937893539759358, 43.089142637100743 ], [ -75.934450536324533, 43.087100638020139 ], [ -75.93096653895428, 43.090192640029407 ], [ -75.928948534904535, 43.087186640146207 ], [ -75.926971538138346, 43.090533641679158 ], [ -75.920158535442397, 43.089948644216832 ], [ -75.918737530819669, 43.086002643752202 ], [ -75.917219530331991, 43.085924644307305 ], [ -75.916357518458454, 43.074781641659307 ], [ -75.926970518723522, 43.073346637697796 ], [ -75.936398524319983, 43.076690635188811 ], [ -75.948033519303266, 43.071094630231848 ], [ -75.959227506174358, 43.060431625214463 ], [ -75.974167507573895, 43.060733620841106 ], [ -76.000497496718211, 43.053341613194867 ], [ -75.999851521892396, 43.068116613179697 ], [ -75.996831526214407, 43.07090161414385 ], [ -76.000700534686246, 43.075525612866059 ], [ -75.997801538058525, 43.07780661379843 ], [ -75.996526534546703, 43.075874614246395 ], [ -75.991809535622153, 43.077061615895616 ], [ -75.994663542043369, 43.080572614921351 ], [ -75.991558543598288, 43.081940616066063 ], [ -75.990815548886431, 43.085273616402553 ], [ -75.995240551009246, 43.085850614737822 ], [ -75.991514556543521, 43.089818616216874 ], [ -75.995427559678987, 43.090994614688043 ], [ -75.995435562287327, 43.092549614691201 ], [ -75.996976563078405, 43.092726614073044 ], [ -75.996054565438129, 43.094306614446488 ], [ -76.040700570031575, 43.094934600072882 ], [ -76.042492612048932, 43.121963596183718 ] ] ] } },
{ "type": "Feature", "properties": { "GEOID": "36067012900", "tract_name": "Census Tract 129; Onondaga County; New York", "median_age": 33.4, "median_income": 45975.0, "population_density": 3323.1490849416627, "county": "Onondaga" }, "geometry": { "type": "Polygon", "coordinates": [ [ [ -76.231557558431234, 43.06862155658181 ], [ -76.219142553165014, 43.06481156185631 ], [ -76.200733549147074, 43.063846566688049 ], [ -76.197301544492973, 43.059628569723145 ], [ -76.200068545420365, 43.060055568883151 ], [ -76.199820541501708, 43.055995571121365 ], [ -76.205307544602377, 43.058131568784546 ], [ -76.210508545465103, 43.05797256774828 ], [ -76.212818547989912, 43.060267565936272 ], [ -76.225929549312525, 43.058966563812454 ], [ -76.226118550646603, 43.060486562848389 ], [ -76.230845548767363, 43.057193563835504 ], [ -76.22960454934217, 43.058168563500324 ], [ -76.231557558431234, 43.06862155658181 ] ] ] } },
{ "type": "Feature", "properties": { "GEOID": "36067013000", "tract_name": "Census Tract 130; Onondaga County; New York", "median_age": 40.2, "median_income": 59880.0, "population_density": 4667.3172035580401, "county": "Onondaga" }, "geometry": { "type": "Polygon", "coordinates": [ [ [ -76.230845548767363, 43.057193563835504 ], [ -76.226118550646603, 43.060486562848389 ], [ -76.225929549312525, 43.058966563812454 ], [ -76.212818547989912, 43.060267565936272 ], [ -76.210508545465103, 43.05797256774828 ], [ -76.205307544602377, 43.058131568784546 ], [ -76.199743541503324, 43.056013571127941 ], [ -76.195622534548704, 43.049699575322798 ], [ -76.195086527355173, 43.042421579249883 ], [ -76.199078527872288, 43.041904578827719 ], [ -76.19911753303758, 43.047294575932469 ], [ -76.207780534961032, 43.047173574371563 ], [ -76.208016538580907, 43.05103657216651 ], [ -76.211357538634033, 43.050284571932757 ], [ -76.211148535610803, 43.047016573828614 ], [ -76.212410535854275, 43.046956573626552 ], [ -76.212899541704815, 43.053299569905491 ], [ -76.220983542865966, 43.052665568634175 ], [ -76.221125544394368, 43.054381567586347 ], [ -76.225582544975737, 43.053977566909921 ], [ -76.225702546243156, 43.055429566005394 ], [ -76.230719547490239, 43.055696564789393 ], [ -76.230845548767363, 43.057193563835504 ] ] ] } },
{ "type": "Feature", "properties": { "GEOID": "36067013100", "tract_name": "Census Tract 131; Onondaga County; New York", "median_age": 43.1, "median_income": 97731.0, "population_density": 3137.2442625585804, "county": "Onondaga" }, "geometry": { "type": "Polygon", "coordinates": [ [ [ -76.22877152621048, 43.030949580394619 ], [ -76.230719547490239, 43.055696564789393 ], [ -76.225702546243156, 43.055429566005394 ], [ -76.225582544975737, 43.053977566909921 ], [ -76.221125544394368, 43.054381567586347 ], [ -76.220983542865966, 43.052665568634175 ], [ -76.218632542048326, 43.05231056931791 ], [ -76.212899541704815, 43.053299569905491 ], [ -76.212936528679535, 43.038882578149028 ], [ -76.209831527959906, 43.039001578596753 ], [ -76.209513524654682, 43.035489580627875 ], [ -76.20832752424181, 43.035401580863216 ], [ -76.212058521759914, 43.031514582494388 ], [ -76.22877152621048, 43.030949580394619 ] ] ] } },
{ "type": "Feature", "properties": { "GEOID": "36067016502", "tract_name": "Census Tract 165.02; Onondaga County; New York", "median_age": 48.8, "median_income": 81096.0, "population_density": 378.70844936099473, "county": "Onondaga" }, "geometry": { "type": "Polygon", "coordinates": [ [ [ -76.369893658912432, 43.010575459816337 ], [ -76.290565568122787, 43.014293544601998 ], [ -76.288064541239365, 42.983942537204939 ], [ -76.331480590077433, 42.982803487180156 ], [ -76.331418585641771, 42.977284481185478 ], [ -76.337075587204538, 42.971166468132687 ], [ -76.335426578147775, 42.962124460054973 ], [ -76.336671577573256, 42.959650455951653 ], [ -76.352749588820998, 42.951372428987909 ], [ -76.365357604564352, 42.953487417264093 ], [ -76.369893658912432, 43.010575459816337 ] ] ] } },
{ "type": "Feature", "properties": { "GEOID": "36067016600", "tract_name": "Census Tract 166; Onondaga County; New York", "median_age": 48.9, "median_income": 107851.0, "population_density": 224.20792490625834, "county": "Onondaga" }, "geometry": { "type": "Polygon", "coordinates": [ [ [ -76.462986763883336, 43.00612335782801 ], [ -76.369893658912432, 43.010575459816337 ], [ -76.365357604564352, 42.953487417264093 ], [ -76.369955609570127, 42.953358412006608 ], [ -76.376609612864769, 42.948476399312327 ], [ -76.392656627741729, 42.945121377863813 ], [ -76.415985652712394, 42.944264351049213 ], [ -76.429177668648705, 42.945822338068339 ], [ -76.458429698647478, 42.943368302998621 ], [ -76.462986763883336, 43.00612335782801 ] ] ] } },
{ "type": "Feature", "properties": { "GEOID": "36067001900", "tract_name": "Census Tract 19; Onondaga County; New York", "median_age": 40.0, "median_income": 59109.0, "population_density": 6649.944978069344, "county": "Onondaga" }, "geometry": { "type": "Polygon", "coordinates": [ [ [ -76.106377539440999, 43.068839587086366 ], [ -76.094013538338956, 43.069423589961481 ], [ -76.093935536434643, 43.068027590341813 ], [ -76.090553536121107, 43.068184591123163 ], [ -76.083748521266259, 43.058290595070829 ], [ -76.093293524723748, 43.059478592694596 ], [ -76.105385525372895, 43.058234590392523 ], [ -76.106377539440999, 43.068839587086366 ] ] ] } },
{ "type": "Feature", "properties": { "GEOID": "36067002000", "tract_name": "Census Tract 20; Onondaga County; New York", "median_age": 35.5, "median_income": 38333.0, "population_density": 5556.1333803534426, "county": "Onondaga" }, "geometry": { "type": "Polygon", "coordinates": [ [ [ -76.200378548921336, 43.063673566863557 ], [ -76.192603544560967, 43.060598570255848 ], [ -76.182209533980782, 43.052110576744646 ], [ -76.187826535529481, 43.052442575449405 ], [ -76.188593537930629, 43.054686574154509 ], [ -76.195594536829248, 43.05205757408649 ], [ -76.197695537920637, 43.052718573313413 ], [ -76.199644540177658, 43.054645571883832 ], [ -76.200068545420365, 43.060055568883151 ], [ -76.197301544492973, 43.059628569723145 ], [ -76.200378548921336, 43.063673566863557 ] ] ] } },
{ "type": "Feature", "properties": { "GEOID": "36067013200", "tract_name": "Census Tract 132; Onondaga County; New York", "median_age": 49.9, "median_income": 85250.0, "population_density": 2786.749514878421, "county": "Onondaga" }, "geometry": { "type": "Polygon", "coordinates": [ [ [ -76.213576535947581, 43.04675457352436 ], [ -76.211148535610803, 43.047016573828614 ], [ -76.211167538729981, 43.050436571883687 ], [ -76.208016538580907, 43.05103657216651 ], [ -76.207780534961032, 43.047173574371563 ], [ -76.19911753303758, 43.047294575932469 ], [ -76.199078527872288, 43.041904578827719 ], [ -76.19627952728996, 43.042041579241733 ], [ -76.195086527355173, 43.042421579249883 ], [ -76.195238533379126, 43.04858457598354 ], [ -76.192235526625794, 43.042414579752837 ], [ -76.189690526159353, 43.042594580106538 ], [ -76.187626515424853, 43.032382585632256 ], [ -76.212058521759914, 43.031514582494388 ], [ -76.20832752424181, 43.035401580863216 ], [ -76.209513524654682, 43.035489580627875 ], [ -76.209831527959906, 43.039001578596753 ], [ -76.212936528679535, 43.038882578149028 ], [ -76.213576535947581, 43.04675457352436 ] ] ] } },
{ "type": "Feature", "properties": { "GEOID": "36063021200", "tract_name": "Census Tract 212; Niagara County; New York", "median_age": 46.9, "median_income": 33824.0, "population_density": 2675.0861824523572, "county": "Niagara" }, "geometry": { "type": "Polygon", "coordinates": [ [ [ -79.053509909535165, 43.092978540216372 ], [ -79.052489901087483, 43.094611536036446 ], [ -79.041498848540158, 43.095055495210744 ], [ -79.041356861821782, 43.088601495775471 ], [ -79.04377487327784, 43.088596504830825 ], [ -79.040304866126689, 43.084291492536693 ], [ -79.039765891154161, 43.071460492547004 ], [ -79.045567916866361, 43.072560514670919 ], [ -79.051062924753126, 43.080966533867119 ], [ -79.053509909535165, 43.092978540216372 ] ] ] } },
{ "type": "Feature", "properties": { "GEOID": "36063021700", "tract_name": "Census Tract 217; Niagara County; New York", "median_age": 38.0, "median_income": 42804.0, "population_density": 1025.9487054828223, "county": "Niagara" }, "geometry": { "type": "Polygon", "coordinates": [ [ [ -79.04377487327784, 43.088596504830825 ], [ -79.021214767353229, 43.088172420371066 ], [ -79.024248767445911, 43.095143431296108 ], [ -79.017114734098897, 43.095087404870526 ], [ -79.002212671107415, 43.091457349402333 ], [ -79.006920717688473, 43.07884536640735 ], [ -78.990619684936149, 43.07569433926988 ], [ -78.99052169751829, 43.068757338720722 ], [ -79.009664748982459, 43.069556376605156 ], [ -79.019228798679507, 43.067956413592199 ], [ -79.039765891154161, 43.071460492547004 ], [ -79.040304866126689, 43.084291492536693 ], [ -79.04377487327784, 43.088596504830825 ] ] ] } },
{ "type": "Feature", "properties": { "GEOID": "36063022000", "tract_name": "Census Tract 220; Niagara County; New York", "median_age": 36.3, "median_income": 52194.0, "population_density": 2846.3182957961253, "county": "Niagara" }, "geometry": { "type": "Polygon", "coordinates": [ [ [ -79.006503715156825, 43.079120364833315 ], [ -79.002212671107415, 43.091457349402333 ], [ -78.988038652800213, 43.092661340418758 ], [ -78.990243659366769, 43.0896213403365 ], [ -78.984418658279637, 43.088629339866614 ], [ -78.984406672281366, 43.080758339285687 ], [ -78.981745671903127, 43.080140339078064 ], [ -78.981746683015189, 43.073831338625887 ], [ -78.985820683328669, 43.075020338943396 ], [ -78.985764694863732, 43.068554338456963 ], [ -78.99052169751829, 43.068757338720722 ], [ -78.990619684936149, 43.07569433926988 ], [ -79.006503715156825, 43.079120364833315 ] ] ] } },
{ "type": "Feature", "properties": { "GEOID": "36067003500", "tract_name": "Census Tract 35; Onondaga County; New York", "median_age": 32.8, "median_income": 37882.0, "population_density": 5785.6721371281037, "county": "Onondaga" }, "geometry": { "type": "Polygon", "coordinates": [ [ [ -76.125541518061951, 43.049163589124461 ], [ -76.127580521591568, 43.051659587864123 ], [ -76.115595522941362, 43.054774589271375 ], [ -76.114302506034875, 43.041758593605607 ], [ -76.119344506999198, 43.041499592815697 ], [ -76.119551510224952, 43.044020591957619 ], [ -76.12543751332494, 43.045350590447455 ], [ -76.125541518061951, 43.049163589124461 ] ] ] } },
{ "type": "Feature", "properties": { "GEOID": "36067003602", "tract_name": "Census Tract 36.02; Onondaga County; New York", "median_age": 33.0, "median_income": 57604.0, "population_density": 4269.5335440545941, "county": "Onondaga" }, "geometry": { "type": "Polygon", "coordinates": [ [ [ -76.104100524372313, 43.057663590834146 ], [ -76.08987752378853, 43.059266593499011 ], [ -76.083748521266259, 43.058290595070829 ], [ -76.08248851588661, 43.054619596183066 ], [ -76.089743517345426, 43.054587594687106 ], [ -76.089475512745153, 43.051276595560218 ], [ -76.09385850890574, 43.04773459560581 ], [ -76.103462509194372, 43.046255594208994 ], [ -76.104100524372313, 43.057663590834146 ] ] ] } },
{ "type": "Feature", "properties": { "GEOID": "36067003800", "tract_name": "Census Tract 38; Onondaga County; New York", "median_age": 25.9, "median_income": 28750.0, "population_density": 8204.4185203582711, "county": "Onondaga" }, "geometry": { "type": "Polygon", "coordinates": [ [ [ -76.188247519164761, 43.035949583730563 ], [ -76.174494518973219, 43.039408584275513 ], [ -76.173931521333259, 43.041793583249856 ], [ -76.171641520867325, 43.041906583594766 ], [ -76.175210512278568, 43.032834587264567 ], [ -76.186846514861443, 43.032047585916914 ], [ -76.188247519164761, 43.035949583730563 ] ] ] } },
{ "type": "Feature", "properties": { "GEOID": "36067004200", "tract_name": "Census Tract 42; Onondaga County; New York", "median_age": 26.5, "median_income": 13944.0, "population_density": 8145.3796476448588, "county": "Onondaga" }, "geometry": { "type": "Polygon", "coordinates": [ [ [ -76.155471515013133, 43.040369587051721 ], [ -76.154174517044524, 43.042472586393977 ], [ -76.142549514379425, 43.042710588339503 ], [ -76.142348507539708, 43.036917590612568 ], [ -76.143610506389621, 43.035635590909315 ], [ -76.150668509211926, 43.036382589494465 ], [ -76.153828504479506, 43.03141459106066 ], [ -76.155471515013133, 43.040369587051721 ] ] ] } },
{ "type": "Feature", "properties": { "GEOID": "36067004500", "tract_name": "Census Tract 45; Onondaga County; New York", "median_age": 28.6, "median_income": 61288.0, "population_density": 6083.0600552352598, "county": "Onondaga" }, "geometry": { "type": "Polygon", "coordinates": [ [ [ -76.129012514117846, 43.045290589814797 ], [ -76.122445512743397, 43.045465590956191 ], [ -76.122011510677311, 43.043895591557991 ], [ -76.119551510224952, 43.044020591957619 ], [ -76.119344506999198, 43.041499592815697 ], [ -76.114302506034875, 43.041758593605607 ], [ -76.113946499917503, 43.03704959513383 ], [ -76.12817450295411, 43.036348593087958 ], [ -76.129012514117846, 43.045290589814797 ] ] ] } },
{ "type": "Feature", "properties": { "GEOID": "36067004600", "tract_name": "Census Tract 46; Onondaga County; New York", "median_age": 48.7, "median_income": 99141.0, "population_density": 3271.0295760183585, "county": "Onondaga" }, "geometry": { "type": "Polygon", "coordinates": [ [ [ -76.114521510536804, 43.045238592478619 ], [ -76.09385850890574, 43.04773459560581 ], [ -76.090587512900655, 43.051211595355745 ], [ -76.089475512745153, 43.051276595560218 ], [ -76.092790509200626, 43.048134595705555 ], [ -76.088916508095281, 43.047983596479447 ], [ -76.082124501729012, 43.044564598546579 ], [ -76.081776496965745, 43.041227599365776 ], [ -76.079636494625888, 43.039959600014072 ], [ -76.076912492741172, 43.039136600649449 ], [ -76.074602495519585, 43.041510600540882 ], [ -76.074256488310283, 43.036532601630192 ], [ -76.077578490954664, 43.03775160083714 ], [ -76.082308490208874, 43.03630260039737 ], [ -76.083831492262632, 43.037473599883462 ], [ -76.09333049431055, 43.037077598445464 ], [ -76.093004489314524, 43.033467599422949 ], [ -76.107936492699579, 43.032771597365844 ], [ -76.107548488279875, 43.029468598396861 ], [ -76.111572489246186, 43.029273597888967 ], [ -76.114521510536804, 43.045238592478619 ] ] ] } },
{ "type": "Feature", "properties": { "GEOID": "36067003601", "tract_name": "Census Tract 36.01; Onondaga County; New York", "median_age": 31.9, "median_income": 40586.0, "population_density": 5212.4043587317401, "county": "Onondaga" }, "geometry": { "type": "Polygon", "coordinates": [ [ [ -76.115595522941362, 43.054774589271375 ], [ -76.104100524372313, 43.057663590834146 ], [ -76.103462509194372, 43.046255594208994 ], [ -76.114521510536804, 43.045238592478619 ], [ -76.115595522941362, 43.054774589271375 ] ] ] } },
{ "type": "Feature", "properties": { "GEOID": "36067004800", "tract_name": "Census Tract 48; Onondaga County; New York", "median_age": 49.0, "median_income": 104167.0, "population_density": 3264.3048016377852, "county": "Onondaga" }, "geometry": { "type": "Polygon", "coordinates": [ [ [ -76.203593514769793, 43.026730586353793 ], [ -76.196983514265511, 43.028352586378013 ], [ -76.195507512492242, 43.026991587298198 ], [ -76.195808516913786, 43.031457584903364 ], [ -76.187626515424853, 43.032382585632256 ], [ -76.189184519863659, 43.036390583357665 ], [ -76.186846514861443, 43.032047585916914 ], [ -76.183011514256506, 43.032556586232566 ], [ -76.18244350629837, 43.024914590076762 ], [ -76.193714510522085, 43.025547588292582 ], [ -76.194205507665856, 43.022458589843815 ], [ -76.2033465108114, 43.022603588644458 ], [ -76.203593514769793, 43.026730586353793 ] ] ] } },
{ "type": "Feature", "properties": { "GEOID": "36067004900", "tract_name": "Census Tract 49; Onondaga County; New York", "median_age": 35.3, "median_income": 80781.0, "population_density": 5224.3009694441271, "county": "Onondaga" }, "geometry": { "type": "Polygon", "coordinates": [ [ [ -76.185305508183376, 43.025875589227553 ], [ -76.18244350629837, 43.024914590076762 ], [ -76.183011514256506, 43.032556586232566 ], [ -76.175210512278568, 43.032834587264567 ], [ -76.173921497783766, 43.019412593759242 ], [ -76.177447497964224, 43.018429593826156 ], [ -76.181148504920941, 43.023974590703041 ], [ -76.185305508183376, 43.025875589227553 ] ] ] } },
{ "type": "Feature", "properties": { "GEOID": "36043011502", "tract_name": "Census Tract 115.02; Herkimer County; New York", "median_age": 56.5, "median_income": 100945.0, "population_density": 2.5438963611381742, "county": "Herkimer" }, "geometry": { "type": "Polygon", "coordinates": [ [ [ -75.167805957431, 44.095937227168776 ], [ -75.062778858383595, 44.050398244497359 ], [ -74.854170678423898, 44.070087221196765 ], [ -74.77561721414699, 43.486676024288371 ], [ -74.834896104392499, 43.392504064745744 ], [ -74.861008132173907, 43.395295051609999 ], [ -74.875995138456503, 43.387843051975807 ], [ -74.895599153665032, 43.383264048334439 ], [ -74.904978157487733, 43.37615205136872 ], [ -74.912692166796035, 43.377625047030996 ], [ -74.921816175737561, 43.376616044533961 ], [ -74.933025188313337, 43.377759039132314 ], [ -74.938172192948969, 43.376332038607828 ], [ -74.939771191969015, 43.371357043045691 ], [ -74.946150197141051, 43.367591044555134 ], [ -74.953309205021299, 43.367130042443506 ], [ -74.957088209950385, 43.368714039418556 ], [ -74.971351225423163, 43.367035036031368 ], [ -74.978839232889428, 43.362936037802697 ], [ -74.994810251028042, 43.359505036022014 ], [ -75.002128257139219, 43.355094038073432 ], [ -75.01505725920866, 43.355011031161901 ], [ -75.029016261235938, 43.351713026942456 ], [ -75.042475263560377, 43.354023017253802 ], [ -75.065212267124082, 43.350715007702746 ], [ -75.078458269214678, 43.346529003682704 ], [ -75.097516273020915, 43.49676388278413 ], [ -75.11016026430552, 43.615227603080676 ], [ -75.167805957431, 44.095937227168776 ] ] ] } },
{ "type": "Feature", "properties": { "GEOID": "36055014602", "tract_name": "Census Tract 146.02; Monroe County; New York", "median_age": 43.4, "median_income": 66188.0, "population_density": 253.57976955470795, "county": "Monroe" }, "geometry": { "type": "Polygon", "coordinates": [ [ [ -77.783584542588599, 43.054803081806291 ], [ -77.781373497055284, 43.086417076106351 ], [ -77.780052492837726, 43.088399075002513 ], [ -77.78174048897047, 43.092763075540176 ], [ -77.778047483436595, 43.093742073104963 ], [ -77.778023479571758, 43.096658072762722 ], [ -77.773506468717784, 43.101171069564302 ], [ -77.75892545322408, 43.100855060885756 ], [ -77.745050439447937, 43.107690047387678 ], [ -77.728301453391225, 43.106068019927143 ], [ -77.695815475200376, 43.107352966238885 ], [ -77.693833476852078, 43.107179963020457 ], [ -77.700477481906091, 43.099571975851951 ], [ -77.686064493854616, 43.09869195293691 ], [ -77.678825490204275, 43.105312938959827 ], [ -77.679689488074715, 43.106410939988848 ], [ -77.677615487487429, 43.107925936031116 ], [ -77.678504480739676, 43.112377935906146 ], [ -77.670616486120124, 43.112478922665368 ], [ -77.645433487667603, 43.123239874877399 ], [ -77.642715491207966, 43.122078870804394 ], [ -77.660214495720155, 43.110865905977029 ], [ -77.668157491665838, 43.109766919659741 ], [ -77.675472490873943, 43.106587932991559 ], [ -77.676808499657341, 43.099518937777937 ], [ -77.68052350709803, 43.092035946357747 ], [ -77.691961514788986, 43.079530967967074 ], [ -77.704088507991457, 43.07706898683395 ], [ -77.706516509029086, 43.07466699099092 ], [ -77.70490351461477, 43.071348989344791 ], [ -77.697686521581105, 43.070710978915933 ], [ -77.695526525584512, 43.069060976201364 ], [ -77.699145528515743, 43.064405982657988 ], [ -77.695968538466602, 43.058927979585206 ], [ -77.697000540708245, 43.056501981679681 ], [ -77.705806541917894, 43.049293995548368 ], [ -77.712805535315951, 43.049364005038662 ], [ -77.724635529580681, 43.044984021661683 ], [ -77.729327535965922, 43.035861028875161 ], [ -77.778140559078437, 43.036381079626885 ], [ -77.77934655037653, 43.04436607972017 ], [ -77.783584542588599, 43.054803081806291 ] ] ] } },
{ "type": "Feature", "properties": { "GEOID": "36063022100", "tract_name": "Census Tract 221; Niagara County; New York", "median_age": 43.9, "median_income": 50000.0, "population_density": 3074.0768723016126, "county": "Niagara" }, "geometry": { "type": "Polygon", "coordinates": [ [ [ -78.990203659187031, 43.089709340340654 ], [ -78.988038652800213, 43.092661340418758 ], [ -78.97915464838745, 43.092804339803095 ], [ -78.979168642789162, 43.096019340028235 ], [ -78.973780640374187, 43.09602833963563 ], [ -78.970144644743669, 43.09246533914628 ], [ -78.972738645974758, 43.092458339328118 ], [ -78.972309667765757, 43.079489338461336 ], [ -78.984108672959707, 43.08028433923257 ], [ -78.984418658279637, 43.088629339866614 ], [ -78.990203659187031, 43.089709340340654 ] ] ] } },
{ "type": "Feature", "properties": { "GEOID": "36067010301", "tract_name": "Census Tract 103.01; Onondaga County; New York", "median_age": 45.4, "median_income": 82615.0, "population_density": 1553.0585454594411, "county": "Onondaga" }, "geometry": { "type": "Polygon", "coordinates": [ [ [ -76.132265671825365, 43.17495354258029 ], [ -76.118798675840182, 43.175471549474949 ], [ -76.079381688228366, 43.177223569814487 ], [ -76.09279066841691, 43.165202565775431 ], [ -76.092010651298622, 43.152521569380454 ], [ -76.09399164982338, 43.151673568678149 ], [ -76.103662651162608, 43.153871563574754 ], [ -76.123004646538675, 43.152792554867574 ], [ -76.126132639816603, 43.147762555137838 ], [ -76.130165640773242, 43.14903255286201 ], [ -76.132265671825365, 43.17495354258029 ] ] ] } },
{ "type": "Feature", "properties": { "GEOID": "36067010321", "tract_name": "Census Tract 103.21; Onondaga County; New York", "median_age": 40.4, "median_income": 125579.0, "population_density": 2351.6702854301589, "county": "Onondaga" }, "geometry": { "type": "Polygon", "coordinates": [ [ [ -76.111350678147204, 43.175807553288784 ], [ -76.090305697651914, 43.186164561792843 ], [ -76.070846717393565, 43.195903570646159 ], [ -76.069503691432331, 43.177674574966346 ], [ -76.111350678147204, 43.175807553288784 ] ] ] } },
{ "type": "Feature", "properties": { "GEOID": "36067010322", "tract_name": "Census Tract 103.22; Onondaga County; New York", "median_age": 43.3, "median_income": 130341.0, "population_density": 1814.0051029573601, "county": "Onondaga" }, "geometry": { "type": "Polygon", "coordinates": [ [ [ -76.121937696092942, 43.192313542224774 ], [ -76.110342700757414, 43.193091548601231 ], [ -76.095091711557117, 43.197489556177395 ], [ -76.082599714602381, 43.196673563657328 ], [ -76.07452571361415, 43.194106568886539 ], [ -76.111350678147204, 43.175807553288784 ], [ -76.115805676768758, 43.175609551005017 ], [ -76.121937696092942, 43.192313542224774 ] ] ] } },
{ "type": "Feature", "properties": { "GEOID": "36093033500", "tract_name": "Census Tract 335; Schenectady County; New York", "median_age": 38.8, "median_income": 59018.0, "population_density": 2652.6759671037989, "county": "Schenectady" }, "geometry": { "type": "Polygon", "coordinates": [ [ [ -73.983210166715907, 42.801714883407833 ], [ -73.971968152493119, 42.810159884931117 ], [ -73.964398149127376, 42.807289885711413 ], [ -73.951982138208137, 42.810495887217272 ], [ -73.953257137568343, 42.812870887139674 ], [ -73.951502135843896, 42.813658887361974 ], [ -73.951068132529542, 42.818372887545522 ], [ -73.943767125251881, 42.822176888484641 ], [ -73.942065125584364, 42.819776888610235 ], [ -73.940708126823552, 42.816219888663809 ], [ -73.947855138686251, 42.805120887534578 ], [ -73.954155144487927, 42.803180886761417 ], [ -73.952960142366123, 42.805120886952842 ], [ -73.958005147702323, 42.802555886304802 ], [ -73.977778161717183, 42.803115884067196 ], [ -73.983210166715907, 42.801714883407833 ] ] ] } },
{ "type": "Feature", "properties": { "GEOID": "36067011900", "tract_name": "Census Tract 119; Onondaga County; New York", "median_age": 44.1, "median_income": 88897.0, "population_density": 124.35478222122428, "county": "Onondaga" }, "geometry": { "type": "Polygon", "coordinates": [ [ [ -76.438985861937851, 43.117656379407364 ], [ -76.436533866730173, 43.124937380834105 ], [ -76.438673878630098, 43.132793378940057 ], [ -76.435750884163937, 43.141402380476016 ], [ -76.43183888117467, 43.143764382900748 ], [ -76.427345884849188, 43.152924385071351 ], [ -76.41576787441241, 43.158893391559509 ], [ -76.410391872752328, 43.164710393991506 ], [ -76.406439867703313, 43.16547639618345 ], [ -76.402305857717181, 43.161853399191031 ], [ -76.392374844499045, 43.163266404805448 ], [ -76.38755683382567, 43.15984140838021 ], [ -76.375890812450947, 43.155713416431162 ], [ -76.371355810139889, 43.160055418048834 ], [ -76.362915799227991, 43.161623422644624 ], [ -76.358114783397397, 43.152661428299218 ], [ -76.351905767904327, 43.145988434396493 ], [ -76.290043650386622, 43.112795492212804 ], [ -76.283536640395198, 43.111601497799064 ], [ -76.269793622644372, 43.11313450731496 ], [ -76.259239598489415, 43.100915523094415 ], [ -76.278788624209497, 43.099852508160268 ], [ -76.278491619950628, 43.095144511108302 ], [ -76.297572644931847, 43.094258496025404 ], [ -76.297081638880925, 43.087956499667897 ], [ -76.319945668875917, 43.087370480764015 ], [ -76.319730666222881, 43.084739482100744 ], [ -76.396703764698501, 43.081122417444206 ], [ -76.397729779456697, 43.093867414247846 ], [ -76.421186809996485, 43.092915395147358 ], [ -76.421556819588105, 43.101197393992614 ], [ -76.437897857596397, 43.11515538033408 ], [ -76.438985861937851, 43.117656379407364 ] ] ] } },
{ "type": "Feature", "properties": { "GEOID": "36063022200", "tract_name": "Census Tract 222; Niagara County; New York", "median_age": 51.5, "median_income": 69621.0, "population_density": 2496.5853804678964, "county": "Niagara" }, "geometry": { "type": "Polygon", "coordinates": [ [ [ -78.985764694863732, 43.068554338456963 ], [ -78.985820683328669, 43.075020338943396 ], [ -78.981746683015189, 43.073831338625887 ], [ -78.981745671903127, 43.080140339078064 ], [ -78.957586661465598, 43.078269337506832 ], [ -78.945300660242893, 43.07445033660801 ], [ -78.944609662964083, 43.072367336478393 ], [ -78.945262671526208, 43.066954336276382 ], [ -78.985764694863732, 43.068554338456963 ] ] ] } },
{ "type": "Feature", "properties": { "GEOID": "36063022300", "tract_name": "Census Tract 223; Niagara County; New York", "median_age": 38.6, "median_income": 73550.0, "population_density": 4808.5997187494268, "county": "Niagara" }, "geometry": { "type": "Polygon", "coordinates": [ [ [ -78.972738645974758, 43.092458339328118 ], [ -78.962892641447681, 43.092396338632689 ], [ -78.961817643376463, 43.090896338472398 ], [ -78.962620653718318, 43.084783338178532 ], [ -78.959943658609603, 43.080875337790658 ], [ -78.960462662477539, 43.078655337699338 ], [ -78.972558667516466, 43.079718338491205 ], [ -78.972738645974758, 43.092458339328118 ] ] ] } },
{ "type": "Feature", "properties": { "GEOID": "36063022500", "tract_name": "Census Tract 225; Niagara County; New York", "median_age": 43.8, "median_income": 55871.0, "population_density": 4758.6939934755474, "county": "Niagara" }, "geometry": { "type": "Polygon", "coordinates": [ [ [ -78.962892641447681, 43.092396338632689 ], [ -78.949992627670056, 43.09739833796467 ], [ -78.950123624785093, 43.099306338065276 ], [ -78.944223622194329, 43.099371337622777 ], [ -78.943623627033489, 43.095969337432173 ], [ -78.941852626395573, 43.095867337298785 ], [ -78.942240633774801, 43.091022337125224 ], [ -78.952299644147871, 43.087461337645514 ], [ -78.960983645941482, 43.089062338312253 ], [ -78.962892641447681, 43.092396338632689 ] ] ] } },
{ "type": "Feature", "properties": { "GEOID": "36063022401", "tract_name": "Census Tract 224.01; Niagara County; New York", "median_age": 42.1, "median_income": 65125.0, "population_density": 2901.5767400485452, "county": "Niagara" }, "geometry": { "type": "Polygon", "coordinates": [ [ [ -78.962648652648184, 43.08544933821841 ], [ -78.9626346460919, 43.089470338447335 ], [ -78.961899644224474, 43.09039833844988 ], [ -78.95778764656356, 43.087683338022188 ], [ -78.952299644147871, 43.087461337645514 ], [ -78.942126633558033, 43.091131337121865 ], [ -78.942752638506548, 43.08801333703412 ], [ -78.94538463856928, 43.088845337246823 ], [ -78.945300660242893, 43.07445033660801 ], [ -78.960462662477539, 43.078655337699338 ], [ -78.959943658609603, 43.080875337790658 ], [ -78.962648652648184, 43.08544933821841 ] ] ] } },
{ "type": "Feature", "properties": { "GEOID": "36055980200", "tract_name": "Census Tract 9802; Monroe County; New York", "median_age": null, "median_income": null, "population_density": 19.241967559179109, "county": "Monroe" }, "geometry": { "type": "Polygon", "coordinates": [ [ [ -77.68343938668545, 43.179261921885804 ], [ -77.669711392262911, 43.179741894123993 ], [ -77.669731400488274, 43.173879896518976 ], [ -77.659198405524151, 43.173857875660012 ], [ -77.659405418702462, 43.164653880243009 ], [ -77.664677416005631, 43.1646638904407 ], [ -77.664666425942627, 43.157685893399361 ], [ -77.673939420900325, 43.157748910996411 ], [ -77.678005402613238, 43.169473914499662 ], [ -77.682827394859459, 43.173442922612907 ], [ -77.68343938668545, 43.179261921885804 ] ] ] } },
{ "type": "Feature", "properties": { "GEOID": "36055013511", "tract_name": "Census Tract 135.11; Monroe County; New York", "median_age": 38.0, "median_income": 75966.0, "population_density": 1144.9916554404979, "county": "Monroe" }, "geometry": { "type": "Polygon", "coordinates": [ [ [ -77.752693314646393, 43.217394055907022 ], [ -77.751486284097879, 43.244365055588943 ], [ -77.733229288818976, 43.243394016492879 ], [ -77.733850318113156, 43.21824301997205 ], [ -77.731797323184693, 43.214482015791269 ], [ -77.752693314646393, 43.217394055907022 ] ] ] } },
{ "type": "Feature", "properties": { "GEOID": "36063022602", "tract_name": "Census Tract 226.02; Niagara County; New York", "median_age": 47.6, "median_income": 55159.0, "population_density": 919.70521635277601, "county": "Niagara" }, "geometry": { "type": "Polygon", "coordinates": [ [ [ -78.999564659159304, 43.092153341187171 ], [ -78.999071606309286, 43.120121343525703 ], [ -78.950903583816881, 43.125995339411666 ], [ -78.950826573908131, 43.132389339712368 ], [ -78.942224572078175, 43.132502338851566 ], [ -78.941852626395573, 43.095867337298785 ], [ -78.943623627033489, 43.095969337432173 ], [ -78.944223622194329, 43.099371337622777 ], [ -78.950123624785093, 43.099306338065276 ], [ -78.949992627670056, 43.09739833796467 ], [ -78.963712642952629, 43.091712338650623 ], [ -78.96928764567906, 43.091666339036344 ], [ -78.973780640374187, 43.09602833963563 ], [ -78.979168642789162, 43.096019340028235 ], [ -78.97915464838745, 43.092804339803095 ], [ -78.999564659159304, 43.092153341187171 ] ] ] } },
{ "type": "Feature", "properties": { "GEOID": "36063022601", "tract_name": "Census Tract 226.01; Niagara County; New York", "median_age": 43.7, "median_income": 64635.0, "population_density": 680.31296999459016, "county": "Niagara" }, "geometry": { "type": "Polygon", "coordinates": [ [ [ -79.040308762545308, 43.132384484733628 ], [ -78.950826573908131, 43.132389339712368 ], [ -78.950903583816881, 43.125995339411666 ], [ -79.033025767469383, 43.114678461509115 ], [ -79.040308762545308, 43.132384484733628 ] ] ] } },
{ "type": "Feature", "properties": { "GEOID": "36001014303", "tract_name": "Census Tract 143.03; Albany County; New York", "median_age": 43.3, "median_income": 144795.0, "population_density": 1683.6489163433996, "county": "Albany" }, "geometry": { "type": "Polygon", "coordinates": [ [ [ -73.834734044177225, 42.595766020885009 ], [ -73.819886036778982, 42.601058024699483 ], [ -73.809138030954458, 42.602766029014816 ], [ -73.79188502116321, 42.60194003898016 ], [ -73.795163022658343, 42.597676041075104 ], [ -73.79469502189383, 42.591378047030766 ], [ -73.797170022934125, 42.588008048654793 ], [ -73.796879022226335, 42.581527054646671 ], [ -73.806051026087545, 42.573471056223987 ], [ -73.81189102944434, 42.577297049343962 ], [ -73.829292038885214, 42.581377035501241 ], [ -73.832756041728331, 42.587670028428633 ], [ -73.834734044177225, 42.595766020885009 ] ] ] } },
{ "type": "Feature", "properties": { "GEOID": "36001001803", "tract_name": "Census Tract 18.03; Albany County; New York", "median_age": 54.6, "median_income": 105972.0, "population_density": 5236.2486485723421, "county": "Albany" }, "geometry": { "type": "Polygon", "coordinates": [ [ [ -73.823180046999397, 42.658251975811794 ], [ -73.817181043632559, 42.664202973062565 ], [ -73.806445036793491, 42.671134970874711 ], [ -73.798228030624998, 42.668526975994965 ], [ -73.802400033226476, 42.664577978035894 ], [ -73.801889032692856, 42.662803979787647 ], [ -73.804543034541027, 42.66262697897983 ], [ -73.80819003671003, 42.659095980714085 ], [ -73.812021039354164, 42.658953979405013 ], [ -73.811252038516173, 42.65639398188825 ], [ -73.81551904110033, 42.653648982583107 ], [ -73.817375042565374, 42.655146980602503 ], [ -73.818840043392868, 42.653850981122559 ], [ -73.823180046999397, 42.658251975811794 ] ] ] } },
{ "type": "Feature", "properties": { "GEOID": "36001000302", "tract_name": "Census Tract 3.02; Albany County; New York", "median_age": 33.1, "median_income": 50875.0, "population_density": 1609.1870098419949, "county": "Albany" }, "geometry": { "type": "Polygon", "coordinates": [ [ [ -73.830624057903066, 42.693356944841248 ], [ -73.827854056234642, 42.696382943152905 ], [ -73.816816046894743, 42.690934950688657 ], [ -73.787052023782124, 42.68713196262739 ], [ -73.7855940225148, 42.68443696556394 ], [ -73.779933018129583, 42.681835969732177 ], [ -73.778006016844103, 42.685552966786709 ], [ -73.768704009725823, 42.681286973735247 ], [ -73.770573011063405, 42.678951975428873 ], [ -73.765303007128438, 42.676377979643398 ], [ -73.758758002303566, 42.681653976450811 ], [ -73.760237003409728, 42.684930972706553 ], [ -73.743116990244758, 42.679321992563494 ], [ -73.743736990786957, 42.677110993827448 ], [ -73.747051993494779, 42.67621598946377 ], [ -73.75454399930338, 42.670110989519088 ], [ -73.762952005371318, 42.671952984809863 ], [ -73.779046017435334, 42.68112597068005 ], [ -73.783783020611878, 42.674654975265192 ], [ -73.791654026864919, 42.681492966428031 ], [ -73.797692030948852, 42.676634968913085 ], [ -73.820867049882196, 42.690042950284052 ], [ -73.830624057903066, 42.693356944841248 ] ] ] } },
{ "type": "Feature", "properties": { "GEOID": "36001014617", "tract_name": "Census Tract 146.17; Albany County; New York", "median_age": 40.3, "median_income": 136103.0, "population_density": 438.3764836322822, "county": "Albany" }, "geometry": { "type": "Polygon", "coordinates": [ [ [ -73.943097163645874, 42.758781886761518 ], [ -73.933403154123539, 42.760555887920383 ], [ -73.81214804321769, 42.690193952642048 ], [ -73.816816046894743, 42.690934950688657 ], [ -73.82806105641086, 42.696474943023084 ], [ -73.869871095679599, 42.722377913971002 ], [ -73.897205115072595, 42.711038915641005 ], [ -73.894210112236522, 42.709770917104109 ], [ -73.898099114644268, 42.7074259176445 ], [ -73.883400101449553, 42.702757924153879 ], [ -73.888084103644871, 42.697596926284461 ], [ -73.900840114309062, 42.699628921696018 ], [ -73.914070126783017, 42.705336915059519 ], [ -73.916221131736805, 42.714248909560737 ], [ -73.918699135105385, 42.717862907031218 ], [ -73.917846136311454, 42.723093904308712 ], [ -73.915643135290011, 42.725409903431988 ], [ -73.916535138288936, 42.731585899822548 ], [ -73.915233137700852, 42.733072899204913 ], [ -73.919449142764606, 42.736889896421758 ], [ -73.916392140910801, 42.739154895621475 ], [ -73.917063142671154, 42.742365893737748 ], [ -73.913348139275357, 42.742091894399017 ], [ -73.943097163645874, 42.758781886761518 ] ] ] } },
{ "type": "Feature", "properties": { "GEOID": "36001001804", "tract_name": "Census Tract 18.04; Albany County; New York", "median_age": 50.0, "median_income": 101898.0, "population_density": 1453.3925392248252, "county": "Albany" }, "geometry": { "type": "Polygon", "coordinates": [ [ [ -73.847189061688283, 42.648643974046017 ], [ -73.842263059121635, 42.652501973063906 ], [ -73.826032048614067, 42.655893976663172 ], [ -73.823460047128336, 42.657809976070304 ], [ -73.818840043392868, 42.653850981122559 ], [ -73.817375042565374, 42.655146980602503 ], [ -73.81551904110033, 42.653648982583107 ], [ -73.811252038516173, 42.65639398188825 ], [ -73.812021039354164, 42.658953979405013 ], [ -73.808794037153248, 42.659304980307809 ], [ -73.804083033685473, 42.657415983722991 ], [ -73.806495034972571, 42.653897985875915 ], [ -73.801965031692561, 42.651965989342798 ], [ -73.805096033472836, 42.648683990982647 ], [ -73.801757031117987, 42.647484993389369 ], [ -73.805820033560451, 42.644936993962681 ], [ -73.790482022888241, 42.637551007081029 ], [ -73.793944024987638, 42.635866007104099 ], [ -73.799236028421205, 42.636335004359431 ], [ -73.799043028098339, 42.634135006407526 ], [ -73.80266303043571, 42.634462004509849 ], [ -73.807862033455109, 42.631802004510824 ], [ -73.810040035417856, 42.636869999163736 ], [ -73.80895803495595, 42.638931997854186 ], [ -73.815908040178996, 42.644490990165352 ], [ -73.819120042261673, 42.644200989074527 ], [ -73.822102043671336, 42.640318991044147 ], [ -73.830685049427004, 42.641339986560759 ], [ -73.83536205230665, 42.640328985375419 ], [ -73.845268059160915, 42.642373979590857 ], [ -73.847189061688283, 42.648643974046017 ] ] ] } },
{ "type": "Feature", "properties": { "GEOID": "36001014616", "tract_name": "Census Tract 146.16; Albany County; New York", "median_age": 38.9, "median_income": 135795.0, "population_density": 1899.6104406281243, "county": "Albany" }, "geometry": { "type": "Polygon", "coordinates": [ [ [ -73.943878165844893, 42.756319886602299 ], [ -73.943097163645874, 42.758781886761518 ], [ -73.913348139275357, 42.742091894399017 ], [ -73.917063142671154, 42.742365893737748 ], [ -73.916392140910801, 42.739154895621475 ], [ -73.919449142764606, 42.736889896421758 ], [ -73.915233137700852, 42.733072899204913 ], [ -73.916535138288936, 42.731585899822548 ], [ -73.915643135290011, 42.725409903431988 ], [ -73.917846136311454, 42.723093904308712 ], [ -73.918699135105385, 42.717862907031218 ], [ -73.916221131736805, 42.714248909560737 ], [ -73.914070126783017, 42.705336915059519 ], [ -73.921953133881459, 42.707404912032771 ], [ -73.932338145113619, 42.714545905922471 ], [ -73.931941145772527, 42.717017904737652 ], [ -73.937499154119479, 42.726100899055474 ], [ -73.942610164867219, 42.741218890813066 ], [ -73.942061167575133, 42.748782887220628 ], [ -73.943878165844893, 42.756319886602299 ] ] ] } },
{ "type": "Feature", "properties": { "GEOID": "36001013509", "tract_name": "Census Tract 135.09; Albany County; New York", "median_age": 43.0, "median_income": 92500.0, "population_density": 1602.1009320363514, "county": "Albany" }, "geometry": { "type": "Polygon", "coordinates": [ [ [ -73.754356998222917, 42.755579908261538 ], [ -73.753829997848399, 42.75987690843656 ], [ -73.740174987279815, 42.758038925948036 ], [ -73.704399019377178, 42.745432709519399 ], [ -73.702155016579795, 42.751705707864907 ], [ -73.698857016259623, 42.751142708521101 ], [ -73.698790018037712, 42.7469857097405 ], [ -73.693597022127193, 42.741507710839691 ], [ -73.698076023660249, 42.739784710704647 ], [ -73.698941026469271, 42.73626871107659 ], [ -73.711816025900191, 42.737967709793644 ], [ -73.71270202827445, 42.735259710016535 ], [ -73.718781027576057, 42.736548709360335 ], [ -73.718722029263219, 42.734644709560293 ], [ -73.736314983996166, 42.739915942540357 ], [ -73.734545982546692, 42.749549935933544 ], [ -73.736839984316973, 42.750684931517533 ], [ -73.736296984227224, 42.754989932605042 ], [ -73.754356998222917, 42.755579908261538 ] ] ] } },
{ "type": "Feature", "properties": { "GEOID": "36001014304", "tract_name": "Census Tract 143.04; Albany County; New York", "median_age": 52.2, "median_income": 89653.0, "population_density": 202.41948014148184, "county": "Albany" }, "geometry": { "type": "Polygon", "coordinates": [ [ [ -73.886427074101121, 42.601256988721723 ], [ -73.881902072046373, 42.602959990039118 ], [ -73.874897067415063, 42.600416995495273 ], [ -73.872902066551859, 42.601375995919625 ], [ -73.868453063446751, 42.598948999998733 ], [ -73.867316062190241, 42.596436002372215 ], [ -73.865199061096689, 42.596720003340707 ], [ -73.857959056124514, 42.592359010491045 ], [ -73.855271053818598, 42.588489014839915 ], [ -73.844944048708484, 42.590378019334565 ], [ -73.839969046782457, 42.594352019082805 ], [ -73.834734044177225, 42.595766020885009 ], [ -73.832756041728331, 42.587670028428633 ], [ -73.829292038885214, 42.581377035501241 ], [ -73.81189102944434, 42.577297049343962 ], [ -73.806051026087545, 42.573471056223987 ], [ -73.803650025020119, 42.574692056632529 ], [ -73.808507025344653, 42.556024069808878 ], [ -73.804914021645516, 42.536206089561787 ], [ -73.809411022283896, 42.525696095377917 ], [ -73.883193052815543, 42.533092034958315 ], [ -73.875077058590691, 42.566971018003848 ], [ -73.874656061764995, 42.579672009671818 ], [ -73.880788067133551, 42.587665000722168 ], [ -73.886427074101121, 42.601256988721723 ] ] ] } },
{ "type": "Feature", "properties": { "GEOID": "36001013603", "tract_name": "Census Tract 136.03; Albany County; New York", "median_age": 37.0, "median_income": 89934.0, "population_density": 1231.3951248573051, "county": "Albany" }, "geometry": { "type": "Polygon", "coordinates": [ [ [ -73.751695997006365, 42.682783977473093 ], [ -73.755324999364632, 42.715763942820487 ], [ -73.744378990616795, 42.713888955253928 ], [ -73.720275047206172, 42.714755711425362 ], [ -73.718211041911516, 42.720317711080355 ], [ -73.715765041547428, 42.720313711334796 ], [ -73.712454034821633, 42.727589710879919 ], [ -73.70998103490669, 42.727157711164232 ], [ -73.708998035013124, 42.726895711288229 ], [ -73.710932038344396, 42.723233711510929 ], [ -73.714146041394017, 42.720209711514144 ], [ -73.709992042934843, 42.717639712235631 ], [ -73.714443051382858, 42.708729712716604 ], [ -73.703463051631559, 42.705577714386095 ], [ -73.702463055911622, 42.699977715187948 ], [ -73.725045053993057, 42.708310711510691 ], [ -73.723135054651181, 42.707143711849476 ], [ -73.723595057636317, 42.70398471209991 ], [ -73.729063056946714, 42.706077711238052 ], [ -73.731163980376934, 42.703176987935592 ], [ -73.734263982819868, 42.703776982234196 ], [ -73.741074988373171, 42.692899982052623 ], [ -73.743859990551286, 42.695374975002728 ], [ -73.741484988634937, 42.696887977337653 ], [ -73.751543996647271, 42.695195964762242 ], [ -73.750526995954672, 42.690716969654012 ], [ -73.748319994201509, 42.690903972333523 ], [ -73.750484995930933, 42.69033297006176 ], [ -73.750423995949262, 42.687418973083489 ], [ -73.743599990503228, 42.686617984353823 ], [ -73.743396990415548, 42.682424988953997 ], [ -73.746755993114292, 42.682983982992639 ], [ -73.743116990244758, 42.679321992563494 ], [ -73.751695997006365, 42.682783977473093 ] ] ] } },
{ "type": "Feature", "properties": { "GEOID": "36067011202", "tract_name": "Census Tract 112.02; Onondaga County; New York", "median_age": 42.0, "median_income": 92031.0, "population_density": 2851.6930118296914, "county": "Onondaga" }, "geometry": { "type": "Polygon", "coordinates": [ [ [ -76.26116766336186, 43.180202471366705 ], [ -76.244600651729101, 43.185087477022108 ], [ -76.232924655460295, 43.185531483179787 ], [ -76.226795652465768, 43.179928489976277 ], [ -76.226122645473168, 43.171528495437421 ], [ -76.235477636843015, 43.163688495568472 ], [ -76.250032642679173, 43.175206480648612 ], [ -76.26116766336186, 43.180202471366705 ] ] ] } },
{ "type": "Feature", "properties": { "GEOID": "36067011231", "tract_name": "Census Tract 112.31; Onondaga County; New York", "median_age": 38.4, "median_income": 89821.0, "population_density": 4565.2305809036525, "county": "Onondaga" }, "geometry": { "type": "Polygon", "coordinates": [ [ [ -76.234693637474223, 43.164259495596824 ], [ -76.228496642798248, 43.169027495747763 ], [ -76.20794063524292, 43.155783513612398 ], [ -76.207508630405016, 43.150468516782958 ], [ -76.22966862637756, 43.149807506998897 ], [ -76.227364632505953, 43.156605503905411 ], [ -76.234693637474223, 43.164259495596824 ] ] ] } },
{ "type": "Feature", "properties": { "GEOID": "36067016700", "tract_name": "Census Tract 167; Onondaga County; New York", "median_age": 53.9, "median_income": 100673.0, "population_density": 89.15995051255058, "county": "Onondaga" }, "geometry": { "type": "Polygon", "coordinates": [ [ [ -76.458429698647478, 42.943368302998621 ], [ -76.429177668648705, 42.945822338068339 ], [ -76.415985652712394, 42.944264351049213 ], [ -76.392656627741729, 42.945121377863813 ], [ -76.376609612864769, 42.948476399312327 ], [ -76.369955609570127, 42.953358412006608 ], [ -76.365357604564352, 42.953487417264093 ], [ -76.360943550655449, 42.893977357388223 ], [ -76.400314590503129, 42.892416312692795 ], [ -76.396117576506896, 42.881268305273586 ], [ -76.388441558997144, 42.870041301509872 ], [ -76.35701851007407, 42.849446313135999 ], [ -76.450738600147929, 42.845758208263369 ], [ -76.458429698647478, 42.943368302998621 ] ] ] } },
{ "type": "Feature", "properties": { "GEOID": "36067016901", "tract_name": "Census Tract 169.01; Onondaga County; New York", "median_age": 42.7, "median_income": 98988.0, "population_density": 100.86102964928463, "county": "Onondaga" }, "geometry": { "type": "Polygon", "coordinates": [ [ [ -76.200057366126316, 42.819319435753492 ], [ -76.162592355121717, 42.820938467933665 ], [ -76.165629375401906, 42.850269488042841 ], [ -76.085945350719115, 42.853904545042425 ], [ -76.080213303377377, 42.780012518661124 ], [ -76.196565334936622, 42.774699398433633 ], [ -76.200057366126316, 42.819319435753492 ] ] ] } },
{ "type": "Feature", "properties": { "GEOID": "36067016902", "tract_name": "Census Tract 169.02; Onondaga County; New York", "median_age": 49.6, "median_income": 86705.0, "population_density": 44.901323090565, "county": "Onondaga" }, "geometry": { "type": "Polygon", "coordinates": [ [ [ -76.085945350719115, 42.853904545042425 ], [ -75.901672352277487, 42.861833608471109 ], [ -75.896079305018006, 42.790962601096169 ], [ -76.080170304338068, 42.781597519353021 ], [ -76.085945350719115, 42.853904545042425 ] ] ] } },
{ "type": "Feature", "properties": { "GEOID": "36067012600", "tract_name": "Census Tract 126; Onondaga County; New York", "median_age": 38.8, "median_income": 85744.0, "population_density": 2508.6535450457673, "county": "Onondaga" }, "geometry": { "type": "Polygon", "coordinates": [ [ [ -76.274485570672269, 43.041052546232429 ], [ -76.255722548006247, 43.041910564308033 ], [ -76.230259541257411, 43.048372569412081 ], [ -76.22877152621048, 43.030949580394619 ], [ -76.273511559839719, 43.029162554241687 ], [ -76.274485570672269, 43.041052546232429 ] ] ] } },
{ "type": "Feature", "properties": { "GEOID": "36001013708", "tract_name": "Census Tract 137.08; Albany County; New York", "median_age": 58.8, "median_income": 90200.0, "population_density": 1878.210442054761, "county": "Albany" }, "geometry": { "type": "Polygon", "coordinates": [ [ [ -73.811253045550743, 42.715614931092865 ], [ -73.794888032991523, 42.727429923884024 ], [ -73.776934016845473, 42.706287947294115 ], [ -73.792073028395222, 42.69788395134379 ], [ -73.811253045550743, 42.715614931092865 ] ] ] } },
{ "type": "Feature", "properties": { "GEOID": "36001013804", "tract_name": "Census Tract 138.04; Albany County; New York", "median_age": 49.8, "median_income": 79261.0, "population_density": 695.62297057490753, "county": "Albany" }, "geometry": { "type": "Polygon", "coordinates": [ [ [ -73.933755154346713, 42.760698887884175 ], [ -73.906785129549633, 42.763430891044848 ], [ -73.890481121296503, 42.749722892708277 ], [ -73.879390111222449, 42.749586894076558 ], [ -73.876259108112151, 42.750999894189292 ], [ -73.873234105671571, 42.74965489474198 ], [ -73.870938103326367, 42.750959894797091 ], [ -73.864915097184465, 42.745706898484919 ], [ -73.8613260948148, 42.74930189636887 ], [ -73.855300088992124, 42.751661896606024 ], [ -73.844313078369794, 42.74384690251479 ], [ -73.837879072554557, 42.743399903713382 ], [ -73.836911071437839, 42.741969904964378 ], [ -73.840124073351518, 42.736930908430764 ], [ -73.844213076669902, 42.7355969088295 ], [ -73.847671078667233, 42.730585912069998 ], [ -73.852523083759323, 42.734859908082996 ], [ -73.859982090639036, 42.736529905707087 ], [ -73.850219080414917, 42.72845891322573 ], [ -73.851622081502512, 42.727927913373456 ], [ -73.848358078126168, 42.725058916109745 ], [ -73.850555079290658, 42.721734918181092 ], [ -73.848598077266189, 42.719881919954851 ], [ -73.855369081928885, 42.715378921895365 ], [ -73.933755154346713, 42.760698887884175 ] ] ] } },
{ "type": "Feature", "properties": { "GEOID": "36001013604", "tract_name": "Census Tract 136.04; Albany County; New York", "median_age": 22.0, "median_income": 106747.0, "population_density": 2594.459873895069, "county": "Albany" }, "geometry": { "type": "Polygon", "coordinates": [ [ [ -73.759933003168541, 42.725805931762302 ], [ -73.762153005107891, 42.7368379203497 ], [ -73.745887991468805, 42.730241935992936 ], [ -73.737077984719818, 42.728776952439624 ], [ -73.730868979868035, 42.738273953533003 ], [ -73.718722029263219, 42.734644709560293 ], [ -73.718563033836077, 42.729477710104156 ], [ -73.712454034821633, 42.727589710879919 ], [ -73.715765041547428, 42.720313711334796 ], [ -73.718211041911516, 42.720317711080355 ], [ -73.720275047206172, 42.714755711425362 ], [ -73.744752990908552, 42.713915954602939 ], [ -73.755324999364632, 42.715763942820487 ], [ -73.755882999773249, 42.721169937212615 ], [ -73.759933003168541, 42.725805931762302 ] ] ] } },
{ "type": "Feature", "properties": { "GEOID": "36001013803", "tract_name": "Census Tract 138.03; Albany County; New York", "median_age": 49.1, "median_income": 70380.0, "population_density": 1605.5101481473307, "county": "Albany" }, "geometry": { "type": "Polygon", "coordinates": [ [ [ -73.906785129549633, 42.763430891044848 ], [ -73.87261409859606, 42.767542895065588 ], [ -73.85748008831564, 42.759761896580301 ], [ -73.854586086726385, 42.756797896829461 ], [ -73.855300088992124, 42.751661896606024 ], [ -73.8613260948148, 42.74930189636887 ], [ -73.864915097184465, 42.745706898484919 ], [ -73.870938103326367, 42.750959894797091 ], [ -73.873234105671571, 42.74965489474198 ], [ -73.876259108112151, 42.750999894189292 ], [ -73.879390111222449, 42.749586894076558 ], [ -73.890481121296503, 42.749722892708277 ], [ -73.906785129549633, 42.763430891044848 ] ] ] } },
{ "type": "Feature", "properties": { "GEOID": "36001013511", "tract_name": "Census Tract 135.11; Albany County; New York", "median_age": 41.2, "median_income": 138155.0, "population_density": 949.93430724821178, "county": "Albany" }, "geometry": { "type": "Polygon", "coordinates": [ [ [ -73.780172020274648, 42.768215905648788 ], [ -73.776397017010908, 42.769617906117915 ], [ -73.776110016663935, 42.771614906204427 ], [ -73.768444010266634, 42.772002907090695 ], [ -73.760835003929401, 42.776257908073894 ], [ -73.758041001720883, 42.786358908663075 ], [ -73.761496004407292, 42.791577908408499 ], [ -73.750164996057293, 42.801374909962348 ], [ -73.73766298969862, 42.818875932308394 ], [ -73.731668986586541, 42.821303943015572 ], [ -73.730382985559885, 42.817749945167563 ], [ -73.73374198656235, 42.807014938847345 ], [ -73.734565986021565, 42.79399093694817 ], [ -73.751739996460202, 42.775086909081395 ], [ -73.760604003766545, 42.747921909478741 ], [ -73.776402017739287, 42.756214905756785 ], [ -73.766585008977515, 42.759831906976729 ], [ -73.769363011276425, 42.763943906769406 ], [ -73.780172020274648, 42.768215905648788 ] ] ] } },
{ "type": "Feature", "properties": { "GEOID": "36001000202", "tract_name": "Census Tract 2.02; Albany County; New York", "median_age": 35.3, "median_income": 32585.0, "population_density": 4267.7782016728634, "county": "Albany" }, "geometry": { "type": "Polygon", "coordinates": [ [ [ -73.758664002291368, 42.663706994562176 ], [ -73.756117000473267, 42.666065993085908 ], [ -73.757400001377164, 42.667378991304666 ], [ -73.756120000450039, 42.668839990269838 ], [ -73.747051993494779, 42.67621598946377 ], [ -73.743736990786957, 42.677110993827448 ], [ -73.745488992329982, 42.670921997368453 ], [ -73.743361990690502, 42.665548006207395 ], [ -73.749264995700159, 42.658245004465151 ], [ -73.758664002291368, 42.663706994562176 ] ] ] } },
{ "type": "Feature", "properties": { "GEOID": "36001013512", "tract_name": "Census Tract 135.12; Albany County; New York", "median_age": 49.2, "median_income": 109010.0, "population_density": 889.82410131583163, "county": "Albany" }, "geometry": { "type": "Polygon", "coordinates": [ [ [ -73.824846056948473, 42.773085900676421 ], [ -73.809603044005556, 42.775014902470247 ], [ -73.80936904317943, 42.778867902601753 ], [ -73.797965033878953, 42.779475903920421 ], [ -73.787065024169493, 42.789675905440369 ], [ -73.782464020458661, 42.791775906021918 ], [ -73.777364016554344, 42.791775906603689 ], [ -73.768764010138327, 42.785875907426394 ], [ -73.764865007054823, 42.787275907908899 ], [ -73.761496004407292, 42.791577908408499 ], [ -73.758090001762895, 42.786851908670677 ], [ -73.760835003929401, 42.776257908073894 ], [ -73.768444010266634, 42.772002907090695 ], [ -73.776110016663935, 42.771614906204427 ], [ -73.776397017010908, 42.769617906117915 ], [ -73.780172020274648, 42.768215905648788 ], [ -73.769363011276425, 42.763943906769406 ], [ -73.766585008977515, 42.759831906976729 ], [ -73.776402017739287, 42.756214905756785 ], [ -73.796266034545496, 42.762582903656991 ], [ -73.812966048369717, 42.765948901839273 ], [ -73.824846056948473, 42.773085900676421 ] ] ] } },
{ "type": "Feature", "properties": { "GEOID": "36001013709", "tract_name": "Census Tract 137.09; Albany County; New York", "median_age": 41.5, "median_income": 118621.0, "population_density": 1848.7275420142203, "county": "Albany" }, "geometry": { "type": "Polygon", "coordinates": [ [ [ -73.792073028395222, 42.69788395134379 ], [ -73.776934016845473, 42.706287947294115 ], [ -73.773797014161161, 42.701214952936311 ], [ -73.763458005907694, 42.693472963251104 ], [ -73.758758002303566, 42.681653976450811 ], [ -73.765303007128438, 42.676377979643398 ], [ -73.770573011063405, 42.678951975428873 ], [ -73.768704009725823, 42.681286973735247 ], [ -73.778006016844103, 42.685552966786709 ], [ -73.792073028395222, 42.69788395134379 ] ] ] } },
{ "type": "Feature", "properties": { "GEOID": "36001000301", "tract_name": "Census Tract 3.01; Albany County; New York", "median_age": 42.1, "median_income": 43214.0, "population_density": 11147.67013025186, "county": "Albany" }, "geometry": { "type": "Polygon", "coordinates": [ [ [ -73.783724020571626, 42.674706975235928 ], [ -73.780798018628047, 42.678758972371377 ], [ -73.775161014359711, 42.676036976775144 ], [ -73.776549015307253, 42.674175978104039 ], [ -73.768212009130394, 42.669217985719577 ], [ -73.771111011141926, 42.666473987388017 ], [ -73.783724020571626, 42.674706975235928 ] ] ] } },
{ "type": "Feature", "properties": { "GEOID": "36001013510", "tract_name": "Census Tract 135.10; Albany County; New York", "median_age": 38.7, "median_income": 98750.0, "population_density": 3474.0850779950774, "county": "Albany" }, "geometry": { "type": "Polygon", "coordinates": [ [ [ -73.760834003974793, 42.74852190885025 ], [ -73.756650000315176, 42.760408908128291 ], [ -73.753829997848399, 42.75987690843656 ], [ -73.754436998284348, 42.755093908239409 ], [ -73.736296984227224, 42.754989932605042 ], [ -73.736839984316973, 42.750684931517533 ], [ -73.734545982546692, 42.749549935933544 ], [ -73.736314983996166, 42.739915942540357 ], [ -73.760834003974793, 42.74852190885025 ] ] ] } },
{ "type": "Feature", "properties": { "GEOID": "36001000201", "tract_name": "Census Tract 2.01; Albany County; New York", "median_age": 39.8, "median_income": 33688.0, "population_density": 10372.005713770619, "county": "Albany" }, "geometry": { "type": "Polygon", "coordinates": [ [ [ -73.76160000434308, 42.658333998872962 ], [ -73.759932003186861, 42.659966997860032 ], [ -73.761562004325839, 42.660939996283105 ], [ -73.758664002291368, 42.663706994562176 ], [ -73.749264995700159, 42.658245004465151 ], [ -73.750126996499617, 42.653729007933805 ], [ -73.75087499703487, 42.652556008850922 ], [ -73.76160000434308, 42.658333998872962 ] ] ] } },
{ "type": "Feature", "properties": { "GEOID": "36067005000", "tract_name": "Census Tract 50; Onondaga County; New York", "median_age": 35.8, "median_income": 75227.0, "population_density": 5438.1325479161942, "county": "Onondaga" }, "geometry": { "type": "Polygon", "coordinates": [ [ [ -76.175383511747853, 43.032279587501336 ], [ -76.164776509666552, 43.033213588659542 ], [ -76.165446495384856, 43.019863594527962 ], [ -76.173921497783766, 43.019412593759242 ], [ -76.175383511747853, 43.032279587501336 ] ] ] } },
{ "type": "Feature", "properties": { "GEOID": "36067005100", "tract_name": "Census Tract 51; Onondaga County; New York", "median_age": 29.0, "median_income": 33101.0, "population_density": 7739.4715263418348, "county": "Onondaga" }, "geometry": { "type": "Polygon", "coordinates": [ [ [ -76.165446495384856, 43.019863594527962 ], [ -76.164334505943813, 43.029910590193502 ], [ -76.161117505138705, 43.030058590586364 ], [ -76.161908503163318, 43.028042591356268 ], [ -76.157550500848316, 43.027169592326587 ], [ -76.15479249690803, 43.024429593847024 ], [ -76.154279490993716, 43.019326596044181 ], [ -76.165446495384856, 43.019863594527962 ] ] ] } },
{ "type": "Feature", "properties": { "GEOID": "36093021802", "tract_name": "Census Tract 218.02; Schenectady County; New York", "median_age": 44.1, "median_income": 64786.0, "population_density": 3463.9812223383865, "county": "Schenectady" }, "geometry": { "type": "Polygon", "coordinates": [ [ [ -73.917296132107481, 42.775759890190287 ], [ -73.91955313007935, 42.783023890137159 ], [ -73.909721121027587, 42.785492891328836 ], [ -73.887723112109853, 42.765856893291776 ], [ -73.906785129549633, 42.763430891044848 ], [ -73.920274134825434, 42.775240889835523 ], [ -73.917296132107481, 42.775759890190287 ] ] ] } },
{ "type": "Feature", "properties": { "GEOID": "36093031902", "tract_name": "Census Tract 319.02; Schenectady County; New York", "median_age": 50.4, "median_income": 106042.0, "population_density": 1756.5960988688516, "county": "Schenectady" }, "geometry": { "type": "Polygon", "coordinates": [ [ [ -73.900940106130122, 42.802443892805783 ], [ -73.887369099321319, 42.795175894149892 ], [ -73.880783094896714, 42.793832894863598 ], [ -73.882225097618814, 42.789848894588211 ], [ -73.87465609637799, 42.777840895118239 ], [ -73.876819100935464, 42.770669894671919 ], [ -73.87261409859606, 42.767542895065588 ], [ -73.887723112109853, 42.765856893291776 ], [ -73.897060116235039, 42.774220892458501 ], [ -73.893544113118566, 42.774708892873768 ], [ -73.893214106206273, 42.789615893327969 ], [ -73.900940106130122, 42.802443892805783 ] ] ] } },
{ "type": "Feature", "properties": { "GEOID": "36093031901", "tract_name": "Census Tract 319.01; Schenectady County; New York", "median_age": 40.2, "median_income": 134427.0, "population_density": 2245.0878878911421, "county": "Schenectady" }, "geometry": { "type": "Polygon", "coordinates": [ [ [ -73.88216509750427, 42.790015894599705 ], [ -73.880783094896714, 42.793832894863598 ], [ -73.875838091467713, 42.792999895404449 ], [ -73.862180083883985, 42.784752896734169 ], [ -73.825127057164678, 42.773161900646407 ], [ -73.87261409859606, 42.767542895065588 ], [ -73.876819100935464, 42.770669894671919 ], [ -73.87465609637799, 42.777840895118239 ], [ -73.88216509750427, 42.790015894599705 ] ] ] } },
{ "type": "Feature", "properties": { "GEOID": "36093021801", "tract_name": "Census Tract 218.01; Schenectady County; New York", "median_age": 47.5, "median_income": 94517.0, "population_density": 2774.7649328013672, "county": "Schenectady" }, "geometry": { "type": "Polygon", "coordinates": [ [ [ -73.909721121027587, 42.785492891328836 ], [ -73.903265112081883, 42.793563892291886 ], [ -73.89721610636208, 42.796015893050409 ], [ -73.893214106206273, 42.789615893327969 ], [ -73.893544113118566, 42.774708892873768 ], [ -73.897060116235039, 42.774220892458501 ], [ -73.909721121027587, 42.785492891328836 ] ] ] } },
{ "type": "Feature", "properties": { "GEOID": "36067010500", "tract_name": "Census Tract 105; Onondaga County; New York", "median_age": 42.6, "median_income": 89659.0, "population_density": 1362.7295332494223, "county": "Onondaga" }, "geometry": { "type": "Polygon", "coordinates": [ [ [ -76.130165640773242, 43.14903255286201 ], [ -76.126132639816603, 43.147762555137838 ], [ -76.123004646538675, 43.152792554867574 ], [ -76.103662651162608, 43.153871563574754 ], [ -76.09399164982338, 43.151673568678149 ], [ -76.092010651298622, 43.152521569380454 ], [ -76.090778631287094, 43.137741573654075 ], [ -76.098417626859586, 43.135052571124447 ], [ -76.11273362522185, 43.134871565177889 ], [ -76.110944627616973, 43.136591565405077 ], [ -76.11112963270395, 43.140548564123847 ], [ -76.11496563222569, 43.14053156246527 ], [ -76.115092636395119, 43.143812561378503 ], [ -76.129813635758197, 43.144876554490629 ], [ -76.130165640773242, 43.14903255286201 ] ] ] } },
{ "type": "Feature", "properties": { "GEOID": "36067010600", "tract_name": "Census Tract 106; Onondaga County; New York", "median_age": 50.2, "median_income": 69375.0, "population_density": 1068.8838959159025, "county": "Onondaga" }, "geometry": { "type": "Polygon", "coordinates": [ [ [ -76.128186610424265, 43.124027562490227 ], [ -76.124467612984361, 43.125923563298421 ], [ -76.118550613569681, 43.126089565583207 ], [ -76.119170622237121, 43.133000563090505 ], [ -76.114402623030983, 43.133284564975042 ], [ -76.11273362522185, 43.134871565177889 ], [ -76.098417626859586, 43.135052571124447 ], [ -76.092097631448027, 43.137964573035092 ], [ -76.090778631287094, 43.137741573654075 ], [ -76.089933614926778, 43.125740576992214 ], [ -76.079832618722136, 43.127983580482571 ], [ -76.07844960831558, 43.120556582654764 ], [ -76.127725603732472, 43.118554564573287 ], [ -76.128186610424265, 43.124027562490227 ] ] ] } },
{ "type": "Feature", "properties": { "GEOID": "36067010700", "tract_name": "Census Tract 107; Onondaga County; New York", "median_age": 49.5, "median_income": 66223.0, "population_density": 2186.8559216074882, "county": "Onondaga" }, "geometry": { "type": "Polygon", "coordinates": [ [ [ -76.129813635758197, 43.144876554490629 ], [ -76.115092636395119, 43.143812561378503 ], [ -76.11496563222569, 43.14053156246527 ], [ -76.11112963270395, 43.140548564123847 ], [ -76.110944627616973, 43.136591565405077 ], [ -76.113280624482528, 43.134336565114474 ], [ -76.119170622237121, 43.133000563090505 ], [ -76.118550613569681, 43.126089565583207 ], [ -76.124467612984361, 43.125923563298421 ], [ -76.128186610424265, 43.124027562490227 ], [ -76.129813635758197, 43.144876554490629 ] ] ] } },
{ "type": "Feature", "properties": { "GEOID": "36067010800", "tract_name": "Census Tract 108; Onondaga County; New York", "median_age": 38.9, "median_income": 62479.0, "population_density": 4316.4634992170231, "county": "Onondaga" }, "geometry": { "type": "Polygon", "coordinates": [ [ [ -76.148610626258915, 43.138820548562066 ], [ -76.129499632071486, 43.141821555707033 ], [ -76.128133609572814, 43.123330562754035 ], [ -76.143728607899305, 43.122613556976795 ], [ -76.144130614572731, 43.128358554575271 ], [ -76.148136615073597, 43.129047552689677 ], [ -76.148389618198223, 43.131783551487189 ], [ -76.146284618626311, 43.131997552266739 ], [ -76.148610626258915, 43.138820548562066 ] ] ] } },
{ "type": "Feature", "properties": { "GEOID": "36067010900", "tract_name": "Census Tract 109; Onondaga County; New York", "median_age": 44.2, "median_income": 70547.0, "population_density": 2621.3144974785382, "county": "Onondaga" }, "geometry": { "type": "Polygon", "coordinates": [ [ [ -76.159539606299177, 43.12189555117584 ], [ -76.155941606663148, 43.122065552487875 ], [ -76.155942620028696, 43.133995547451775 ], [ -76.146602622709935, 43.135554550722105 ], [ -76.146284618626311, 43.131997552266739 ], [ -76.148389618198223, 43.131783551487189 ], [ -76.148136615073597, 43.129047552689677 ], [ -76.144130614572731, 43.128358554575271 ], [ -76.143728607899305, 43.122613556976795 ], [ -76.128133609572814, 43.123330562754035 ], [ -76.127725603732472, 43.118554564573287 ], [ -76.159097601105657, 43.117190553370968 ], [ -76.159539606299177, 43.12189555117584 ] ] ] } },
{ "type": "Feature", "properties": { "GEOID": "36067000200", "tract_name": "Census Tract 2; Onondaga County; New York", "median_age": 40.7, "median_income": 39048.0, "population_density": 9414.3653338383319, "county": "Onondaga" }, "geometry": { "type": "Polygon", "coordinates": [ [ [ -76.167067550689495, 43.070651571413428 ], [ -76.15756856276802, 43.082739568629634 ], [ -76.149094555187176, 43.076868573386449 ], [ -76.153246553651329, 43.075059573033045 ], [ -76.159029545803179, 43.067304574859271 ], [ -76.167067550689495, 43.070651571413428 ] ] ] } },
{ "type": "Feature", "properties": { "GEOID": "36067001600", "tract_name": "Census Tract 16; Onondaga County; New York", "median_age": 51.6, "median_income": 28969.0, "population_density": 16244.407223575618, "county": "Onondaga" }, "geometry": { "type": "Polygon", "coordinates": [ [ [ -76.145972527840641, 43.05358758343197 ], [ -76.140031532641601, 43.058715582697801 ], [ -76.132777535599203, 43.062313582980721 ], [ -76.129298531853252, 43.05975358467326 ], [ -76.130532529804555, 43.057879585066289 ], [ -76.142039526683305, 43.05330858434408 ], [ -76.142106524530092, 43.051460585043081 ], [ -76.145606524945649, 43.051157584466353 ], [ -76.145972527840641, 43.05358758343197 ] ] ] } },
{ "type": "Feature", "properties": { "GEOID": "36067001701", "tract_name": "Census Tract 17.01; Onondaga County; New York", "median_age": 35.2, "median_income": 54808.0, "population_density": 8225.54914962968, "county": "Onondaga" }, "geometry": { "type": "Polygon", "coordinates": [ [ [ -76.132571523237559, 43.052119586702638 ], [ -76.130081522623854, 43.052058587223968 ], [ -76.130607531163378, 43.058984584657445 ], [ -76.129298531853252, 43.05975358467326 ], [ -76.130530533796431, 43.061160583901533 ], [ -76.122686537180698, 43.065022584371071 ], [ -76.121868522389974, 43.053296588459624 ], [ -76.128796521652774, 43.05149258768008 ], [ -76.132571523237559, 43.052119586702638 ] ] ] } },
{ "type": "Feature", "properties": { "GEOID": "36067001702", "tract_name": "Census Tract 17.02; Onondaga County; New York", "median_age": 35.9, "median_income": 65677.0, "population_density": 6657.9524100400286, "county": "Onondaga" }, "geometry": { "type": "Polygon", "coordinates": [ [ [ -76.122686537180698, 43.065022584371071 ], [ -76.114104540154997, 43.068472585309486 ], [ -76.1130345248569, 43.05667958921461 ], [ -76.121868522389974, 43.053296588459624 ], [ -76.122686537180698, 43.065022584371071 ] ] ] } },
{ "type": "Feature", "properties": { "GEOID": "36067001800", "tract_name": "Census Tract 18; Onondaga County; New York", "median_age": 34.8, "median_income": 55481.0, "population_density": 8776.3851178102068, "county": "Onondaga" }, "geometry": { "type": "Polygon", "coordinates": [ [ [ -76.115704524508089, 43.055987588865356 ], [ -76.1130345248569, 43.05667958921461 ], [ -76.114104540154997, 43.068472585309486 ], [ -76.106377539440999, 43.068839587086366 ], [ -76.105385525372895, 43.058234590392523 ], [ -76.104100524372313, 43.057663590834146 ], [ -76.115595522941362, 43.054774589271375 ], [ -76.115704524508089, 43.055987588865356 ] ] ] } },
{ "type": "Feature", "properties": { "GEOID": "36067011232", "tract_name": "Census Tract 112.32; Onondaga County; New York", "median_age": 43.4, "median_income": 104375.0, "population_density": 1140.2514305280281, "county": "Onondaga" }, "geometry": { "type": "Polygon", "coordinates": [ [ [ -76.232924655460295, 43.185531483179787 ], [ -76.199877666092448, 43.186639500836186 ], [ -76.199520653964697, 43.173829507912821 ], [ -76.19797465178732, 43.171168510137022 ], [ -76.190121654599508, 43.172142513678224 ], [ -76.181058653518789, 43.168975519910497 ], [ -76.1890546354268, 43.152610524178968 ], [ -76.188080632120034, 43.149137526392558 ], [ -76.194223633125063, 43.151123522550236 ], [ -76.207508630405016, 43.150468516782958 ], [ -76.20794063524292, 43.155783513612398 ], [ -76.228496642798248, 43.169027495747763 ], [ -76.226082645673969, 43.171752495322075 ], [ -76.22664865215593, 43.179518490304758 ], [ -76.232924655460295, 43.185531483179787 ] ] ] } },
{ "type": "Feature", "properties": { "GEOID": "36065026200", "tract_name": "Census Tract 262; Oneida County; New York", "median_age": 34.6, "median_income": 99832.0, "population_density": 214.68272641382597, "county": "Oneida" }, "geometry": { "type": "Polygon", "coordinates": [ [ [ -75.341205359362192, 43.178383881685718 ], [ -75.313337350809505, 43.20663089104805 ], [ -75.287294340025582, 43.235959902937665 ], [ -75.243101297195125, 43.204389906162291 ], [ -75.188908265909774, 43.181767955219357 ], [ -75.243284272772954, 43.110164874384736 ], [ -75.247542277073308, 43.11563387147666 ], [ -75.246880276018743, 43.113192871386381 ], [ -75.255036280901564, 43.113184867964563 ], [ -75.257916283351861, 43.116557869111602 ], [ -75.255758282474986, 43.117822869517411 ], [ -75.258084284124479, 43.119166869971338 ], [ -75.258558285269842, 43.122525871075439 ], [ -75.263615287859693, 43.121439870714468 ], [ -75.263759289004497, 43.125298871948608 ], [ -75.268909291568676, 43.123861871464193 ], [ -75.267225291096395, 43.125602872019336 ], [ -75.28229030199256, 43.132278873838118 ], [ -75.290628309794911, 43.14041887593153 ], [ -75.296284313051061, 43.139745875572309 ], [ -75.298956313623606, 43.136829874724697 ], [ -75.301281315333057, 43.137610874866574 ], [ -75.303098317514653, 43.140428875538177 ], [ -75.300056316227753, 43.142029876052348 ], [ -75.298601316443083, 43.14507787690448 ], [ -75.303666320579893, 43.14754187733341 ], [ -75.307900322515138, 43.145594876666998 ], [ -75.313855327699216, 43.149063877254633 ], [ -75.311038327256426, 43.15246687821039 ], [ -75.313617331029718, 43.15760187930389 ], [ -75.320689338442349, 43.16396088032667 ], [ -75.323735340578565, 43.164100880144439 ], [ -75.332942349069427, 43.168921880496853 ], [ -75.331843349467732, 43.171466881114824 ], [ -75.335310351407827, 43.170411880615021 ], [ -75.33677035343139, 43.172549880927328 ], [ -75.335799353619876, 43.174417881387477 ], [ -75.340171357506875, 43.176061881328344 ], [ -75.339041357225625, 43.177165881647646 ], [ -75.341205359362192, 43.178383881685718 ] ], [ [ -75.320297339541, 43.167168881085139 ], [ -75.312803331496497, 43.160084879948563 ], [ -75.298291318418165, 43.150988878475218 ], [ -75.293553316481479, 43.154169879570354 ], [ -75.305238327040371, 43.161692880836561 ], [ -75.300975325079875, 43.164145881755502 ], [ -75.296779321698466, 43.162712881669307 ], [ -75.295281321817271, 43.165870882619323 ], [ -75.291863320015977, 43.167426883295889 ], [ -75.296971325834747, 43.173726884583942 ], [ -75.303708328785063, 43.168971882793187 ], [ -75.306905331904701, 43.171275883118405 ], [ -75.313140334454843, 43.166802881536142 ], [ -75.316558337974485, 43.169604881936465 ], [ -75.320297339541, 43.167168881085139 ] ] ] } },
{ "type": "Feature", "properties": { "GEOID": "36029006702", "tract_name": "Census Tract 67.02; Erie County; New York", "median_age": 40.4, "median_income": 44797.0, "population_density": 11727.607480621133, "county": "Erie" }, "geometry": { "type": "Polygon", "coordinates": [ [ [ -78.877136827504899, 42.902261358350813 ], [ -78.877085815359223, 42.911296356029041 ], [ -78.86591380125266, 42.911244354046005 ], [ -78.868971817084102, 42.902208356756816 ], [ -78.877136827504899, 42.902261358350813 ] ] ] } },
{ "type": "Feature", "properties": { "GEOID": "36029009106", "tract_name": "Census Tract 91.06; Erie County; New York", "median_age": 36.8, "median_income": 77451.0, "population_density": 734.40781291344297, "county": "Erie" }, "geometry": { "type": "Polygon", "coordinates": [ [ [ -78.807122585368035, 43.061137329601948 ], [ -78.800759578396068, 43.066270328968187 ], [ -78.777644563602337, 43.065494327868713 ], [ -78.770784557888263, 43.069537327168838 ], [ -78.76781856826841, 43.025485331016533 ], [ -78.783357582858656, 43.025302331332 ], [ -78.793990594467587, 43.021689331793041 ], [ -78.798979599213212, 43.021785331868848 ], [ -78.800462585086422, 43.052620329855408 ], [ -78.804624586824815, 43.055185329860436 ], [ -78.807122585368035, 43.061137329601948 ] ] ] } },
{ "type": "Feature", "properties": { "GEOID": "36029009109", "tract_name": "Census Tract 91.09; Erie County; New York", "median_age": 37.1, "median_income": 58924.0, "population_density": 2017.3391646316022, "county": "Erie" }, "geometry": { "type": "Polygon", "coordinates": [ [ [ -78.798171619891519, 42.990963334209624 ], [ -78.788658608797078, 42.991278334012065 ], [ -78.786618601431684, 42.995586333658636 ], [ -78.783717596306047, 42.997191333523922 ], [ -78.781433593682181, 42.997255333506956 ], [ -78.781967595808126, 42.995945333594221 ], [ -78.773241586137289, 42.995869333526578 ], [ -78.773157582410192, 42.999022333378868 ], [ -78.769491578282398, 42.999064333370022 ], [ -78.769477582168037, 42.995659333503511 ], [ -78.761724573462104, 42.995687333435129 ], [ -78.763020578168479, 42.992816333521631 ], [ -78.761879579711049, 42.9903213335648 ], [ -78.763251582910044, 42.988866333630355 ], [ -78.766293586142751, 42.989048333692566 ], [ -78.76930859527404, 42.984052333953251 ], [ -78.769172597822873, 42.981691334040015 ], [ -78.764579592093639, 42.982110333858422 ], [ -78.763931595946516, 42.978066333948512 ], [ -78.782223616467746, 42.97850833472755 ], [ -78.798171619891519, 42.990963334209624 ] ] ] } },
{ "type": "Feature", "properties": { "GEOID": "36055015101", "tract_name": "Census Tract 151.01; Monroe County; New York", "median_age": 38.1, "median_income": 86250.0, "population_density": 244.71321002746222, "county": "Monroe" }, "geometry": { "type": "Polygon", "coordinates": [ [ [ -77.921198302770236, 43.307220015006067 ], [ -77.904252313681496, 43.331750996298787 ], [ -77.897826319991793, 43.345919985439743 ], [ -77.898520322532079, 43.35171498127125 ], [ -77.893203321802417, 43.349884982100214 ], [ -77.890506324067559, 43.35493297811756 ], [ -77.874797322674411, 43.351261979306557 ], [ -77.84537932221194, 43.349281978006523 ], [ -77.828074320533872, 43.345009979772193 ], [ -77.807560320587783, 43.34451697831264 ], [ -77.834018293082977, 43.284073028570155 ], [ -77.921071292851536, 43.284509031095631 ], [ -77.921198302770236, 43.307220015006067 ] ] ] } },
{ "type": "Feature", "properties": { "GEOID": "36055015102", "tract_name": "Census Tract 151.02; Monroe County; New York", "median_age": 47.9, "median_income": 68125.0, "population_density": 151.80675243440103, "county": "Monroe" }, "geometry": { "type": "Polygon", "coordinates": [ [ [ -77.995698292677901, 43.284961033268488 ], [ -77.995503327329374, 43.366262981421379 ], [ -77.97594632954582, 43.370675976352317 ], [ -77.922344325308671, 43.358863978528667 ], [ -77.904093325254408, 43.358096977186122 ], [ -77.890506324067559, 43.35493297811756 ], [ -77.893203321802417, 43.349884982100214 ], [ -77.898520322532079, 43.35171498127125 ], [ -77.897826319991793, 43.345919985439743 ], [ -77.904252313681496, 43.331750996298787 ], [ -77.921198302770236, 43.307220015006067 ], [ -77.921071292851536, 43.284509031095631 ], [ -77.995698292677901, 43.284961033268488 ] ] ] } },
{ "type": "Feature", "properties": { "GEOID": "36055015200", "tract_name": "Census Tract 152; Monroe County; New York", "median_age": 42.5, "median_income": 75335.0, "population_density": 206.75717249231127, "county": "Monroe" }, "geometry": { "type": "Polygon", "coordinates": [ [ [ -77.996899366661168, 43.219519085689832 ], [ -77.995698292677901, 43.284961033268488 ], [ -77.834018293082977, 43.284073028570155 ], [ -77.864833336764036, 43.219759069460608 ], [ -77.996899366661168, 43.219519085689832 ] ] ] } },
{ "type": "Feature", "properties": { "GEOID": "36055015400", "tract_name": "Census Tract 154; Monroe County; New York", "median_age": 39.4, "median_income": 88563.0, "population_density": 141.26508871704777, "county": "Monroe" }, "geometry": { "type": "Polygon", "coordinates": [ [ [ -77.997290619365131, 43.132979171434613 ], [ -77.996899366661168, 43.219519085689832 ], [ -77.967009358705738, 43.219999081624593 ], [ -77.967952374977784, 43.21405908692217 ], [ -77.95709037097653, 43.214496084996561 ], [ -77.957134378431221, 43.211661087354322 ], [ -77.962139379905935, 43.211634088145622 ], [ -77.957123380570479, 43.21084508802943 ], [ -77.958783413956965, 43.198367098722052 ], [ -77.922272400501953, 43.198229091268473 ], [ -77.922371360542101, 43.215096079646543 ], [ -77.894851360976332, 43.211660077793312 ], [ -77.892126342709844, 43.219800072742203 ], [ -77.864833336764036, 43.219759069460608 ], [ -77.905934539900841, 43.13355912826335 ], [ -77.997290619365131, 43.132979171434613 ] ] ] } },
{ "type": "Feature", "properties": { "GEOID": "36029014209", "tract_name": "Census Tract 142.09; Erie County; New York", "median_age": 40.9, "median_income": 110128.0, "population_density": 4414.8186215468604, "county": "Erie" }, "geometry": { "type": "Polygon", "coordinates": [ [ [ -78.696925694697782, 42.92784529138121 ], [ -78.696935687583334, 42.934238289881364 ], [ -78.677215710628914, 42.933217274064027 ], [ -78.67220372372779, 42.926440272325962 ], [ -78.668075728335566, 42.926421269095755 ], [ -78.667963730560004, 42.924531269697049 ], [ -78.661612737190012, 42.924915264619713 ], [ -78.662827739584458, 42.92154526686992 ], [ -78.661608741396677, 42.921133266102373 ], [ -78.661586745568897, 42.91740026755253 ], [ -78.676950731123341, 42.915037279750678 ], [ -78.676845720738896, 42.924488276600826 ], [ -78.689511706720012, 42.92443928643663 ], [ -78.689527703036674, 42.927738285562363 ], [ -78.696925694697782, 42.92784529138121 ] ] ] } },
{ "type": "Feature", "properties": { "GEOID": "36001014614", "tract_name": "Census Tract 146.14; Albany County; New York", "median_age": 41.1, "median_income": 92037.0, "population_density": 2122.7720651383652, "county": "Albany" }, "geometry": { "type": "Polygon", "coordinates": [ [ [ -73.906228111482918, 42.678763932557018 ], [ -73.901864109965331, 42.683970930820081 ], [ -73.899858110447497, 42.690110927710499 ], [ -73.892391105612006, 42.69300592802513 ], [ -73.888084103644871, 42.697596926284461 ], [ -73.859616079135421, 42.688110940621719 ], [ -73.872224087515946, 42.683397940179646 ], [ -73.874572087138077, 42.675337944924706 ], [ -73.880877090165626, 42.669665946601981 ], [ -73.891102097654866, 42.670111942810607 ], [ -73.896736100775243, 42.667155942699132 ], [ -73.899384103557324, 42.669918940094966 ], [ -73.904319107612082, 42.671420937514256 ], [ -73.904540108269686, 42.67290593656044 ], [ -73.901273106075763, 42.673455937321158 ], [ -73.901332106806009, 42.675552936041051 ], [ -73.906228111482918, 42.678763932557018 ] ] ] } },
{ "type": "Feature", "properties": { "GEOID": "36029004002", "tract_name": "Census Tract 40.02; Erie County; New York", "median_age": 37.3, "median_income": 38958.0, "population_density": 5305.5505026101337, "county": "Erie" }, "geometry": { "type": "Polygon", "coordinates": [ [ [ -78.844144736478768, 42.940303344648143 ], [ -78.836541727321517, 42.940226343747788 ], [ -78.839218732619614, 42.938620344358419 ], [ -78.839275742929004, 42.930556345814892 ], [ -78.834768737451881, 42.930487345196539 ], [ -78.834204738564779, 42.929052345360887 ], [ -78.842694756021302, 42.923603347590493 ], [ -78.842680739140604, 42.936820345122101 ], [ -78.844144736478768, 42.940303344648143 ] ] ] } },
{ "type": "Feature", "properties": { "GEOID": "36029003502", "tract_name": "Census Tract 35.02; Erie County; New York", "median_age": 42.9, "median_income": null, "population_density": 5651.7511401071488, "county": "Erie" }, "geometry": { "type": "Polygon", "coordinates": [ [ [ -78.84595178554973, 42.903733351929958 ], [ -78.843618776547416, 42.90843835059097 ], [ -78.843474768397527, 42.914675349390656 ], [ -78.83909376293758, 42.914618348648304 ], [ -78.839068765809245, 42.912331349054114 ], [ -78.832403757429077, 42.912280347886188 ], [ -78.832381763804719, 42.907188348726855 ], [ -78.835708768022528, 42.907210349344744 ], [ -78.835840772721397, 42.903625349988971 ], [ -78.84595178554973, 42.903733351929958 ] ] ] } },
{ "type": "Feature", "properties": { "GEOID": "36029003501", "tract_name": "Census Tract 35.01; Erie County; New York", "median_age": 35.3, "median_income": 17108.0, "population_density": 5707.7745736518682, "county": "Erie" }, "geometry": { "type": "Polygon", "coordinates": [ [ [ -78.835839772530548, 42.903775349962856 ], [ -78.835708768022528, 42.907210349344744 ], [ -78.832381763804719, 42.907188348726855 ], [ -78.83239975766547, 42.912088347917326 ], [ -78.82900175329128, 42.912142347307331 ], [ -78.829420750854311, 42.914512347002471 ], [ -78.82428674441563, 42.914475346124391 ], [ -78.824248751893393, 42.908421347022831 ], [ -78.828934760203154, 42.906551348184003 ], [ -78.828904763955279, 42.903522348659543 ], [ -78.835839772530548, 42.903775349962856 ] ] ] } },
{ "type": "Feature", "properties": { "GEOID": "36029001404", "tract_name": "Census Tract 14.04; Erie County; New York", "median_age": 46.8, "median_income": 11364.0, "population_density": 2554.6158142241479, "county": "Erie" }, "geometry": { "type": "Polygon", "coordinates": [ [ [ -78.867634836526875, 42.886180360289593 ], [ -78.853968813905325, 42.889785356403387 ], [ -78.852898823022173, 42.881659357849401 ], [ -78.859020829693875, 42.882746359069408 ], [ -78.858275825760771, 42.885009358400218 ], [ -78.865988836126178, 42.884843360224629 ], [ -78.867634836526875, 42.886180360289593 ] ] ] } },
{ "type": "Feature", "properties": { "GEOID": "36029001403", "tract_name": "Census Tract 14.03; Erie County; New York", "median_age": 39.4, "median_income": 23750.0, "population_density": 10274.042277200089, "county": "Erie" }, "geometry": { "type": "Polygon", "coordinates": [ [ [ -78.869132844578445, 42.881581361735947 ], [ -78.867784837343208, 42.885711360435195 ], [ -78.866335835399269, 42.885741360094748 ], [ -78.858275825760771, 42.885009358400218 ], [ -78.859020829693875, 42.882746359069408 ], [ -78.852898823022173, 42.881659357849401 ], [ -78.852891824560587, 42.88046335809549 ], [ -78.855141829462411, 42.878981358950689 ], [ -78.869132844578445, 42.881581361735947 ] ] ] } },
{ "type": "Feature", "properties": { "GEOID": "36029007305", "tract_name": "Census Tract 73.05; Erie County; New York", "median_age": 49.9, "median_income": 95455.0, "population_density": 208.41385706352884, "county": "Erie" }, "geometry": { "type": "Polygon", "coordinates": [ [ [ -79.023256923639039, 43.016354432159531 ], [ -79.011747838903815, 43.02895438411155 ], [ -79.005139770237648, 43.04705435791702 ], [ -78.999435727101982, 43.056055338105267 ], [ -79.00713074402384, 43.065755366660902 ], [ -79.019228798679507, 43.067956413592199 ], [ -79.009664748982459, 43.069556376605156 ], [ -78.99052169751829, 43.068757338720722 ], [ -78.990119739826923, 43.045361336873761 ], [ -78.970613774292389, 43.01566833432404 ], [ -78.940748766627834, 43.000587333357231 ], [ -78.952044782586611, 42.998272334035484 ], [ -78.956414786648551, 42.998818333823756 ], [ -78.956088790245332, 42.996138334934969 ], [ -78.964800800147842, 42.996029335049819 ], [ -78.964390817327768, 42.984209340148503 ], [ -78.984289840508083, 42.983874340939082 ], [ -78.983257856750257, 42.972458346266805 ], [ -79.011563919439212, 42.985254392029773 ], [ -79.019964948701514, 42.994754422643922 ], [ -79.023256923639039, 43.016354432159531 ] ] ] } },
{ "type": "Feature", "properties": { "GEOID": "36029002704", "tract_name": "Census Tract 27.04; Erie County; New York", "median_age": 28.9, "median_income": 39657.0, "population_density": 11423.238390606786, "county": "Erie" }, "geometry": { "type": "Polygon", "coordinates": [ [ [ -78.835548784772982, 42.893788351626611 ], [ -78.834501771033231, 42.903602349733085 ], [ -78.828904763955279, 42.903522348659543 ], [ -78.828854774681076, 42.894899350018804 ], [ -78.835548784772982, 42.893788351626611 ] ] ] } },
{ "type": "Feature", "properties": { "GEOID": "36029002802", "tract_name": "Census Tract 28.02; Erie County; New York", "median_age": 26.1, "median_income": 27885.0, "population_density": 4316.2545902313841, "county": "Erie" }, "geometry": { "type": "Polygon", "coordinates": [ [ [ -78.828904763955279, 42.903522348659543 ], [ -78.824215758013139, 42.903464347757421 ], [ -78.811497739623462, 42.905165345075012 ], [ -78.811609744374707, 42.90139034556465 ], [ -78.826817767854934, 42.898251349069362 ], [ -78.828865769113236, 42.899360349312822 ], [ -78.828904763955279, 42.903522348659543 ] ] ] } },
{ "type": "Feature", "properties": { "GEOID": "36063024600", "tract_name": "Census Tract 246; Niagara County; New York", "median_age": 49.7, "median_income": 68564.0, "population_density": 2882.8605362412809, "county": "Niagara" }, "geometry": { "type": "Polygon", "coordinates": [ [ [ -78.889327633823498, 43.068310333432002 ], [ -78.865942619066459, 43.06815333222049 ], [ -78.864928646485481, 43.038649332672463 ], [ -78.872471654499108, 43.037001332912773 ], [ -78.880557641159328, 43.056111333040391 ], [ -78.889276642363029, 43.060657333418611 ], [ -78.889327633823498, 43.068310333432002 ] ] ] } },
{ "type": "Feature", "properties": { "GEOID": "36029016300", "tract_name": "Census Tract 163; Erie County; New York", "median_age": 48.1, "median_income": 30972.0, "population_density": 1249.8126816454348, "county": "Erie" }, "geometry": { "type": "Polygon", "coordinates": [ [ [ -78.849174837063359, 42.866930359903073 ], [ -78.845995830801328, 42.868473358753178 ], [ -78.844086817063413, 42.877211356592454 ], [ -78.841914814871828, 42.876665356156551 ], [ -78.839223807957495, 42.879291355016626 ], [ -78.830397800314927, 42.876055353395515 ], [ -78.82413878105119, 42.884849350521009 ], [ -78.814177768021494, 42.884786348219869 ], [ -78.814359774239094, 42.879908348894155 ], [ -78.822132798137091, 42.868933352367364 ], [ -78.825448804828127, 42.867139353514894 ], [ -78.823938803499459, 42.866571353195546 ], [ -78.825817809972477, 42.86340935418297 ], [ -78.825183812879501, 42.860384354466504 ], [ -78.831101821694688, 42.85977035623025 ], [ -78.839354828724865, 42.863075357965705 ], [ -78.842288833150477, 42.862721358840311 ], [ -78.849174837063359, 42.866930359903073 ] ] ] } },
{ "type": "Feature", "properties": { "GEOID": "36029017400", "tract_name": "Census Tract 174; Erie County; New York", "median_age": 32.0, "median_income": 41125.0, "population_density": 1296.3928239721915, "county": "Erie" }, "geometry": { "type": "Polygon", "coordinates": [ [ [ -78.873446929679119, 42.821908377595463 ], [ -78.874502920632466, 42.829829375988581 ], [ -78.870127913348327, 42.830659374288935 ], [ -78.86898190555462, 42.835328372779777 ], [ -78.864040902629341, 42.832275371842627 ], [ -78.836646864552222, 42.83185736266509 ], [ -78.834328868480441, 42.826150362849326 ], [ -78.838164873416034, 42.826554364120256 ], [ -78.837965899041123, 42.806114367670752 ], [ -78.840291903862962, 42.804985368783939 ], [ -78.864588938711208, 42.805420378223218 ], [ -78.873446929679119, 42.821908377595463 ] ] ] } },
{ "type": "Feature", "properties": { "GEOID": "36067004301", "tract_name": "Census Tract 43.01; Onondaga County; New York", "median_age": 22.0, "median_income": 12740.0, "population_density": 11627.321324719202, "county": "Onondaga" }, "geometry": { "type": "Polygon", "coordinates": [ [ [ -76.143003505209748, 43.034771591340004 ], [ -76.142549514379425, 43.042710588339503 ], [ -76.136622512840901, 43.042674589395453 ], [ -76.13922350320685, 43.033981592224485 ], [ -76.141957503864091, 43.033876591846919 ], [ -76.141706506374774, 43.036075591039513 ], [ -76.143003505209748, 43.034771591340004 ] ] ] } },
{ "type": "Feature", "properties": { "GEOID": "36029990000", "tract_name": "Census Tract 9900; Erie County; New York", "median_age": null, "median_income": null, "population_density": 0.0, "county": "Erie" }, "geometry": { "type": "Polygon", "coordinates": [ [ [ -79.312139399044298, 42.686805491279344 ], [ -78.999761137299643, 42.80436643170686 ], [ -78.930559970842026, 42.850103387823971 ], [ -78.906220869361277, 42.899030365090091 ], [ -78.905340875106404, 42.894070366462458 ], [ -78.894294873574495, 42.884695366830243 ], [ -78.892420876259749, 42.880919367477929 ], [ -78.894560882525852, 42.8784083687218 ], [ -78.893762887093345, 42.87429136971808 ], [ -78.884094887384606, 42.864514369910751 ], [ -78.875383893740846, 42.850921370966006 ], [ -78.871180889243675, 42.849951369941166 ], [ -78.865376891707925, 42.84200337003405 ], [ -78.862089888115221, 42.84125336915772 ], [ -78.865588895215524, 42.83956337066931 ], [ -78.862260895120556, 42.836090370379296 ], [ -78.862283900162424, 42.832268371250898 ], [ -78.86898190555462, 42.835328372779777 ], [ -78.870127913348327, 42.830659374288935 ], [ -78.874502920632466, 42.829829375988581 ], [ -78.874050928567954, 42.823390377441882 ], [ -78.870633933869541, 42.815717378090483 ], [ -78.861456941442967, 42.799848378246608 ], [ -78.85795793721708, 42.799152376987905 ], [ -78.855771940261761, 42.794338377129101 ], [ -78.856135953107042, 42.784869379303203 ], [ -78.863570972499431, 42.778557383966756 ], [ -78.867288985860199, 42.772672387014055 ], [ -78.877415007622844, 42.767873392879615 ], [ -78.88225502214371, 42.762565396554926 ], [ -78.903625069037275, 42.748810411101076 ], [ -78.909385072290632, 42.746806414793419 ], [ -78.918845062167009, 42.738387423084177 ], [ -78.944980082736734, 42.733107439479319 ], [ -78.962355075079898, 42.723761453763146 ], [ -78.967156079268008, 42.723196456784152 ], [ -78.97365006489656, 42.716728463992688 ], [ -78.991691049865778, 42.706782480376567 ], [ -79.009367136103563, 42.705797553787761 ], [ -79.01509617589474, 42.703019597391695 ], [ -79.02021622037843, 42.703019634590909 ], [ -79.027408265736881, 42.697732691681672 ], [ -79.035576337550424, 42.697732751510095 ], [ -79.041792382136251, 42.694328800704049 ], [ -79.049716447062096, 42.692446861240157 ], [ -79.053251459661325, 42.685547895653436 ], [ -79.055201474858976, 42.684651911301941 ], [ -79.056420465557181, 42.677035929854675 ], [ -79.06141850277541, 42.673630972036712 ], [ -79.064832522288299, 42.668792004423132 ], [ -79.065936477089153, 42.646425042992448 ], [ -79.073225537488014, 42.641710107309933 ], [ -79.081267616839426, 42.641617171406686 ], [ -79.085289640110645, 42.633759215684634 ], [ -79.088430666388746, 42.631170245083688 ], [ -79.092703710629507, 42.63172527865634 ], [ -79.095845738999103, 42.629969306949079 ], [ -79.099112759372986, 42.623035345277941 ], [ -79.104390810165711, 42.621093391809659 ], [ -79.107909839809395, 42.617118427832182 ], [ -79.112810886759675, 42.61462247283238 ], [ -79.114546892949306, 42.60683050190547 ], [ -79.116183906542517, 42.604342520316237 ], [ -79.120619952311216, 42.603370559357295 ], [ -79.123840972896517, 42.593186606683119 ], [ -79.131325051380756, 42.590948674926103 ], [ -79.137875100785692, 42.570461774855282 ], [ -79.222724026298465, 42.625057347910882 ], [ -79.312139399044298, 42.686805491279344 ] ] ] } },
{ "type": "Feature", "properties": { "GEOID": "36029009115", "tract_name": "Census Tract 91.15; Erie County; New York", "median_age": 27.5, "median_income": 38804.0, "population_density": 4469.5095494099714, "county": "Erie" }, "geometry": { "type": "Polygon", "coordinates": [ [ [ -78.8222956289232, 43.010613332807928 ], [ -78.822280627716438, 43.012430332717834 ], [ -78.817072622398499, 43.012398332670344 ], [ -78.815467624040664, 43.006994332950761 ], [ -78.813151622726949, 43.005057333047787 ], [ -78.803768612944751, 43.004461333049612 ], [ -78.803042608282141, 43.011888332570834 ], [ -78.799153601097245, 43.018318332104315 ], [ -78.794685595083763, 43.02180033179669 ], [ -78.788995590631842, 43.0194223318803 ], [ -78.79406059735237, 43.015563332228901 ], [ -78.790948594678412, 43.014541332267022 ], [ -78.790693595308369, 43.01250833241366 ], [ -78.798969603885382, 43.012307332505863 ], [ -78.798733611274784, 42.998686333462096 ], [ -78.80214162051422, 42.994163333945913 ], [ -78.8222956289232, 43.010613332807928 ] ] ] } },
{ "type": "Feature", "properties": { "GEOID": "36029009009", "tract_name": "Census Tract 90.09; Erie County; New York", "median_age": 42.2, "median_income": 133179.0, "population_density": 628.61194770892541, "county": "Erie" }, "geometry": { "type": "Polygon", "coordinates": [ [ [ -78.767816568621228, 43.024209331132489 ], [ -78.770784557888263, 43.069537327168838 ], [ -78.760000550806893, 43.070871326469714 ], [ -78.751257545652464, 43.069254326166138 ], [ -78.7449315490326, 43.069919320546369 ], [ -78.735168554499296, 43.083029308695743 ], [ -78.727982559450282, 43.086172300661204 ], [ -78.72401456273171, 43.085459296461899 ], [ -78.719048567827784, 43.081053291524626 ], [ -78.715218570283497, 43.083181287207431 ], [ -78.709488575012529, 43.082579281092578 ], [ -78.707321575347848, 43.086946278381319 ], [ -78.696906583673282, 43.086335267237672 ], [ -78.696913593898842, 43.057724269598907 ], [ -78.702749588606338, 43.058014275918055 ], [ -78.706610586338783, 43.054378280428317 ], [ -78.714200580342307, 43.051436288952488 ], [ -78.724557570368802, 43.053439300049796 ], [ -78.724475575217028, 43.034504301736249 ], [ -78.747728552415197, 43.034722327215157 ], [ -78.759201560491448, 43.024226330972311 ], [ -78.767816568621228, 43.024209331132489 ] ] ] } },
{ "type": "Feature", "properties": { "GEOID": "36029009116", "tract_name": "Census Tract 91.16; Erie County; New York", "median_age": 29.2, "median_income": 64634.0, "population_density": 5582.910634245136, "county": "Erie" }, "geometry": { "type": "Polygon", "coordinates": [ [ [ -78.82226862705518, 43.013420332668701 ], [ -78.822179619514614, 43.024796332103676 ], [ -78.807471607153133, 43.022170331986054 ], [ -78.806993607667721, 43.020401332086145 ], [ -78.794685595083763, 43.02180033179669 ], [ -78.802256606448879, 43.013871332435372 ], [ -78.803768612944751, 43.004461333049612 ], [ -78.812888622530167, 43.004911333055055 ], [ -78.815467624040664, 43.006994332950761 ], [ -78.817072622398499, 43.012398332670344 ], [ -78.82226862705518, 43.013420332668701 ] ] ] } },
{ "type": "Feature", "properties": { "GEOID": "36029017502", "tract_name": "Census Tract 175.02; Erie County; New York", "median_age": 48.4, "median_income": 74728.0, "population_density": 67.585481770810347, "county": "Erie" }, "geometry": { "type": "Polygon", "coordinates": [ [ [ -78.943973340324533, 42.50007554884322 ], [ -78.943927439410714, 42.531237534079899 ], [ -78.930799449607704, 42.531232520492445 ], [ -78.930814453781835, 42.532609519902671 ], [ -78.783500567596732, 42.533546367823362 ], [ -78.783514553071683, 42.521994369797923 ], [ -78.779541556179595, 42.521939365476847 ], [ -78.778684492483322, 42.461876456930035 ], [ -78.771529498883126, 42.460243452000242 ], [ -78.770033499027321, 42.458457454395898 ], [ -78.781351484138369, 42.455191476360056 ], [ -78.794110476287699, 42.462499474419531 ], [ -78.797127473144371, 42.462653477753662 ], [ -78.804672461860804, 42.458758496732649 ], [ -78.809681456536296, 42.458866502687755 ], [ -78.821805437040382, 42.450725538462336 ], [ -78.826354432965104, 42.451761541582499 ], [ -78.827315429290024, 42.448382551453747 ], [ -78.832057424633092, 42.448932556087627 ], [ -78.838734412646915, 42.442695580799821 ], [ -78.845330407389966, 42.445022583241936 ], [ -78.849888400733661, 42.442695595235612 ], [ -78.867565381497073, 42.442221619388761 ], [ -78.870682376152502, 42.439530630693525 ], [ -78.877711370296481, 42.441727633880291 ], [ -78.883795361042942, 42.4379956520063 ], [ -78.887508360236794, 42.442266645105789 ], [ -78.892192353034403, 42.439264659486398 ], [ -78.894694350603288, 42.439585661860612 ], [ -78.900217351674087, 42.449152642328805 ], [ -78.905510343873999, 42.446219657315716 ], [ -78.91237733777794, 42.447969661167519 ], [ -78.915672331160096, 42.443657677639173 ], [ -78.920446325272366, 42.44255468695674 ], [ -78.922040325745726, 42.445615680253105 ], [ -78.921008329114414, 42.448797669823684 ], [ -78.918373332470296, 42.449539664348237 ], [ -78.918275334799063, 42.452655655336166 ], [ -78.929034328194106, 42.459695648596927 ], [ -78.929081332831274, 42.466340629473031 ], [ -78.924456336447392, 42.46435762953174 ], [ -78.914151349527955, 42.467017609356333 ], [ -78.914161357115503, 42.477619579269103 ], [ -78.919427354674269, 42.48227957218851 ], [ -78.914175362113397, 42.48461455942634 ], [ -78.914046370794281, 42.496527525459676 ], [ -78.928705354654099, 42.496682541462796 ], [ -78.929175357901329, 42.500393532342436 ], [ -78.943973340324533, 42.50007554884322 ] ] ] } },
{ "type": "Feature", "properties": { "GEOID": "36029016200", "tract_name": "Census Tract 162; Erie County; New York", "median_age": 47.7, "median_income": 56645.0, "population_density": 2257.3225029690016, "county": "Erie" }, "geometry": { "type": "Polygon", "coordinates": [ [ [ -78.823947880109984, 42.804926362375653 ], [ -78.823933847328561, 42.831292358445538 ], [ -78.815395842348337, 42.825534356303621 ], [ -78.80381985126607, 42.804511354515462 ], [ -78.823947880109984, 42.804926362375653 ] ] ] } },
{ "type": "Feature", "properties": { "GEOID": "36055011304", "tract_name": "Census Tract 113.04; Monroe County; New York", "median_age": 48.0, "median_income": 127470.0, "population_density": 1434.2872085822776, "county": "Monroe" }, "geometry": { "type": "Polygon", "coordinates": [ [ [ -77.451662544364581, 43.261891357333148 ], [ -77.434540621062993, 43.26774132206063 ], [ -77.4327576274531, 43.266312317129774 ], [ -77.426020656603114, 43.26756430284248 ], [ -77.418470686959125, 43.265689284510309 ], [ -77.420119679780612, 43.265312287950223 ], [ -77.419357690249896, 43.232484309106546 ], [ -77.446682581502813, 43.230756372320094 ], [ -77.446701564003646, 43.260334345148152 ], [ -77.450910545633349, 43.259662354426581 ], [ -77.451662544364581, 43.261891357333148 ] ] ] } },
{ "type": "Feature", "properties": { "GEOID": "36055011904", "tract_name": "Census Tract 119.04; Monroe County; New York", "median_age": 49.2, "median_income": 91897.0, "population_density": 1842.6869246989299, "county": "Monroe" }, "geometry": { "type": "Polygon", "coordinates": [ [ [ -77.486221702761497, 43.078903667158606 ], [ -77.486113666202442, 43.098789639773983 ], [ -77.48342666798888, 43.101319633455439 ], [ -77.481920671868565, 43.101177632060171 ], [ -77.48336167226212, 43.099051636553675 ], [ -77.46490771136142, 43.102076612658742 ], [ -77.455956736148678, 43.099925606636084 ], [ -77.454649755701922, 43.088610623905261 ], [ -77.459106752558, 43.084058635452735 ], [ -77.460682756790732, 43.079032644898547 ], [ -77.474501727554326, 43.078957656958139 ], [ -77.477268724044649, 43.077595661323315 ], [ -77.486221702761497, 43.078903667158606 ] ] ] } },
{ "type": "Feature", "properties": { "GEOID": "36055011903", "tract_name": "Census Tract 119.03; Monroe County; New York", "median_age": 39.3, "median_income": 133750.0, "population_density": 2382.8559617691171, "county": "Monroe" }, "geometry": { "type": "Polygon", "coordinates": [ [ [ -77.460682756790732, 43.079032644898547 ], [ -77.459106752558, 43.084058635452735 ], [ -77.451288757698293, 43.092549614114077 ], [ -77.442067781415332, 43.090579608513714 ], [ -77.442100786951357, 43.086241616166447 ], [ -77.432098809891286, 43.085577608112672 ], [ -77.432101817396713, 43.079140619985878 ], [ -77.460682756790732, 43.079032644898547 ] ] ] } },
{ "type": "Feature", "properties": { "GEOID": "36055009403", "tract_name": "Census Tract 94.03; Monroe County; New York", "median_age": 34.7, "median_income": null, "population_density": 97470.810172347818, "county": "Monroe" }, "geometry": { "type": "Polygon", "coordinates": [ [ [ -77.61417446223966, 43.15189080139092 ], [ -77.613110460545158, 43.15330879842849 ], [ -77.612614463704929, 43.151519798726845 ], [ -77.61417446223966, 43.15189080139092 ] ] ] } },
{ "type": "Feature", "properties": { "GEOID": "36055011507", "tract_name": "Census Tract 115.07; Monroe County; New York", "median_age": 42.2, "median_income": 87306.0, "population_density": 2038.2298691934607, "county": "Monroe" }, "geometry": { "type": "Polygon", "coordinates": [ [ [ -77.526593464326524, 43.176039610505654 ], [ -77.521321447857247, 43.185760588878466 ], [ -77.522321426042595, 43.196760578385742 ], [ -77.484582490559845, 43.196723502472835 ], [ -77.484619516700192, 43.182374522422514 ], [ -77.507912460321648, 43.18241656556534 ], [ -77.513667472898078, 43.174757586271966 ], [ -77.517980471999536, 43.174177595509697 ], [ -77.526593464326524, 43.176039610505654 ] ] ] } },
{ "type": "Feature", "properties": { "GEOID": "36055013003", "tract_name": "Census Tract 130.03; Monroe County; New York", "median_age": 44.3, "median_income": 143750.0, "population_density": 2584.3148665638578, "county": "Monroe" }, "geometry": { "type": "Polygon", "coordinates": [ [ [ -77.575637560083052, 43.108185767415058 ], [ -77.571374549424476, 43.115954753425427 ], [ -77.553706560531992, 43.116517722988512 ], [ -77.551839565511969, 43.114501721824617 ], [ -77.553074570920458, 43.111081727274964 ], [ -77.557042572217341, 43.108828736065327 ], [ -77.575637560083052, 43.108185767415058 ] ] ] } },
{ "type": "Feature", "properties": { "GEOID": "36055011709", "tract_name": "Census Tract 117.09; Monroe County; New York", "median_age": 45.3, "median_income": 195179.0, "population_density": 646.89541150605157, "county": "Monroe" }, "geometry": { "type": "Polygon", "coordinates": [ [ [ -77.407423844772111, 43.108494538165971 ], [ -77.402492857054497, 43.108535532547258 ], [ -77.402579847748271, 43.119986508575799 ], [ -77.400631850677527, 43.122871500081551 ], [ -77.373244924083167, 43.122801466080141 ], [ -77.371983946665992, 43.075596576342356 ], [ -77.401646875905627, 43.087129576765896 ], [ -77.400746876594866, 43.088836572308729 ], [ -77.403365866604787, 43.093938564108598 ], [ -77.407262857630471, 43.093890568084511 ], [ -77.407423844772111, 43.108494538165971 ] ] ] } },
{ "type": "Feature", "properties": { "GEOID": "36055013510", "tract_name": "Census Tract 135.10; Monroe County; New York", "median_age": 48.8, "median_income": 93684.0, "population_density": 2309.8107661381132, "county": "Monroe" }, "geometry": { "type": "Polygon", "coordinates": [ [ [ -77.733856315896162, 43.220136019832324 ], [ -77.733352293928718, 43.239011017144527 ], [ -77.716128298318296, 43.238759977447216 ], [ -77.71664932573205, 43.216427982375919 ], [ -77.71820633050757, 43.21213198647586 ], [ -77.731797323184693, 43.214482015791269 ], [ -77.733856315896162, 43.220136019832324 ] ] ] } },
{ "type": "Feature", "properties": { "GEOID": "36055013509", "tract_name": "Census Tract 135.09; Monroe County; New York", "median_age": 52.1, "median_income": 105026.0, "population_density": 2572.3693896954251, "county": "Monroe" }, "geometry": { "type": "Polygon", "coordinates": [ [ [ -77.716487316677899, 43.223808980782557 ], [ -77.716128298318296, 43.238759977447216 ], [ -77.696649303328684, 43.238469932606428 ], [ -77.696801322589337, 43.223690936891344 ], [ -77.716487316677899, 43.223808980782557 ] ] ] } },
{ "type": "Feature", "properties": { "GEOID": "36055008801", "tract_name": "Census Tract 88.01; Monroe County; New York", "median_age": 38.4, "median_income": 42835.0, "population_density": 5920.6031692111737, "county": "Monroe" }, "geometry": { "type": "Polygon", "coordinates": [ [ [ -77.669709393016788, 43.179205894335347 ], [ -77.649042402364728, 43.179251852813856 ], [ -77.648719424147288, 43.164648859566817 ], [ -77.654144421380906, 43.16465287006281 ], [ -77.64956042849488, 43.161418862817776 ], [ -77.649334434828674, 43.157216864500974 ], [ -77.664666425942627, 43.157685893399361 ], [ -77.664677416005631, 43.1646638904407 ], [ -77.659405418702462, 43.164653880243009 ], [ -77.659198405524151, 43.173857875660012 ], [ -77.669731400488274, 43.173879896518976 ], [ -77.669709393016788, 43.179205894335347 ] ] ] } },
{ "type": "Feature", "properties": { "GEOID": "36055011401", "tract_name": "Census Tract 114.01; Monroe County; New York", "median_age": 38.9, "median_income": 86033.0, "population_density": 669.270946170652, "county": "Monroe" }, "geometry": { "type": "Polygon", "coordinates": [ [ [ -77.419526681460511, 43.240522293773573 ], [ -77.400513760479313, 43.240790249950287 ], [ -77.40008577700867, 43.221445290058597 ], [ -77.375305872921558, 43.224485230697915 ], [ -77.375048886462338, 43.196384295971846 ], [ -77.411478755019672, 43.196357364863069 ], [ -77.411322748866567, 43.203784349524454 ], [ -77.418543723760791, 43.202148366846274 ], [ -77.419526681460511, 43.240522293773573 ] ] ] } },
{ "type": "Feature", "properties": { "GEOID": "36055013005", "tract_name": "Census Tract 130.05; Monroe County; New York", "median_age": 25.5, "median_income": 49688.0, "population_density": 1390.1604064265234, "county": "Monroe" }, "geometry": { "type": "Polygon", "coordinates": [ [ [ -77.632863540358301, 43.094406870060155 ], [ -77.623303518655717, 43.112839843233772 ], [ -77.612516531603873, 43.109484827465025 ], [ -77.611251524553737, 43.114395821956336 ], [ -77.609571524857941, 43.114924818756101 ], [ -77.571374549424476, 43.115954753425427 ], [ -77.580322572242821, 43.09922878276295 ], [ -77.570488584823721, 43.096273769607407 ], [ -77.632863540358301, 43.094406870060155 ] ] ] } },
{ "type": "Feature", "properties": { "GEOID": "36055013208", "tract_name": "Census Tract 132.08; Monroe County; New York", "median_age": 45.8, "median_income": 60547.0, "population_density": 864.63202253457905, "county": "Monroe" }, "geometry": { "type": "Polygon", "coordinates": [ [ [ -77.657872588735827, 43.047773931163903 ], [ -77.647092568851647, 43.067926906229978 ], [ -77.607743601526465, 43.068704848578442 ], [ -77.618775625815545, 43.047477878569403 ], [ -77.657872588735827, 43.047773931163903 ] ] ] } },
{ "type": "Feature", "properties": { "GEOID": "36055009404", "tract_name": "Census Tract 94.04; Monroe County; New York", "median_age": 35.1, "median_income": 75366.0, "population_density": 2309.1029448349427, "county": "Monroe" }, "geometry": { "type": "Polygon", "coordinates": [ [ [ -77.62018345374878, 43.15513981052451 ], [ -77.613083448821996, 43.160590793388202 ], [ -77.609474460433503, 43.154608790684591 ], [ -77.609330466029533, 43.15121479280247 ], [ -77.612614463704929, 43.151519798726845 ], [ -77.613110460545158, 43.15330879842849 ], [ -77.61417446223966, 43.15189080139092 ], [ -77.618086458476029, 43.152888808052417 ], [ -77.62018345374878, 43.15513981052451 ] ] ] } },
{ "type": "Feature", "properties": { "GEOID": "36055009401", "tract_name": "Census Tract 94.01; Monroe County; New York", "median_age": 34.3, "median_income": null, "population_density": 10623.916496163129, "county": "Monroe" }, "geometry": { "type": "Polygon", "coordinates": [ [ [ -77.613083448821996, 43.160590793388202 ], [ -77.601781452236125, 43.162105770623498 ], [ -77.595821459707977, 43.159488761185386 ], [ -77.610448457328715, 43.156195791412117 ], [ -77.613083448821996, 43.160590793388202 ] ] ] } },
{ "type": "Feature", "properties": { "GEOID": "36055013004", "tract_name": "Census Tract 130.04; Monroe County; New York", "median_age": 35.1, "median_income": 78682.0, "population_density": 4395.2974799605936, "county": "Monroe" }, "geometry": { "type": "Polygon", "coordinates": [ [ [ -77.580258572056891, 43.099363782545382 ], [ -77.57576556046007, 43.107917767860265 ], [ -77.556261572388451, 43.109040734566634 ], [ -77.553074570920458, 43.111081727274964 ], [ -77.551839565511969, 43.114501721824617 ], [ -77.546364577576099, 43.110043717147036 ], [ -77.553435596704716, 43.09685374187282 ], [ -77.570488584823721, 43.096273769607407 ], [ -77.580258572056891, 43.099363782545382 ] ] ] } },
{ "type": "Feature", "properties": { "GEOID": "36055012308", "tract_name": "Census Tract 123.08; Monroe County; New York", "median_age": 56.3, "median_income": 157115.0, "population_density": 1830.5219450860534, "county": "Monroe" }, "geometry": { "type": "Polygon", "coordinates": [ [ [ -77.568014634642338, 43.069291790240079 ], [ -77.558560609937842, 43.087406759102109 ], [ -77.542683622575609, 43.087367734556331 ], [ -77.542866626990545, 43.084927737368957 ], [ -77.537859633549743, 43.083575731112873 ], [ -77.530788651032282, 43.077413727058591 ], [ -77.522256659758511, 43.076558715247565 ], [ -77.528637669397426, 43.068779733399978 ], [ -77.568014634642338, 43.069291790240079 ] ] ] } },
{ "type": "Feature", "properties": { "GEOID": "36043010502", "tract_name": "Census Tract 105.02; Herkimer County; New York", "median_age": 49.9, "median_income": 67358.0, "population_density": 51.110296322689237, "county": "Herkimer" }, "geometry": { "type": "Polygon", "coordinates": [ [ [ -75.076826062257652, 42.986494021898615 ], [ -75.072128061873656, 42.99342203858658 ], [ -75.047436031940549, 42.988358063218172 ], [ -75.022965005296086, 42.987904094681952 ], [ -75.023966008850167, 42.990927097011884 ], [ -75.02211801344194, 42.998878108883851 ], [ -75.024287018435089, 43.001915107753909 ], [ -75.018243018076831, 43.008006115818837 ], [ -75.015698014062963, 43.006534118789972 ], [ -75.015982013140558, 43.005289118317279 ], [ -75.004640996957889, 43.000740131841447 ], [ -75.003548998765368, 43.003644133440076 ], [ -75.001777996955923, 43.003654135618483 ], [ -75.0024469991302, 43.005118134921624 ], [ -74.999841000299099, 43.009004138378231 ], [ -74.992594993252737, 43.015714144621697 ], [ -74.959235934809513, 43.021272170633523 ], [ -74.955836930774538, 43.02375117314849 ], [ -74.955603932811101, 43.026217173225078 ], [ -74.952769927397412, 43.026255175364248 ], [ -74.945707909123854, 43.021586181019366 ], [ -74.938045896483302, 43.02367018671935 ], [ -74.928437874617629, 43.020272194444217 ], [ -74.922413862946001, 43.020176199108342 ], [ -74.916666849457954, 43.017716203916279 ], [ -74.902296790569451, 42.94513914757588 ], [ -74.992510936387333, 42.951707092053638 ], [ -75.076826062257652, 42.986494021898615 ] ] ] } },
{ "type": "Feature", "properties": { "GEOID": "36067002901", "tract_name": "Census Tract 29.01; Onondaga County; New York", "median_age": 33.3, "median_income": 76591.0, "population_density": 3870.4205579323134, "county": "Onondaga" }, "geometry": { "type": "Polygon", "coordinates": [ [ [ -76.194617533328753, 43.048679576052614 ], [ -76.192381529688419, 43.045495578130868 ], [ -76.184224530856682, 43.048595578085987 ], [ -76.186482535157623, 43.052360575761504 ], [ -76.182209533980782, 43.052110576744646 ], [ -76.176266528711352, 43.048293579752915 ], [ -76.170824527253487, 43.048105580876978 ], [ -76.171095522284929, 43.043371583012771 ], [ -76.171641520867325, 43.041906583594766 ], [ -76.173931521333259, 43.041793583249856 ], [ -76.17395551904508, 43.039612584269847 ], [ -76.188707519786632, 43.036445583405659 ], [ -76.189690526159353, 43.042594580106538 ], [ -76.192235526625794, 43.042414579752837 ], [ -76.194910531062206, 43.046279577256001 ], [ -76.194617533328753, 43.048679576052614 ] ] ] } },
{ "type": "Feature", "properties": { "GEOID": "36001014615", "tract_name": "Census Tract 146.15; Albany County; New York", "median_age": 37.4, "median_income": 91890.0, "population_density": 1282.1500862080825, "county": "Albany" }, "geometry": { "type": "Polygon", "coordinates": [ [ [ -73.938971144568399, 42.700075911639637 ], [ -73.937579144707527, 42.703082910499937 ], [ -73.922423134367605, 42.707688911768308 ], [ -73.900840114309062, 42.699628921696018 ], [ -73.888084103644871, 42.697596926284461 ], [ -73.892391105612006, 42.69300592802513 ], [ -73.899858110447497, 42.690110927710499 ], [ -73.901864109965331, 42.683970930820081 ], [ -73.906228111482918, 42.678763932557018 ], [ -73.908646114135095, 42.681264930338365 ], [ -73.90827411441839, 42.682895929505641 ], [ -73.913478118518626, 42.683451927600267 ], [ -73.915434120668138, 42.685338925947129 ], [ -73.914768120986153, 42.687626924858307 ], [ -73.922772128757018, 42.692079920115376 ], [ -73.931471133874041, 42.688077919746405 ], [ -73.932270135042145, 42.689477918795873 ], [ -73.929770133326144, 42.689977919252996 ], [ -73.928670133499878, 42.692576918207145 ], [ -73.93356913849081, 42.695575915317804 ], [ -73.934169139887445, 42.69787591398876 ], [ -73.938971144568399, 42.700075911639637 ] ] ] } },
{ "type": "Feature", "properties": { "GEOID": "36001013507", "tract_name": "Census Tract 135.07; Albany County; New York", "median_age": 33.6, "median_income": 77266.0, "population_density": 1035.428513579757, "county": "Albany" }, "geometry": { "type": "Polygon", "coordinates": [ [ [ -73.802734039936524, 42.763941902954365 ], [ -73.786035025965788, 42.759644904747439 ], [ -73.766450009026215, 42.751780906776304 ], [ -73.76105200416977, 42.747790909555917 ], [ -73.762153005107891, 42.7368379203497 ], [ -73.790764030323814, 42.73937391367938 ], [ -73.794186033893794, 42.746389906825279 ], [ -73.793530033282636, 42.75271690370289 ], [ -73.799800037673521, 42.76200290323721 ], [ -73.802734039936524, 42.763941902954365 ] ] ] } },
{ "type": "Feature", "properties": { "GEOID": "36055013207", "tract_name": "Census Tract 132.07; Monroe County; New York", "median_age": 42.9, "median_income": 106250.0, "population_density": 806.09344361535375, "county": "Monroe" }, "geometry": { "type": "Polygon", "coordinates": [ [ [ -77.668503607753337, 43.027214953902849 ], [ -77.657872588735827, 43.047773931163903 ], [ -77.579416661929713, 43.047928825100044 ], [ -77.595222698073499, 43.017560869975995 ], [ -77.667693621947379, 43.01774395679363 ], [ -77.668503607753337, 43.027214953902849 ] ] ] } },
{ "type": "Feature", "properties": { "GEOID": "36055012307", "tract_name": "Census Tract 123.07; Monroe County; New York", "median_age": 42.1, "median_income": 197344.0, "population_density": 456.37015190442037, "county": "Monroe" }, "geometry": { "type": "Polygon", "coordinates": [ [ [ -77.586900679119168, 43.033761846774226 ], [ -77.568257635185134, 43.068868790979067 ], [ -77.527448669684006, 43.069161731244144 ], [ -77.534103692493005, 43.05415775715305 ], [ -77.540404704975131, 43.04444677604797 ], [ -77.54265472244866, 43.03395878993134 ], [ -77.586900679119168, 43.033761846774226 ] ] ] } },
{ "type": "Feature", "properties": { "GEOID": "36055011209", "tract_name": "Census Tract 112.09; Monroe County; New York", "median_age": 50.8, "median_income": 57153.0, "population_density": 5379.5161293641513, "county": "Monroe" }, "geometry": { "type": "Polygon", "coordinates": [ [ [ -77.462294571219061, 43.196638460426733 ], [ -77.461017557498153, 43.208600438972667 ], [ -77.443083622464869, 43.210532399794538 ], [ -77.443154640489425, 43.19653342440165 ], [ -77.462294571219061, 43.196638460426733 ] ] ] } },
{ "type": "Feature", "properties": { "GEOID": "36055011506", "tract_name": "Census Tract 115.06; Monroe County; New York", "median_age": 46.3, "median_income": 131574.0, "population_density": 724.48777460429915, "county": "Monroe" }, "geometry": { "type": "Polygon", "coordinates": [ [ [ -77.484619516700192, 43.182374522422514 ], [ -77.484582490559845, 43.196723502472835 ], [ -77.375048886462338, 43.196384295971846 ], [ -77.374710893710699, 43.182724327370103 ], [ -77.377389884978854, 43.181728334425259 ], [ -77.484619516700192, 43.182374522422514 ] ] ] } },
{ "type": "Feature", "properties": { "GEOID": "36055011402", "tract_name": "Census Tract 114.02; Monroe County; New York", "median_age": 49.1, "median_income": 87470.0, "population_density": 2702.6572463492053, "county": "Monroe" }, "geometry": { "type": "Polygon", "coordinates": [ [ [ -77.443154640489425, 43.19653342440165 ], [ -77.443083622464869, 43.210532399794538 ], [ -77.419073709927531, 43.21400334466383 ], [ -77.418543723760791, 43.202148366846274 ], [ -77.411322748866567, 43.203784349524454 ], [ -77.411491754988177, 43.196340364922037 ], [ -77.443154640489425, 43.19653342440165 ] ] ] } },
{ "type": "Feature", "properties": { "GEOID": "36055003807", "tract_name": "Census Tract 38.07; Monroe County; New York", "median_age": 20.7, "median_income": 54500.0, "population_density": 2282.1315184207051, "county": "Monroe" }, "geometry": { "type": "Polygon", "coordinates": [ [ [ -77.662746504747872, 43.103304913496764 ], [ -77.660072499826555, 43.108083906992469 ], [ -77.661947494976076, 43.110531909011286 ], [ -77.6444394918245, 43.120901874395003 ], [ -77.634856495892947, 43.122429857068489 ], [ -77.632919494348386, 43.12426785265253 ], [ -77.634596486255774, 43.128827852925241 ], [ -77.63355648246538, 43.131726849409816 ], [ -77.621628487292156, 43.133421827204266 ], [ -77.615126477436021, 43.14208980978772 ], [ -77.613274480065115, 43.141137807064396 ], [ -77.614526483719359, 43.138399811196116 ], [ -77.61363949043141, 43.134563812213933 ], [ -77.608152496278763, 43.133059803489814 ], [ -77.610883499300598, 43.130141810374354 ], [ -77.605954504099998, 43.129122802422003 ], [ -77.596771507498829, 43.130598785152792 ], [ -77.600676506492121, 43.129713792705282 ], [ -77.602919512389448, 43.125271799923127 ], [ -77.630184497761604, 43.123223848538728 ], [ -77.63764550692747, 43.113964866635854 ], [ -77.647915500348347, 43.113593884093909 ], [ -77.645680503018042, 43.11284688072999 ], [ -77.647981507796516, 43.108544886782518 ], [ -77.64483950982175, 43.108690881507783 ], [ -77.649149514297363, 43.103588891216084 ], [ -77.662746504747872, 43.103304913496764 ] ] ] } },
{ "type": "Feature", "properties": { "GEOID": "36055014805", "tract_name": "Census Tract 148.05; Monroe County; New York", "median_age": 35.5, "median_income": 64886.0, "population_density": 1090.0216735732108, "county": "Monroe" }, "geometry": { "type": "Polygon", "coordinates": [ [ [ -77.813995294812671, 43.287685024988605 ], [ -77.812241294842877, 43.28773102488806 ], [ -77.812690298118895, 43.294981019014941 ], [ -77.74999529124868, 43.279209030065786 ], [ -77.750244288661492, 43.273603034972147 ], [ -77.813550288175023, 43.27299703689183 ], [ -77.813995294812671, 43.287685024988605 ] ] ] } },
{ "type": "Feature", "properties": { "GEOID": "36055009402", "tract_name": "Census Tract 94.02; Monroe County; New York", "median_age": 38.4, "median_income": 75109.0, "population_density": 6734.147742526915, "county": "Monroe" }, "geometry": { "type": "Polygon", "coordinates": [ [ [ -77.610215457353874, 43.156257790927718 ], [ -77.595821459707977, 43.159488761185386 ], [ -77.595482462676244, 43.15782476182487 ], [ -77.599149471502585, 43.15133977369134 ], [ -77.600899470854884, 43.15114177710894 ], [ -77.609330466029533, 43.15121479280247 ], [ -77.610215457353874, 43.156257790927718 ] ] ] } },
{ "type": "Feature", "properties": { "GEOID": "36055011710", "tract_name": "Census Tract 117.10; Monroe County; New York", "median_age": 41.1, "median_income": 93482.0, "population_density": 2238.9147785979203, "county": "Monroe" }, "geometry": { "type": "Polygon", "coordinates": [ [ [ -77.433079794209917, 43.097037587981546 ], [ -77.432235765977467, 43.122893539468365 ], [ -77.400631850677527, 43.122871500081551 ], [ -77.402579847748271, 43.119986508575799 ], [ -77.402492857054497, 43.108535532547258 ], [ -77.407423844772111, 43.108494538165971 ], [ -77.407262857630471, 43.093890568084511 ], [ -77.403365866604787, 43.093938564108598 ], [ -77.400746876594866, 43.088836572308729 ], [ -77.401646875905627, 43.087129576765896 ], [ -77.408722857764658, 43.089861577788881 ], [ -77.421918826933222, 43.090809588614725 ], [ -77.433079794209917, 43.097037587981546 ] ] ] } },
{ "type": "Feature", "properties": { "GEOID": "36055014205", "tract_name": "Census Tract 142.05; Monroe County; New York", "median_age": 39.8, "median_income": 77632.0, "population_density": 4339.0561265415326, "county": "Monroe" }, "geometry": { "type": "Polygon", "coordinates": [ [ [ -77.732350369681754, 43.174779020506193 ], [ -77.73219236440201, 43.179331019786765 ], [ -77.701548378312282, 43.179359958229028 ], [ -77.701571390933154, 43.169554960651574 ], [ -77.726911371807901, 43.175147009662943 ], [ -77.732350369681754, 43.174779020506193 ] ] ] } },
{ "type": "Feature", "properties": { "GEOID": "36055014206", "tract_name": "Census Tract 142.06; Monroe County; New York", "median_age": 41.5, "median_income": 67836.0, "population_density": 4100.7400480743172, "county": "Monroe" }, "geometry": { "type": "Polygon", "coordinates": [ [ [ -77.732403381762992, 43.164480021518393 ], [ -77.732350369681754, 43.174779020506193 ], [ -77.727653371364596, 43.175226011128927 ], [ -77.701571390933154, 43.169554960651574 ], [ -77.701541397273743, 43.164644961783516 ], [ -77.732403381762992, 43.164480021518393 ] ] ] } },
{ "type": "Feature", "properties": { "GEOID": "36029004702", "tract_name": "Census Tract 47.02; Erie County; New York", "median_age": 24.6, "median_income": 35466.0, "population_density": 12433.684616624312, "county": "Erie" }, "geometry": { "type": "Polygon", "coordinates": [ [ [ -78.832427707934571, 42.951659341355366 ], [ -78.824664697878163, 42.95227334050756 ], [ -78.820856696562643, 42.949655340515136 ], [ -78.813703688867236, 42.948926339883627 ], [ -78.81367269248085, 42.945944340262706 ], [ -78.821652701249889, 42.946642341030461 ], [ -78.821609709291081, 42.940107341968016 ], [ -78.826404715131886, 42.940105342546502 ], [ -78.832427707934571, 42.951659341355366 ] ] ] } },
{ "type": "Feature", "properties": { "GEOID": "36029004701", "tract_name": "Census Tract 47.01; Erie County; New York", "median_age": 36.1, "median_income": 42250.0, "population_density": 13401.12318972912, "county": "Erie" }, "geometry": { "type": "Polygon", "coordinates": [ [ [ -78.821609709291081, 42.940107341968016 ], [ -78.821652701249889, 42.946642341030461 ], [ -78.81367269248085, 42.945944340262706 ], [ -78.813653699490132, 42.940200340996753 ], [ -78.821609709291081, 42.940107341968016 ] ] ] } },
{ "type": "Feature", "properties": { "GEOID": "36029012904", "tract_name": "Census Tract 129.04; Erie County; New York", "median_age": 46.1, "median_income": 71731.0, "population_density": 1888.5808366077622, "county": "Erie" }, "geometry": { "type": "Polygon", "coordinates": [ [ [ -78.823916921096412, 42.771903367277879 ], [ -78.823852899433732, 42.789261364667546 ], [ -78.822998890315063, 42.795587363375489 ], [ -78.820864885305383, 42.797093362282375 ], [ -78.823030886291946, 42.798867362906385 ], [ -78.822942878664634, 42.804910361983303 ], [ -78.797260841860165, 42.804376351946814 ], [ -78.791932851795011, 42.789441351109232 ], [ -78.816092887192909, 42.789840361298069 ], [ -78.816603911362819, 42.770799364067564 ], [ -78.823916921096412, 42.771903367277879 ] ] ] } },
{ "type": "Feature", "properties": { "GEOID": "36029007103", "tract_name": "Census Tract 71.03; Erie County; New York", "median_age": 30.5, "median_income": 32536.0, "population_density": 16005.869396317496, "county": "Erie" }, "geometry": { "type": "Polygon", "coordinates": [ [ [ -78.895993858943285, 42.897001363607515 ], [ -78.894032855039498, 42.898000362911169 ], [ -78.892552855267652, 42.896431363057566 ], [ -78.884577839457094, 42.900490360294874 ], [ -78.883091839668452, 42.898913360419733 ], [ -78.893177859697502, 42.893780363952068 ], [ -78.895993858943285, 42.897001363607515 ] ] ] } },
{ "type": "Feature", "properties": { "GEOID": "36029011202", "tract_name": "Census Tract 112.02; Erie County; New York", "median_age": 47.4, "median_income": 61141.0, "population_density": 1120.2674048337888, "county": "Erie" }, "geometry": { "type": "Polygon", "coordinates": [ [ [ -78.78351374366018, 42.871127342028657 ], [ -78.78192173864079, 42.873598341456791 ], [ -78.778158735411566, 42.87205034058691 ], [ -78.77266972735832, 42.872663339144964 ], [ -78.770324726277792, 42.870871338617114 ], [ -78.769254721301877, 42.87396333821907 ], [ -78.765304715681893, 42.874267337207392 ], [ -78.763960716007773, 42.872401336919623 ], [ -78.763148712600213, 42.874447336656864 ], [ -78.758872706745947, 42.874579335573642 ], [ -78.759527719284918, 42.864238335937387 ], [ -78.708934752785567, 42.863557312607078 ], [ -78.708583766563336, 42.851508314647845 ], [ -78.712049763532221, 42.850770316336032 ], [ -78.711591776055556, 42.839957317976761 ], [ -78.754305734404099, 42.844411334681908 ], [ -78.754648722858008, 42.855151334688848 ], [ -78.759934728302284, 42.856737336198655 ], [ -78.776080737117553, 42.868173340255197 ], [ -78.78351374366018, 42.871127342028657 ] ] ] } },
{ "type": "Feature", "properties": { "GEOID": "36029009504", "tract_name": "Census Tract 95.04; Erie County; New York", "median_age": 39.4, "median_income": 77228.0, "population_density": 4429.3790402723216, "county": "Erie" }, "geometry": { "type": "Polygon", "coordinates": [ [ [ -78.774847641903719, 42.9491533358769 ], [ -78.774409628390458, 42.960402335279255 ], [ -78.768380622834144, 42.959032334849319 ], [ -78.755498605293809, 42.96107433376423 ], [ -78.740582619634452, 42.951745324888684 ], [ -78.734282627524451, 42.950944319295715 ], [ -78.734253629543346, 42.949156319394952 ], [ -78.774847641903719, 42.9491533358769 ] ] ] } },
{ "type": "Feature", "properties": { "GEOID": "36029013104", "tract_name": "Census Tract 131.04; Erie County; New York", "median_age": 44.5, "median_income": 103707.0, "population_density": 1228.2739722577462, "county": "Erie" }, "geometry": { "type": "Polygon", "coordinates": [ [ [ -78.952463077685849, 42.728416445861981 ], [ -78.944980082736734, 42.733107439479319 ], [ -78.918845062167009, 42.738387423084177 ], [ -78.909385072290632, 42.746806414793419 ], [ -78.903625069037275, 42.748810411101076 ], [ -78.900799047777326, 42.74259641194859 ], [ -78.896103030026282, 42.738544410939667 ], [ -78.88649600890632, 42.735681406786675 ], [ -78.879385998757726, 42.735611402982521 ], [ -78.890105991948346, 42.727229411608207 ], [ -78.900205995937853, 42.723813418498345 ], [ -78.911806012733948, 42.724515424799293 ], [ -78.914383018159015, 42.725254425960706 ], [ -78.91430202364424, 42.727206425135371 ], [ -78.916201029395395, 42.728336425739847 ], [ -78.935907001983281, 42.711041444512915 ], [ -78.952463077685849, 42.728416445861981 ] ] ] } },
{ "type": "Feature", "properties": { "GEOID": "36029980300", "tract_name": "Census Tract 9803; Erie County; New York", "median_age": 37.8, "median_income": null, "population_density": 595.74930849216435, "county": "Erie" }, "geometry": { "type": "Polygon", "coordinates": [ [ [ -78.943925327644934, 42.482084601367788 ], [ -78.943835335666236, 42.493493567790289 ], [ -78.931810349290743, 42.493951552853105 ], [ -78.93017435262459, 42.496113544755104 ], [ -78.930503350723669, 42.493932551430568 ], [ -78.92539635514035, 42.49218955066813 ], [ -78.925367353862768, 42.490340555950759 ], [ -78.92311935640177, 42.490421553151329 ], [ -78.917066359429029, 42.485306560809654 ], [ -78.925352345293433, 42.478218590781857 ], [ -78.928886340510786, 42.476923598691968 ], [ -78.937248331712865, 42.477421607149097 ], [ -78.939531332431756, 42.482032596385878 ], [ -78.943925327644934, 42.482084601367788 ] ] ] } },
{ "type": "Feature", "properties": { "GEOID": "36029013103", "tract_name": "Census Tract 131.03; Erie County; New York", "median_age": 38.9, "median_income": 137111.0, "population_density": 1229.8521167954436, "county": "Erie" }, "geometry": { "type": "Polygon", "coordinates": [ [ [ -78.970198071858036, 42.719938460257595 ], [ -78.967156079268008, 42.723196456784152 ], [ -78.962355075079898, 42.723761453763146 ], [ -78.952463077685849, 42.728416445861981 ], [ -78.935907001983281, 42.711041444512915 ], [ -78.916201029395395, 42.728336425739847 ], [ -78.91430202364424, 42.727206425135371 ], [ -78.914383018159015, 42.725254425960706 ], [ -78.902155998101179, 42.723694419647991 ], [ -78.890105991948346, 42.727229411608207 ], [ -78.935963956574483, 42.696347451190121 ], [ -78.938648960607594, 42.696793452687231 ], [ -78.938806973845132, 42.700979450865781 ], [ -78.940799971410371, 42.699551452768816 ], [ -78.947613981967876, 42.70067745649326 ], [ -78.946523989964277, 42.703520454455628 ], [ -78.950592002857491, 42.706160455675423 ], [ -78.955908002588373, 42.704330459833763 ], [ -78.958069017246757, 42.708038459285746 ], [ -78.963929018341261, 42.706447463660503 ], [ -78.963449031962014, 42.710622461201609 ], [ -78.969640050614629, 42.71398746311359 ], [ -78.970198071858036, 42.719938460257595 ] ] ] } },
{ "type": "Feature", "properties": { "GEOID": "36029014606", "tract_name": "Census Tract 146.06; Erie County; New York", "median_age": 45.2, "median_income": 177827.0, "population_density": 1018.974110577345, "county": "Erie" }, "geometry": { "type": "Polygon", "coordinates": [ [ [ -78.696937607863561, 43.018602272843793 ], [ -78.696918598805269, 43.043990270734213 ], [ -78.652640641024547, 43.043088222407704 ], [ -78.652341655869165, 43.015517223835609 ], [ -78.696937607863561, 43.018602272843793 ] ] ] } },
{ "type": "Feature", "properties": { "GEOID": "36029007306", "tract_name": "Census Tract 73.06; Erie County; New York", "median_age": 44.5, "median_income": 110200.0, "population_density": 1170.4617661675607, "county": "Erie" }, "geometry": { "type": "Polygon", "coordinates": [ [ [ -78.984289840508083, 42.983874340939082 ], [ -78.964390817327768, 42.984209340148503 ], [ -78.964800800147842, 42.996029335049819 ], [ -78.956088790245332, 42.996138334934969 ], [ -78.956414786648551, 42.998818333823756 ], [ -78.952044782586611, 42.998272334035484 ], [ -78.940748766627834, 43.000587333357231 ], [ -78.937071765538775, 42.998525333888161 ], [ -78.942161779881886, 42.992554336213331 ], [ -78.944561793507802, 42.985054339187172 ], [ -78.943961802579935, 42.978354341785518 ], [ -78.940530808282872, 42.971700344188477 ], [ -78.932770809029577, 42.964904346247145 ], [ -78.93236082153652, 42.955855349540528 ], [ -78.961761853686667, 42.957754351343894 ], [ -78.975062852841035, 42.968754347490787 ], [ -78.983257856750257, 42.972458346266805 ], [ -78.984289840508083, 42.983874340939082 ] ] ] } },
{ "type": "Feature", "properties": { "GEOID": "36029009503", "tract_name": "Census Tract 95.03; Erie County; New York", "median_age": 41.7, "median_income": 106042.0, "population_density": 5363.5761945666536, "county": "Erie" }, "geometry": { "type": "Polygon", "coordinates": [ [ [ -78.784082652992581, 42.949159336821857 ], [ -78.783999636200562, 42.96340733583807 ], [ -78.774409628390458, 42.960402335279255 ], [ -78.774847641903719, 42.9491533358769 ], [ -78.784082652992581, 42.949159336821857 ] ] ] } },
{ "type": "Feature", "properties": { "GEOID": "36029980000", "tract_name": "Census Tract 9800; Erie County; New York", "median_age": 19.3, "median_income": null, "population_density": 10336.670753331562, "county": "Erie" }, "geometry": { "type": "Polygon", "coordinates": [ [ [ -78.888821801788239, 42.932256352266762 ], [ -78.888397795081531, 42.936813350939182 ], [ -78.883211788244779, 42.937178350181561 ], [ -78.877451785193173, 42.934194350218753 ], [ -78.876988787581709, 42.931982350722954 ], [ -78.888821801788239, 42.932256352266762 ] ] ] } },
{ "type": "Feature", "properties": { "GEOID": "36029980400", "tract_name": "Census Tract 9804; Erie County; New York", "median_age": 42.0, "median_income": null, "population_density": 815.99848268762901, "county": "Erie" }, "geometry": { "type": "Polygon", "coordinates": [ [ [ -78.566143844099997, 42.924165191014069 ], [ -78.565722832909984, 42.934657182095101 ], [ -78.561443837685559, 42.934638178599215 ], [ -78.561230828103348, 42.94347517101037 ], [ -78.556163834421127, 42.942856167186541 ], [ -78.557747833215572, 42.942357168970631 ], [ -78.557547835215559, 42.940757170168197 ], [ -78.553352839546676, 42.941054166352025 ], [ -78.553275846201117, 42.935142171455709 ], [ -78.549731849511105, 42.935707168036586 ], [ -78.546245856018885, 42.933336167306457 ], [ -78.545383856379999, 42.93387316611571 ], [ -78.548537850625564, 42.935898166880058 ], [ -78.539349859227784, 42.937344157934945 ], [ -78.53772487826555, 42.921835171213843 ], [ -78.553263861358886, 42.921512183363731 ], [ -78.553354856848884, 42.925480179965142 ], [ -78.566143844099997, 42.924165191014069 ] ] ] } },
{ "type": "Feature", "properties": { "GEOID": "36029006904", "tract_name": "Census Tract 69.04; Erie County; New York", "median_age": 29.9, "median_income": 45701.0, "population_density": 16474.543176708725, "county": "Erie" }, "geometry": { "type": "Polygon", "coordinates": [ [ [ -78.892722842935427, 42.90562836045028 ], [ -78.889360836324386, 42.907329359334248 ], [ -78.883533837399042, 42.901019359943497 ], [ -78.889196848604513, 42.898136361879963 ], [ -78.892208848204319, 42.901283361596647 ], [ -78.889773843401883, 42.902511360767129 ], [ -78.892722842935427, 42.90562836045028 ] ] ] } },
{ "type": "Feature", "properties": { "GEOID": "36029006903", "tract_name": "Census Tract 69.03; Erie County; New York", "median_age": 34.1, "median_income": 70765.0, "population_density": 17407.278498236185, "county": "Erie" }, "geometry": { "type": "Polygon", "coordinates": [ [ [ -78.889360836324386, 42.907329359334248 ], [ -78.886000829718682, 42.909043358238037 ], [ -78.881923829388541, 42.905432358450547 ], [ -78.881957834041074, 42.902007359366955 ], [ -78.883533837399042, 42.901019359943497 ], [ -78.889360836324386, 42.907329359334248 ] ] ] } },
{ "type": "Feature", "properties": { "GEOID": "36055013006", "tract_name": "Census Tract 130.06; Monroe County; New York", "median_age": 33.1, "median_income": 49944.0, "population_density": 791.84614830105079, "county": "Monroe" }, "geometry": { "type": "Polygon", "coordinates": [ [ [ -77.68052350709803, 43.092035946357747 ], [ -77.676732499405219, 43.099742937573495 ], [ -77.675834491273648, 43.106109933764294 ], [ -77.671589490870261, 43.108593925818667 ], [ -77.662099494590706, 43.11072590917891 ], [ -77.660072499826555, 43.108083906992469 ], [ -77.662746504747872, 43.103304913496764 ], [ -77.649149514297363, 43.103588891216084 ], [ -77.64483950982175, 43.108690881507783 ], [ -77.647981507796516, 43.108544886782518 ], [ -77.645680503018042, 43.11284688072999 ], [ -77.647915500348347, 43.113593884093909 ], [ -77.63764550692747, 43.113964866635854 ], [ -77.63475850308167, 43.117781859580155 ], [ -77.623303518655717, 43.112839843233772 ], [ -77.633103540808477, 43.093994870681236 ], [ -77.68052350709803, 43.092035946357747 ] ] ] } },
{ "type": "Feature", "properties": { "GEOID": "36055003806", "tract_name": "Census Tract 38.06; Monroe County; New York", "median_age": 27.4, "median_income": 41169.0, "population_density": 4834.4945006677317, "county": "Monroe" }, "geometry": { "type": "Polygon", "coordinates": [ [ [ -77.634601503308062, 43.117703859358208 ], [ -77.630184497761604, 43.123223848538728 ], [ -77.603984511769795, 43.125225801807751 ], [ -77.609839525465205, 43.11443681955032 ], [ -77.611251524553737, 43.114395821956336 ], [ -77.612516531603873, 43.109484827465025 ], [ -77.634601503308062, 43.117703859358208 ] ] ] } },
{ "type": "Feature", "properties": { "GEOID": "36055003102", "tract_name": "Census Tract 31.02; Monroe County; New York", "median_age": 33.4, "median_income": 36185.0, "population_density": 15330.468288331633, "county": "Monroe" }, "geometry": { "type": "Polygon", "coordinates": [ [ [ -77.59251848444687, 43.145858765620979 ], [ -77.589877478236531, 43.150417757105494 ], [ -77.586806480664478, 43.150004751718818 ], [ -77.587736485107058, 43.147091755815779 ], [ -77.582951489981212, 43.14585374801171 ], [ -77.5844474937916, 43.1431307530219 ], [ -77.587211492672708, 43.142834758314024 ], [ -77.59251848444687, 43.145858765620979 ] ] ] } },
{ "type": "Feature", "properties": { "GEOID": "36055011303", "tract_name": "Census Tract 113.03; Monroe County; New York", "median_age": 48.9, "median_income": 121375.0, "population_density": 383.75561159905806, "county": "Monroe" }, "geometry": { "type": "Polygon", "coordinates": [ [ [ -77.434540621062993, 43.26774132206063 ], [ -77.430744638520551, 43.269858314966278 ], [ -77.421174679362124, 43.271162294604153 ], [ -77.414458706686347, 43.270143278914432 ], [ -77.391484806042584, 43.276893234036578 ], [ -77.37604686981615, 43.276770200240264 ], [ -77.375305872921558, 43.224485230697915 ], [ -77.40008577700867, 43.221445290058597 ], [ -77.400513760479313, 43.240790249950287 ], [ -77.419526681460511, 43.240522293773573 ], [ -77.420119679780612, 43.265312287950223 ], [ -77.418470686959125, 43.265689284510309 ], [ -77.426020656603114, 43.26756430284248 ], [ -77.4327576274531, 43.266312317129774 ], [ -77.434540621062993, 43.26774132206063 ] ] ] } },
{ "type": "Feature", "properties": { "GEOID": "36055011403", "tract_name": "Census Tract 114.03; Monroe County; New York", "median_age": 36.6, "median_income": 58170.0, "population_density": 4359.8578128151139, "county": "Monroe" }, "geometry": { "type": "Polygon", "coordinates": [ [ [ -77.446638608412144, 43.210967406204212 ], [ -77.446640593411502, 43.222066387149908 ], [ -77.439490624772816, 43.219498376605827 ], [ -77.419161703777718, 43.219796333506146 ], [ -77.419073709927531, 43.21400334466383 ], [ -77.446638608412144, 43.210967406204212 ] ] ] } },
{ "type": "Feature", "properties": { "GEOID": "36055003101", "tract_name": "Census Tract 31.01; Monroe County; New York", "median_age": 34.0, "median_income": 90957.0, "population_density": 10089.614492379989, "county": "Monroe" }, "geometry": { "type": "Polygon", "coordinates": [ [ [ -77.587211492672708, 43.142834758314024 ], [ -77.5844474937916, 43.1431307530219 ], [ -77.580016482038218, 43.15141573787681 ], [ -77.571697490036669, 43.149508724031271 ], [ -77.575187498857815, 43.143344735912855 ], [ -77.587211492672708, 43.142834758314024 ] ] ] } },
{ "type": "Feature", "properties": { "GEOID": "36055014806", "tract_name": "Census Tract 148.06; Monroe County; New York", "median_age": 39.1, "median_income": 100008.0, "population_density": 1259.5320157197878, "county": "Monroe" }, "geometry": { "type": "Polygon", "coordinates": [ [ [ -77.81314530139349, 43.302230013149156 ], [ -77.793815301839544, 43.302895011632202 ], [ -77.794339305239816, 43.310380005447229 ], [ -77.774727305744577, 43.311115003691945 ], [ -77.774281300061617, 43.29868901421581 ], [ -77.77705529727595, 43.292639019465412 ], [ -77.769562295397776, 43.288442022742359 ], [ -77.749575295587817, 43.288346021174227 ], [ -77.74999529124868, 43.279209030065786 ], [ -77.812690298118895, 43.294981019014941 ], [ -77.81314530139349, 43.302230013149156 ] ] ] } },
{ "type": "Feature", "properties": { "GEOID": "36055011210", "tract_name": "Census Tract 112.10; Monroe County; New York", "median_age": 60.0, "median_income": 62813.0, "population_density": 862.23563166622182, "county": "Monroe" }, "geometry": { "type": "Polygon", "coordinates": [ [ [ -77.475015495944106, 43.213792459287411 ], [ -77.446636602415438, 43.215412398567423 ], [ -77.446648609206406, 43.210351407282083 ], [ -77.461017557498153, 43.208600438972667 ], [ -77.46222955583336, 43.206729444350124 ], [ -77.462294571219061, 43.196638460426733 ], [ -77.474632526528396, 43.19671248365848 ], [ -77.475015495944106, 43.213792459287411 ] ] ] } },
{ "type": "Feature", "properties": { "GEOID": "36043010100", "tract_name": "Census Tract 101; Herkimer County; New York", "median_age": 38.9, "median_income": 66531.0, "population_density": 48.191382755801492, "county": "Herkimer" }, "geometry": { "type": "Polygon", "coordinates": [ [ [ -75.216006223593965, 43.022567878021647 ], [ -75.095087086688892, 42.994267010705535 ], [ -74.992510936387333, 42.951707092053638 ], [ -74.902296790569451, 42.94513914757588 ], [ -74.87400874490578, 42.91966513248159 ], [ -74.887808753490873, 42.851957033842673 ], [ -74.894670755969656, 42.832050004559299 ], [ -74.906737763803278, 42.824941990455734 ], [ -74.983144849356393, 42.859399997829769 ], [ -75.100999042216955, 42.908361857256935 ], [ -75.139870070139068, 42.859758691785963 ], [ -75.210642172370697, 42.856547533134815 ], [ -75.212158180668283, 42.879971586363204 ], [ -75.20144416590955, 42.880662609443533 ], [ -75.216006223593965, 43.022567878021647 ] ] ] } },
{ "type": "Feature", "properties": { "GEOID": "36063022902", "tract_name": "Census Tract 229.02; Niagara County; New York", "median_age": 47.0, "median_income": 79068.0, "population_density": 2257.6485133370106, "county": "Niagara" }, "geometry": { "type": "Polygon", "coordinates": [ [ [ -78.906207656175653, 43.058943334174671 ], [ -78.905698637456936, 43.073823334358494 ], [ -78.889327633823498, 43.068310333432002 ], [ -78.889276642363029, 43.060657333418611 ], [ -78.879951642018895, 43.054882333021524 ], [ -78.885633652768618, 43.048855333266744 ], [ -78.88924864896903, 43.054741333409133 ], [ -78.893811655625854, 43.051859333584993 ], [ -78.906207656175653, 43.058943334174671 ] ] ] } },
{ "type": "Feature", "properties": { "GEOID": "36063022901", "tract_name": "Census Tract 229.01; Niagara County; New York", "median_age": 34.5, "median_income": 53194.0, "population_density": 2221.2329017518068, "county": "Niagara" }, "geometry": { "type": "Polygon", "coordinates": [ [ [ -78.906256657226322, 43.05812233416512 ], [ -78.893811655625854, 43.051859333584993 ], [ -78.88924864896903, 43.054741333409133 ], [ -78.885633652768618, 43.048855333266744 ], [ -78.879951642018895, 43.054882333021524 ], [ -78.875163649361738, 43.044277332920664 ], [ -78.893011671162412, 43.0377773334937 ], [ -78.896260666469772, 43.044154333629791 ], [ -78.905860665057872, 43.051554334055616 ], [ -78.906256657226322, 43.05812233416512 ] ] ] } },
{ "type": "Feature", "properties": { "GEOID": "36073040801", "tract_name": "Census Tract 408.01; Orleans County; New York", "median_age": 46.7, "median_income": 60278.0, "population_density": 94.342768323729487, "county": "Orleans" }, "geometry": { "type": "Polygon", "coordinates": [ [ [ -78.115505660638931, 43.131515073927147 ], [ -78.115584548342454, 43.21642799373668 ], [ -77.996910371784651, 43.217763087427393 ], [ -77.997290619365131, 43.132979171434613 ], [ -78.115505660638931, 43.131515073927147 ] ] ] } },
{ "type": "Feature", "properties": { "GEOID": "36073040802", "tract_name": "Census Tract 408.02; Orleans County; New York", "median_age": 40.5, "median_income": 60841.0, "population_density": 154.26619491284407, "county": "Orleans" }, "geometry": { "type": "Polygon", "coordinates": [ [ [ -78.115584548342454, 43.21642799373668 ], [ -78.115530486663999, 43.298438973758799 ], [ -78.066329406457214, 43.299654995368243 ], [ -78.066177406490354, 43.28647499718361 ], [ -77.99566529373709, 43.287446031683253 ], [ -77.996910371784651, 43.217763087427393 ], [ -78.115584548342454, 43.21642799373668 ] ] ] } },
{ "type": "Feature", "properties": { "GEOID": "36073401300", "tract_name": "Census Tract 4013; Orleans County; New York", "median_age": 48.1, "median_income": 86964.0, "population_density": 70.944756282244725, "county": "Orleans" }, "geometry": { "type": "Polygon", "coordinates": [ [ [ -78.266073597459524, 43.372590021018475 ], [ -78.252927610301768, 43.371972009205955 ], [ -78.245778611710463, 43.369128002782816 ], [ -78.234226598756152, 43.368818001364069 ], [ -78.20843756601333, 43.371843001898874 ], [ -78.194847551382523, 43.370964999627887 ], [ -78.192517548022622, 43.371770000043014 ], [ -78.192232545834457, 43.373908001765884 ], [ -78.192323547738809, 43.371843000081199 ], [ -78.191421544948554, 43.373882001640546 ], [ -78.18852154425133, 43.370869998881012 ], [ -78.183319538837409, 43.370229997850352 ], [ -78.159341508386731, 43.374838998074502 ], [ -78.104510447092807, 43.375625990770608 ], [ -78.062050399986745, 43.369980985691576 ], [ -78.038668373329145, 43.37091298306575 ], [ -78.034016367419412, 43.367825983734505 ], [ -78.025789357543147, 43.366540983619636 ], [ -78.004801333625977, 43.368158981127955 ], [ -77.995610326811061, 43.365050982205958 ], [ -77.99566529373709, 43.287446031683253 ], [ -78.066177406490354, 43.28647499718361 ], [ -78.066329406457214, 43.299654995368243 ], [ -78.115530486663999, 43.298438973758799 ], [ -78.115515483285392, 43.307905976042008 ], [ -78.25109669518362, 43.306087924783853 ], [ -78.251482673694056, 43.322832946169143 ], [ -78.246320667798059, 43.324304947703169 ], [ -78.245886644188559, 43.342918970643296 ], [ -78.251567640079614, 43.349384979646324 ], [ -78.25515963650399, 43.349644982968066 ], [ -78.254684623041499, 43.360626996397791 ], [ -78.26541961316093, 43.360711005482763 ], [ -78.264300599829525, 43.372005018792336 ], [ -78.266073597459524, 43.372590021018475 ] ] ] } },
{ "type": "Feature", "properties": { "GEOID": "36073401200", "tract_name": "Census Tract 4012; Orleans County; New York", "median_age": 41.9, "median_income": 63079.0, "population_density": 68.597195293741422, "county": "Orleans" }, "geometry": { "type": "Polygon", "coordinates": [ [ [ -78.466429510627023, 43.302773097622278 ], [ -78.465475416137636, 43.371420186862274 ], [ -78.370581496593303, 43.376328113556298 ], [ -78.362696507068762, 43.373901103809587 ], [ -78.333880535322962, 43.372533077862819 ], [ -78.310333555427235, 43.373688059567868 ], [ -78.300639567447519, 43.371273048360095 ], [ -78.266073597459524, 43.372590021018475 ], [ -78.264300599829525, 43.372005018792336 ], [ -78.26541961316093, 43.360711005482763 ], [ -78.254684623041499, 43.360626996397791 ], [ -78.25515963650399, 43.349644982968066 ], [ -78.251567640079614, 43.349384979646324 ], [ -78.245886644188559, 43.342918970643296 ], [ -78.246320667798059, 43.324304947703169 ], [ -78.251482673694056, 43.322832946169143 ], [ -78.25109669518362, 43.306087924783853 ], [ -78.388829575110876, 43.305403037232061 ], [ -78.466429510627023, 43.302773097622278 ] ] ] } },
{ "type": "Feature", "properties": { "GEOID": "36029007304", "tract_name": "Census Tract 73.04; Erie County; New York", "median_age": 47.2, "median_income": 118879.0, "population_density": 629.6394419238469, "county": "Erie" }, "geometry": { "type": "Polygon", "coordinates": [ [ [ -78.965717759478864, 43.021671334622923 ], [ -78.946019740223718, 43.02188833430813 ], [ -78.945262671526208, 43.066954336276382 ], [ -78.905860665057872, 43.051554334055616 ], [ -78.896260666469772, 43.044154333629791 ], [ -78.893260670252531, 43.038754333505175 ], [ -78.889959683444317, 43.024554333380614 ], [ -78.890159686560636, 43.021954333378957 ], [ -78.894959696381008, 43.017454333433292 ], [ -78.914060723948481, 43.010754333551077 ], [ -78.937071765538775, 42.998525333888161 ], [ -78.965351774958464, 43.012062334047826 ], [ -78.965717759478864, 43.021671334622923 ] ] ] } },
{ "type": "Feature", "properties": { "GEOID": "36029007700", "tract_name": "Census Tract 77; Erie County; New York", "median_age": 39.1, "median_income": 67440.0, "population_density": 6033.5797399648927, "county": "Erie" }, "geometry": { "type": "Polygon", "coordinates": [ [ [ -78.892059691344926, 43.019354333401509 ], [ -78.890159686560636, 43.021954333378957 ], [ -78.881974676360414, 43.024153333233265 ], [ -78.87802267518633, 43.02170133317825 ], [ -78.87846467877975, 43.018669333206184 ], [ -78.876945676943066, 43.019003333181971 ], [ -78.872695681192781, 43.010634333214284 ], [ -78.875253693439817, 43.001255333321744 ], [ -78.881715700569913, 43.001249333327941 ], [ -78.880626693252481, 43.00701933329708 ], [ -78.892059691344926, 43.019354333401509 ] ] ] } },
{ "type": "Feature", "properties": { "GEOID": "36029007800", "tract_name": "Census Tract 78; Erie County; New York", "median_age": 41.7, "median_income": 58929.0, "population_density": 3276.2042727831185, "county": "Erie" }, "geometry": { "type": "Polygon", "coordinates": [ [ [ -78.916960729184879, 43.009054333536639 ], [ -78.892059691344926, 43.019354333401509 ], [ -78.880626693252481, 43.00701933329708 ], [ -78.881715700569913, 43.001249333327941 ], [ -78.888551708100607, 43.001254333334444 ], [ -78.900968729142704, 42.9957613346212 ], [ -78.916960729184879, 43.009054333536639 ] ] ] } },
{ "type": "Feature", "properties": { "GEOID": "36029007901", "tract_name": "Census Tract 79.01; Erie County; New York", "median_age": 42.8, "median_income": 76469.0, "population_density": 3270.0988497746102, "county": "Erie" }, "geometry": { "type": "Polygon", "coordinates": [ [ [ -78.85299065971445, 43.011828333023757 ], [ -78.851352657972228, 43.011894333007213 ], [ -78.851249651564601, 43.019252332803973 ], [ -78.839350639777919, 43.019451332622587 ], [ -78.833346630465968, 43.024163332340152 ], [ -78.83018962358193, 43.029660332043051 ], [ -78.822211615466614, 43.031021331795742 ], [ -78.822253626039142, 43.014947332592918 ], [ -78.826024629829433, 43.014960332635148 ], [ -78.829019630951677, 43.017658332549438 ], [ -78.827173628183345, 43.019026332462019 ], [ -78.82815762871374, 43.019648332448234 ], [ -78.831560633810867, 43.017176332604009 ], [ -78.837209637627851, 43.019530332587912 ], [ -78.838133641517118, 43.015627332747847 ], [ -78.846759651336299, 43.014210332894116 ], [ -78.846934658498441, 43.005759333156085 ], [ -78.852876666525844, 43.003843333232403 ], [ -78.85299065971445, 43.011828333023757 ] ] ] } },
{ "type": "Feature", "properties": { "GEOID": "36029007303", "tract_name": "Census Tract 73.03; Erie County; New York", "median_age": 42.6, "median_income": 92500.0, "population_density": 1037.9691404707453, "county": "Erie" }, "geometry": { "type": "Polygon", "coordinates": [ [ [ -78.989762741232141, 43.044431336789117 ], [ -78.99052169751829, 43.068757338720722 ], [ -78.945262671526208, 43.066954336276382 ], [ -78.946019740223718, 43.02188833430813 ], [ -78.965717759478864, 43.021671334622923 ], [ -78.965351774958464, 43.012062334047826 ], [ -78.969628775116334, 43.014588334244841 ], [ -78.989762741232141, 43.044431336789117 ] ] ] } },
{ "type": "Feature", "properties": { "GEOID": "36029007000", "tract_name": "Census Tract 70; Erie County; New York", "median_age": 29.4, "median_income": 49103.0, "population_density": 4783.3258605659912, "county": "Erie" }, "geometry": { "type": "Polygon", "coordinates": [ [ [ -78.905340875106404, 42.894070366462458 ], [ -78.905759849299386, 42.913055360598221 ], [ -78.899707841658795, 42.913041359543072 ], [ -78.889773843401883, 42.902511360767129 ], [ -78.892208848204319, 42.901283361596647 ], [ -78.889196848604513, 42.898136361879963 ], [ -78.892552855267652, 42.896431363057566 ], [ -78.897793859269783, 42.898459363546941 ], [ -78.905340875106404, 42.894070366462458 ] ] ] } },
{ "type": "Feature", "properties": { "GEOID": "36029007102", "tract_name": "Census Tract 71.02; Erie County; New York", "median_age": 33.7, "median_income": 36976.0, "population_density": 7880.1246385043323, "county": "Erie" }, "geometry": { "type": "Polygon", "coordinates": [ [ [ -78.892421859750243, 42.893021364008028 ], [ -78.889591858722255, 42.891068363947376 ], [ -78.880139840073312, 42.89577336064167 ], [ -78.877271838420114, 42.894229360435482 ], [ -78.88027785506101, 42.884744363563435 ], [ -78.878921859460675, 42.880130364446401 ], [ -78.892421859750243, 42.893021364008028 ] ] ] } },
{ "type": "Feature", "properties": { "GEOID": "36029007902", "tract_name": "Census Tract 79.02; Erie County; New York", "median_age": 46.5, "median_income": 85880.0, "population_density": 4979.757014598812, "county": "Erie" }, "geometry": { "type": "Polygon", "coordinates": [ [ [ -78.86098967754063, 43.00144433330432 ], [ -78.853927669756004, 43.001454333296294 ], [ -78.852903670088921, 42.999846333364864 ], [ -78.822360633105944, 43.004341333118603 ], [ -78.822561647451479, 42.99090833466132 ], [ -78.855124683857682, 42.991140335208165 ], [ -78.86098967754063, 43.00144433330432 ] ] ] } },
{ "type": "Feature", "properties": { "GEOID": "36029008600", "tract_name": "Census Tract 86; Erie County; New York", "median_age": 41.6, "median_income": 77685.0, "population_density": 10348.885002827008, "county": "Erie" }, "geometry": { "type": "Polygon", "coordinates": [ [ [ -78.87133872589726, 42.973226339873605 ], [ -78.865984719677755, 42.97323833958221 ], [ -78.86762372792839, 42.968427340809832 ], [ -78.853032710810524, 42.968494339868478 ], [ -78.853260720766059, 42.961010341438843 ], [ -78.853956720077875, 42.96217534124964 ], [ -78.86997373885751, 42.96224634245219 ], [ -78.87133872589726, 42.973226339873605 ] ] ] } },
{ "type": "Feature", "properties": { "GEOID": "36029008700", "tract_name": "Census Tract 87; Erie County; New York", "median_age": 38.3, "median_income": 65417.0, "population_density": 10734.954367506351, "county": "Erie" }, "geometry": { "type": "Polygon", "coordinates": [ [ [ -78.878737754026147, 42.95863234405504 ], [ -78.878709734669883, 42.973053340315737 ], [ -78.87133872589726, 42.973226339873605 ], [ -78.869474742985233, 42.958683343271318 ], [ -78.878737754026147, 42.95863234405504 ] ] ] } },
{ "type": "Feature", "properties": { "GEOID": "36029009402", "tract_name": "Census Tract 94.02; Erie County; New York", "median_age": 44.8, "median_income": 108247.0, "population_density": 3050.6493115658059, "county": "Erie" }, "geometry": { "type": "Polygon", "coordinates": [ [ [ -78.783999636200562, 42.96340733583807 ], [ -78.783875618159087, 42.97868533478696 ], [ -78.767869600431055, 42.978105334120997 ], [ -78.756380601245624, 42.965608333775108 ], [ -78.755498605293809, 42.96107433376423 ], [ -78.768380622834144, 42.959032334849319 ], [ -78.783999636200562, 42.96340733583807 ] ] ] } },
{ "type": "Feature", "properties": { "GEOID": "36029013101", "tract_name": "Census Tract 131.01; Erie County; New York", "median_age": 48.8, "median_income": 72967.0, "population_density": 1887.7908226457012, "county": "Erie" }, "geometry": { "type": "Polygon", "coordinates": [ [ [ -78.903625069037275, 42.748810411101076 ], [ -78.88225502214371, 42.762565396554926 ], [ -78.877415007622844, 42.767873392879615 ], [ -78.86914399049661, 42.771292388194077 ], [ -78.854614995531719, 42.749758386050082 ], [ -78.879385998757726, 42.735611402982521 ], [ -78.88649600890632, 42.735681406786675 ], [ -78.896103030026282, 42.738544410939667 ], [ -78.900799047777326, 42.74259641194859 ], [ -78.903625069037275, 42.748810411101076 ] ] ] } },
{ "type": "Feature", "properties": { "GEOID": "36029008900", "tract_name": "Census Tract 89; Erie County; New York", "median_age": 47.8, "median_income": 108011.0, "population_density": 3427.6103256619954, "county": "Erie" }, "geometry": { "type": "Polygon", "coordinates": [ [ [ -78.759231601685457, 42.968182333924673 ], [ -78.753284594141519, 42.968719333540186 ], [ -78.751467597973317, 42.96337533344154 ], [ -78.746284599404461, 42.964250329794872 ], [ -78.743505600625582, 42.965930327100132 ], [ -78.744388591688903, 42.973090327768965 ], [ -78.740886595576697, 42.973093324296535 ], [ -78.740885597180025, 42.971651324353957 ], [ -78.739424598786684, 42.971666322913983 ], [ -78.738669606691133, 42.965307322490403 ], [ -78.732728613845566, 42.964809316843507 ], [ -78.732625622947793, 42.956720317369829 ], [ -78.724645631876669, 42.956664310044388 ], [ -78.724731643831134, 42.945819311341353 ], [ -78.729900636491124, 42.947256315711641 ], [ -78.734413624537794, 42.953501319235578 ], [ -78.734282627524451, 42.950944319295715 ], [ -78.740582619634452, 42.951745324888684 ], [ -78.755263605806348, 42.960369333753292 ], [ -78.75630160130676, 42.965471333771383 ], [ -78.759231601685457, 42.968182333924673 ] ] ] } },
{ "type": "Feature", "properties": { "GEOID": "36029007202", "tract_name": "Census Tract 72.02; Erie County; New York", "median_age": 49.4, "median_income": 41935.0, "population_density": 1941.0087298664346, "county": "Erie" }, "geometry": { "type": "Polygon", "coordinates": [ [ [ -78.904611873675421, 42.894419366198342 ], [ -78.897793859269783, 42.898459363546941 ], [ -78.878921859460675, 42.880130364446401 ], [ -78.878397866351662, 42.874467365783858 ], [ -78.88219186735806, 42.877480365940848 ], [ -78.894560882525852, 42.8784083687218 ], [ -78.892420876259749, 42.880919367477929 ], [ -78.894294873574495, 42.884695366830243 ], [ -78.904611873675421, 42.894419366198342 ] ] ] } },
{ "type": "Feature", "properties": { "GEOID": "36029007904", "tract_name": "Census Tract 79.04; Erie County; New York", "median_age": 46.8, "median_income": 75579.0, "population_density": 5317.6098115188806, "county": "Erie" }, "geometry": { "type": "Polygon", "coordinates": [ [ [ -78.837508675916268, 42.981738336550464 ], [ -78.836627663135616, 42.99104433489503 ], [ -78.822561647451479, 42.99090833466132 ], [ -78.822925660332643, 42.9808573361437 ], [ -78.837508675916268, 42.981738336550464 ] ] ] } },
{ "type": "Feature", "properties": { "GEOID": "36029007905", "tract_name": "Census Tract 79.05; Erie County; New York", "median_age": 43.6, "median_income": 77235.0, "population_density": 3313.4167023529944, "county": "Erie" }, "geometry": { "type": "Polygon", "coordinates": [ [ [ -78.853927669756004, 43.001454333296294 ], [ -78.85154766425444, 43.004810333202158 ], [ -78.846934658498441, 43.005759333156085 ], [ -78.846759651336299, 43.014210332894116 ], [ -78.838133641517118, 43.015627332747847 ], [ -78.837209637627851, 43.019530332587912 ], [ -78.831560633810867, 43.017176332604009 ], [ -78.82815762871374, 43.019648332448234 ], [ -78.827173628183345, 43.019026332462019 ], [ -78.829019630951677, 43.017658332549438 ], [ -78.826024629829433, 43.014960332635148 ], [ -78.822253626039142, 43.014947332592918 ], [ -78.822360633105944, 43.004341333118603 ], [ -78.837861652270206, 43.001188333288546 ], [ -78.852903670088921, 42.999846333364864 ], [ -78.853927669756004, 43.001454333296294 ] ] ] } },
{ "type": "Feature", "properties": { "GEOID": "36029008001", "tract_name": "Census Tract 80.01; Erie County; New York", "median_age": 40.2, "median_income": 93349.0, "population_density": 5955.3076367028052, "county": "Erie" }, "geometry": { "type": "Polygon", "coordinates": [ [ [ -78.848549689687289, 42.980848337132954 ], [ -78.822925660332643, 42.9808573361437 ], [ -78.8233986754705, 42.969101337899154 ], [ -78.838149692199124, 42.969473338750738 ], [ -78.837973689429845, 42.971496338381606 ], [ -78.844368696629232, 42.971676338714381 ], [ -78.848549689687289, 42.980848337132954 ] ] ] } },
{ "type": "Feature", "properties": { "GEOID": "36029008002", "tract_name": "Census Tract 80.02; Erie County; New York", "median_age": 39.1, "median_income": 83649.0, "population_density": 6884.1385097382517, "county": "Erie" }, "geometry": { "type": "Polygon", "coordinates": [ [ [ -78.853259723851394, 42.958626341934384 ], [ -78.852530708319478, 42.969967339532573 ], [ -78.852859686659798, 42.987002336024709 ], [ -78.837037704942674, 42.958382340625924 ], [ -78.853259723851394, 42.958626341934384 ] ] ] } },
{ "type": "Feature", "properties": { "GEOID": "36029008003", "tract_name": "Census Tract 80.03; Erie County; New York", "median_age": 39.0, "median_income": 70069.0, "population_density": 7149.7765117129065, "county": "Erie" }, "geometry": { "type": "Polygon", "coordinates": [ [ [ -78.843994696338001, 42.971564338714252 ], [ -78.837973689429845, 42.971496338381606 ], [ -78.838149692199124, 42.969473338750738 ], [ -78.8233986754705, 42.969101337899154 ], [ -78.823840689623509, 42.958124339558545 ], [ -78.837037704942674, 42.958382340625924 ], [ -78.843994696338001, 42.971564338714252 ] ] ] } },
{ "type": "Feature", "properties": { "GEOID": "36029008101", "tract_name": "Census Tract 81.01; Erie County; New York", "median_age": 44.5, "median_income": 66781.0, "population_density": 4819.0349743316165, "county": "Erie" }, "geometry": { "type": "Polygon", "coordinates": [ [ [ -78.875253693439817, 43.001255333321744 ], [ -78.86098967754063, 43.00144433330432 ], [ -78.852859686659798, 42.987002336024709 ], [ -78.852832694538932, 42.980889337289604 ], [ -78.872368716828205, 42.980950338026176 ], [ -78.875253693439817, 43.001255333321744 ] ] ] } },
{ "type": "Feature", "properties": { "GEOID": "36029008102", "tract_name": "Census Tract 81.02; Erie County; New York", "median_age": 49.3, "median_income": 86636.0, "population_density": 5505.6213167899541, "county": "Erie" }, "geometry": { "type": "Polygon", "coordinates": [ [ [ -78.872368716828205, 42.980950338026176 ], [ -78.852832694538932, 42.980889337289604 ], [ -78.852599710990731, 42.967964339950498 ], [ -78.86762372792839, 42.968427340809832 ], [ -78.865984719677755, 42.97323833958221 ], [ -78.87133872589726, 42.973226339873605 ], [ -78.872368716828205, 42.980950338026176 ] ] ] } },
{ "type": "Feature", "properties": { "GEOID": "36029008201", "tract_name": "Census Tract 82.01; Erie County; New York", "median_age": 46.9, "median_income": 73397.0, "population_density": 3977.1613217010204, "county": "Erie" }, "geometry": { "type": "Polygon", "coordinates": [ [ [ -78.885380731737442, 42.98094233852737 ], [ -78.881715700569913, 43.001249333327941 ], [ -78.875253693439817, 43.001255333321744 ], [ -78.872368716828205, 42.980950338026176 ], [ -78.885380731737442, 42.98094233852737 ] ] ] } },
{ "type": "Feature", "properties": { "GEOID": "36029008202", "tract_name": "Census Tract 82.02; Erie County; New York", "median_age": 47.1, "median_income": 52607.0, "population_density": 7740.8750953343242, "county": "Erie" }, "geometry": { "type": "Polygon", "coordinates": [ [ [ -78.887321749576245, 42.969419341787628 ], [ -78.885380731737442, 42.98094233852737 ], [ -78.872368716828205, 42.980950338026176 ], [ -78.87133872589726, 42.973226339873605 ], [ -78.878709734669883, 42.973053340315737 ], [ -78.878743739541292, 42.969447341252256 ], [ -78.887321749576245, 42.969419341787628 ] ] ] } },
{ "type": "Feature", "properties": { "GEOID": "36029008300", "tract_name": "Census Tract 83; Erie County; New York", "median_age": 35.8, "median_income": 56875.0, "population_density": 752.68403343628052, "county": "Erie" }, "geometry": { "type": "Polygon", "coordinates": [ [ [ -78.937036765440595, 42.998566333872617 ], [ -78.916960729184879, 43.009054333536639 ], [ -78.900968729142704, 42.9957613346212 ], [ -78.888551708100607, 43.001254333334444 ], [ -78.881715700569913, 43.001249333327941 ], [ -78.885398731908083, 42.980831338558311 ], [ -78.910180760726377, 42.980517339615908 ], [ -78.916337757109986, 42.988102337317237 ], [ -78.937036765440595, 42.998566333872617 ] ] ] } },
{ "type": "Feature", "properties": { "GEOID": "36029013802", "tract_name": "Census Tract 138.02; Erie County; New York", "median_age": 52.4, "median_income": 85833.0, "population_density": 268.97158103421845, "county": "Erie" }, "geometry": { "type": "Polygon", "coordinates": [ [ [ -78.696891856971106, 42.781833325819029 ], [ -78.614318948575573, 42.78196231405807 ], [ -78.613283960825569, 42.771972319981273 ], [ -78.613913958840016, 42.773129319343013 ], [ -78.625767945270013, 42.773488320363434 ], [ -78.627034940520005, 42.776496318851791 ], [ -78.632340934604457, 42.77651431946726 ], [ -78.636165933408904, 42.773765321308844 ], [ -78.628976948095556, 42.76773632379237 ], [ -78.632929949672246, 42.762364326899146 ], [ -78.629611955887782, 42.760088327934589 ], [ -78.629065958998908, 42.7578343291216 ], [ -78.622600967727806, 42.756443329684068 ], [ -78.622565965345572, 42.758622328448915 ], [ -78.602005990034471, 42.756962328752763 ], [ -78.60202697806001, 42.767718321679588 ], [ -78.593288987966687, 42.767540321115398 ], [ -78.59095398054113, 42.776558314558748 ], [ -78.593638971615576, 42.781906311159148 ], [ -78.578247987645568, 42.782870308240625 ], [ -78.579547002560901, 42.692958333333372 ], [ -78.634826927772949, 42.694040333333376 ], [ -78.635199929794254, 42.698248333333375 ], [ -78.638072927005297, 42.699982333333374 ], [ -78.637699944207085, 42.727277333333376 ], [ -78.647305932685484, 42.727463333333375 ], [ -78.641664946181493, 42.738046333333365 ], [ -78.652734935657094, 42.74152833333337 ], [ -78.652583937263472, 42.743641333333365 ], [ -78.656571934224161, 42.745803333333363 ], [ -78.653644939754358, 42.749059333333363 ], [ -78.652153937406666, 42.754179331515161 ], [ -78.645499941703349, 42.756966330097086 ], [ -78.641475940706684, 42.761887327598906 ], [ -78.655260925893344, 42.76143432851805 ], [ -78.67735789462445, 42.767479327689486 ], [ -78.69677087167112, 42.768724328903211 ], [ -78.696891856971106, 42.781833325819029 ] ] ] } },
{ "type": "Feature", "properties": { "GEOID": "36029004902", "tract_name": "Census Tract 49.02; Erie County; New York", "median_age": 32.6, "median_income": 76307.0, "population_density": 12749.758845550108, "county": "Erie" }, "geometry": { "type": "Polygon", "coordinates": [ [ [ -78.868500756258683, 42.947768345794394 ], [ -78.864568751536524, 42.947759345382998 ], [ -78.864446742437423, 42.954569343801019 ], [ -78.853077728899933, 42.954559342763247 ], [ -78.85307173780437, 42.947674344191441 ], [ -78.863048749716981, 42.947751345224951 ], [ -78.863062753878779, 42.944592345945516 ], [ -78.868146759991461, 42.944620346505971 ], [ -78.868500756258683, 42.947768345794394 ] ] ] } },
{ "type": "Feature", "properties": { "GEOID": "36029004901", "tract_name": "Census Tract 49.01; Erie County; New York", "median_age": 33.8, "median_income": 54444.0, "population_density": 15075.072644627884, "county": "Erie" }, "geometry": { "type": "Polygon", "coordinates": [ [ [ -78.868146759991461, 42.944620346505971 ], [ -78.863062753878779, 42.944592345945516 ], [ -78.863048749716981, 42.947751345224951 ], [ -78.855880741158188, 42.947696344482672 ], [ -78.856964747356216, 42.943936345406549 ], [ -78.868146759991461, 42.944620346505971 ] ] ] } },
{ "type": "Feature", "properties": { "GEOID": "36029016801", "tract_name": "Census Tract 168.01; Erie County; New York", "median_age": 32.2, "median_income": 26635.0, "population_density": 5529.9058965639888, "county": "Erie" }, "geometry": { "type": "Polygon", "coordinates": [ [ [ -78.868179812907385, 42.904599356031994 ], [ -78.864432793979844, 42.915347352836079 ], [ -78.862321791350681, 42.915321352482181 ], [ -78.862447799147631, 42.909495353822628 ], [ -78.853979787589637, 42.910102352152578 ], [ -78.853974795703721, 42.903836353463362 ], [ -78.868179812907385, 42.904599356031994 ] ] ] } },
{ "type": "Feature", "properties": { "GEOID": "36029014704", "tract_name": "Census Tract 147.04; Erie County; New York", "median_age": 57.5, "median_income": 71338.0, "population_density": 735.47664521916113, "county": "Erie" }, "geometry": { "type": "Polygon", "coordinates": [ [ [ -78.633828714997762, 42.972672218362256 ], [ -78.619635727462239, 42.975647202592256 ], [ -78.619753716268889, 42.985603196947309 ], [ -78.617316715997788, 42.98828419281444 ], [ -78.587479749801119, 42.98769816163886 ], [ -78.587260757543334, 42.980949166288973 ], [ -78.577160767348886, 42.982224154942408 ], [ -78.578048796882229, 42.954756176850836 ], [ -78.632341735780003, 42.955455225893914 ], [ -78.633828714997762, 42.972672218362256 ] ] ] } },
{ "type": "Feature", "properties": { "GEOID": "36029014804", "tract_name": "Census Tract 148.04; Erie County; New York", "median_age": 46.8, "median_income": 82824.0, "population_density": 145.36458904078444, "county": "Erie" }, "geometry": { "type": "Polygon", "coordinates": [ [ [ -78.578039796445566, 42.95515817653542 ], [ -78.576245723035015, 43.031220139277615 ], [ -78.513367787158231, 43.029549070242631 ], [ -78.514036805258343, 43.011800071081794 ], [ -78.501885818501009, 43.011537057640787 ], [ -78.501935821987246, 43.0083300576987 ], [ -78.490931812637854, 43.012599055769364 ], [ -78.483062805580616, 43.013850055880702 ], [ -78.468889799563243, 43.009062056675234 ], [ -78.472074803498728, 43.007430056720409 ], [ -78.468654804489546, 43.003402057305841 ], [ -78.470584808042574, 43.001205057424691 ], [ -78.466460803826863, 43.00217205757302 ], [ -78.463965803093316, 43.000700057909114 ], [ -78.463380801352955, 43.002156057760352 ], [ -78.464231852727167, 42.954553101054657 ], [ -78.578039796445566, 42.95515817653542 ] ] ] } },
{ "type": "Feature", "properties": { "GEOID": "36029007104", "tract_name": "Census Tract 71.04; Erie County; New York", "median_age": 32.8, "median_income": 22005.0, "population_density": 19320.040370287486, "county": "Erie" }, "geometry": { "type": "Polygon", "coordinates": [ [ [ -78.893028859401412, 42.893855363898602 ], [ -78.883407840289379, 42.898755360526486 ], [ -78.880139840073312, 42.89577336064167 ], [ -78.889335858337972, 42.891105363880854 ], [ -78.893028859401412, 42.893855363898602 ] ] ] } },
{ "type": "Feature", "properties": { "GEOID": "36029006802", "tract_name": "Census Tract 68.02; Erie County; New York", "median_age": 33.8, "median_income": 51173.0, "population_density": 11122.329842697871, "county": "Erie" }, "geometry": { "type": "Polygon", "coordinates": [ [ [ -78.884577839457094, 42.900490360294874 ], [ -78.881839833390217, 42.902378359245198 ], [ -78.87302082226428, 42.902225357549803 ], [ -78.874787831739383, 42.896820359255564 ], [ -78.87712883472976, 42.896850359734188 ], [ -78.877271838420114, 42.894229360435482 ], [ -78.884577839457094, 42.900490360294874 ] ] ] } },
{ "type": "Feature", "properties": { "GEOID": "36057072700", "tract_name": "Census Tract 727; Montgomery County; New York", "median_age": 36.4, "median_income": 69180.0, "population_density": 49.913672791211887, "county": "Montgomery" }, "geometry": { "type": "Polygon", "coordinates": [ [ [ -74.555696743094217, 42.810897934701273 ], [ -74.526102799583796, 42.881870952248775 ], [ -74.528014798201554, 42.882399954160327 ], [ -74.520495812885557, 42.894913952826947 ], [ -74.504371828450019, 42.894903937611836 ], [ -74.466543846613121, 42.899016928245842 ], [ -74.460858852016713, 42.903722928391986 ], [ -74.458012857781043, 42.910118929506226 ], [ -74.445900868083697, 42.918585929124283 ], [ -74.428970878370521, 42.925017926970177 ], [ -74.397579902799379, 42.94415392379284 ], [ -74.38949390820656, 42.947930922548011 ], [ -74.380453912520494, 42.949853920664637 ], [ -74.353485921047408, 42.949803913949204 ], [ -74.332816920241939, 42.939903907527679 ], [ -74.308718921814432, 42.931672900935517 ], [ -74.299919924486517, 42.931484898899797 ], [ -74.296400927880597, 42.934549898371159 ], [ -74.296565930762625, 42.938512898769275 ], [ -74.292927934255999, 42.941665898182393 ], [ -74.281967935394022, 42.938482895312596 ], [ -74.279187933174128, 42.934277894351041 ], [ -74.278072930595826, 42.930304893809925 ], [ -74.279048928727491, 42.928197893880423 ], [ -74.28459992707306, 42.92836189514572 ], [ -74.289182924141713, 42.926380896016362 ], [ -74.286040919660294, 42.918959894723137 ], [ -74.286580915349774, 42.913364894391322 ], [ -74.283430915193819, 42.911783893609034 ], [ -74.273907918356372, 42.911918891636049 ], [ -74.271192916816901, 42.908648890862239 ], [ -74.270611913944492, 42.90450189048159 ], [ -74.272688911111842, 42.90157089070631 ], [ -74.28456890372513, 42.896764892674632 ], [ -74.287851898812875, 42.891557892881018 ], [ -74.286420897483822, 42.88913389242024 ], [ -74.283782897772468, 42.888367891875838 ], [ -74.278225902229536, 42.89196389111418 ], [ -74.276292902408613, 42.891358890710897 ], [ -74.27909689584105, 42.883696890680596 ], [ -74.275054890047016, 42.874070889307447 ], [ -74.265239890269541, 42.870036887428107 ], [ -74.264432889208848, 42.868240887194595 ], [ -74.271074886679472, 42.867749888237249 ], [ -74.277620880827911, 42.862718888937131 ], [ -74.419116834892762, 42.863136911073397 ], [ -74.411383772194071, 42.776488891387174 ], [ -74.454910754906962, 42.772977893252943 ], [ -74.555696743094217, 42.810897934701273 ] ] ] } },
{ "type": "Feature", "properties": { "GEOID": "36057070600", "tract_name": "Census Tract 706; Montgomery County; New York", "median_age": 39.5, "median_income": 39115.0, "population_density": 4499.1953272285409, "county": "Montgomery" }, "geometry": { "type": "Polygon", "coordinates": [ [ [ -74.192395974483716, 42.93961088726121 ], [ -74.1893669763963, 42.940815887279101 ], [ -74.18699297880984, 42.944480887396338 ], [ -74.185583983077152, 42.955166887788607 ], [ -74.179318984950115, 42.953236887653084 ], [ -74.180690983564418, 42.950542887565092 ], [ -74.177424984620117, 42.949448887491975 ], [ -74.17867098301781, 42.945837887368263 ], [ -74.176678983071099, 42.942878887238159 ], [ -74.177893981315975, 42.938807887096594 ], [ -74.179527980409105, 42.938467887098867 ], [ -74.178321980610818, 42.937127887037363 ], [ -74.185506977858864, 42.939664887199399 ], [ -74.192395974483716, 42.93961088726121 ] ] ] } },
{ "type": "Feature", "properties": { "GEOID": "36057072100", "tract_name": "Census Tract 721; Montgomery County; New York", "median_age": 49.4, "median_income": 69828.0, "population_density": 183.30948478574447, "county": "Montgomery" }, "geometry": { "type": "Polygon", "coordinates": [ [ [ -74.289303967032779, 42.984413900862236 ], [ -74.097467011930078, 42.982932887839226 ], [ -74.083883039487134, 42.897352884861228 ], [ -74.098482027103358, 42.904822885218167 ], [ -74.126856007046854, 42.911700885674279 ], [ -74.140490998443923, 42.917941886005238 ], [ -74.147731994081411, 42.919183886109536 ], [ -74.156268988643191, 42.917891886132949 ], [ -74.176011978173619, 42.924282886534627 ], [ -74.174130979477937, 42.925065886547877 ], [ -74.163114984964722, 42.920744886294315 ], [ -74.163906984970183, 42.923095886387685 ], [ -74.174364979517364, 42.925711886574057 ], [ -74.172059981406633, 42.927935886637208 ], [ -74.165639984599252, 42.926099886513455 ], [ -74.163018986669201, 42.928971886596749 ], [ -74.165509985428216, 42.929602886641881 ], [ -74.161343988336924, 42.932879886725821 ], [ -74.164370987021897, 42.934248886803431 ], [ -74.162064988595048, 42.936170886853418 ], [ -74.1635309896118, 42.944838887186464 ], [ -74.171009990672346, 42.962743887924667 ], [ -74.175106988590571, 42.960307887876048 ], [ -74.178086987731376, 42.961035887934052 ], [ -74.180053984688996, 42.953352887664764 ], [ -74.194504980879316, 42.9584538880043 ], [ -74.19711798270805, 42.9652798882939 ], [ -74.2002659820932, 42.966261888365018 ], [ -74.205529980028274, 42.965474888390034 ], [ -74.205116977387007, 42.959428888150384 ], [ -74.207414975702505, 42.957643888104251 ], [ -74.220570970346444, 42.956911888208751 ], [ -74.222113968022072, 42.953831888101938 ], [ -74.221159967929651, 42.952982888058727 ], [ -74.241741960682688, 42.954571888327656 ], [ -74.263818952410475, 42.953720891869509 ], [ -74.278301946102104, 42.951398895366118 ], [ -74.283507941696428, 42.947673896383321 ], [ -74.289303967032779, 42.984413900862236 ] ] ] } },
{ "type": "Feature", "properties": { "GEOID": "36057070200", "tract_name": "Census Tract 702; Montgomery County; New York", "median_age": 41.4, "median_income": 29161.0, "population_density": 1221.0018782954312, "county": "Montgomery" }, "geometry": { "type": "Polygon", "coordinates": [ [ [ -74.216917958817675, 42.932622887212531 ], [ -74.21377396838507, 42.948035887790816 ], [ -74.204893970020208, 42.943162887515257 ], [ -74.201335973099248, 42.946426887608077 ], [ -74.192395974483716, 42.93961088726121 ], [ -74.194606972952982, 42.938461887237573 ], [ -74.192492973012833, 42.935879887119214 ], [ -74.193620971912765, 42.934529887077673 ], [ -74.187477974008303, 42.931421886903991 ], [ -74.18400897442605, 42.927026886706713 ], [ -74.196108964361699, 42.919025886503583 ], [ -74.216917958817675, 42.932622887212531 ] ] ] } },
{ "type": "Feature", "properties": { "GEOID": "36057072800", "tract_name": "Census Tract 728; Montgomery County; New York", "median_age": 45.1, "median_income": 84306.0, "population_density": 43.216148848625345, "county": "Montgomery" }, "geometry": { "type": "Polygon", "coordinates": [ [ [ -74.419116834892762, 42.863136911073397 ], [ -74.277620880827911, 42.862718888937131 ], [ -74.271074886679472, 42.867749888237249 ], [ -74.264432889208848, 42.868240887194595 ], [ -74.265239890269541, 42.870036887428107 ], [ -74.275054890047016, 42.874070889307447 ], [ -74.27909689584105, 42.883696890680596 ], [ -74.276292902408613, 42.891358890710897 ], [ -74.278225902229536, 42.89196389111418 ], [ -74.283782897772468, 42.888367891875838 ], [ -74.287680898414166, 42.890943892799193 ], [ -74.284926903395757, 42.896475892720758 ], [ -74.272688911111842, 42.90157089070631 ], [ -74.270547915221513, 42.906204890576113 ], [ -74.273907918356372, 42.911918891636049 ], [ -74.283430915193819, 42.911783893609034 ], [ -74.286580915349774, 42.913364894391322 ], [ -74.286040919660294, 42.918959894723137 ], [ -74.289182924141713, 42.926380896016362 ], [ -74.28459992707306, 42.92836189514572 ], [ -74.279611928314708, 42.92788289398456 ], [ -74.278130931078749, 42.930983893871428 ], [ -74.281860935384529, 42.938423895282845 ], [ -74.292927934255999, 42.941665898182393 ], [ -74.278301946102104, 42.951398895366118 ], [ -74.271702949372099, 42.952991893816211 ], [ -74.241741960682688, 42.954571888327656 ], [ -74.221076967961025, 42.952978888057743 ], [ -74.21377396838507, 42.948035887790816 ], [ -74.216944958696402, 42.932421887204839 ], [ -74.196108964361699, 42.919025886503583 ], [ -74.183978974690191, 42.927777886734916 ], [ -74.161234985771685, 42.919013886214962 ], [ -74.140490998443923, 42.917941886005238 ], [ -74.126856007046854, 42.911700885674279 ], [ -74.098482027103358, 42.904822885218167 ], [ -74.084844038905217, 42.896867884852128 ], [ -74.25682885043733, 42.812212883253672 ], [ -74.254946849296786, 42.809813882950579 ], [ -74.255322846410564, 42.806062882812434 ], [ -74.258527842634876, 42.802384882933389 ], [ -74.264671838576945, 42.799657883340366 ], [ -74.263313836726894, 42.796532883047298 ], [ -74.289445818584312, 42.783803884214635 ], [ -74.32471680647825, 42.783426886695004 ], [ -74.411383772194071, 42.776488891387174 ], [ -74.419116834892762, 42.863136911073397 ] ] ] } },
{ "type": "Feature", "properties": { "GEOID": "36057070300", "tract_name": "Census Tract 703; Montgomery County; New York", "median_age": 36.0, "median_income": 46126.0, "population_density": 7359.7046968862105, "county": "Montgomery" }, "geometry": { "type": "Polygon", "coordinates": [ [ [ -74.201232973193015, 42.946536887611352 ], [ -74.194074978382773, 42.951665887739409 ], [ -74.191008979131581, 42.950275887656041 ], [ -74.194263976750136, 42.947704887589218 ], [ -74.19100497691781, 42.944326887428595 ], [ -74.186571979927294, 42.947160887494199 ], [ -74.188791976884616, 42.941407887296293 ], [ -74.191867974748178, 42.939629887257041 ], [ -74.201232973193015, 42.946536887611352 ] ] ] } },
{ "type": "Feature", "properties": { "GEOID": "36029008400", "tract_name": "Census Tract 84; Erie County; New York", "median_age": 38.3, "median_income": 57064.0, "population_density": 430.57712841280903, "county": "Erie" }, "geometry": { "type": "Polygon", "coordinates": [ [ [ -78.944561793507802, 42.985054339187172 ], [ -78.942161779881886, 42.992554336213331 ], [ -78.937071765538775, 42.998525333888161 ], [ -78.916337757109986, 42.988102337317237 ], [ -78.910180760726377, 42.980517339615908 ], [ -78.885398731908083, 42.980831338558311 ], [ -78.889287766608462, 42.958570344951056 ], [ -78.898754766981028, 42.966453343379804 ], [ -78.912433797151252, 42.956341347610575 ], [ -78.914247821772733, 42.940330353064596 ], [ -78.918859818177637, 42.946855351400352 ], [ -78.93236082153652, 42.955855349540528 ], [ -78.932770809029577, 42.964904346247145 ], [ -78.940530808282872, 42.971700344188477 ], [ -78.943961802579935, 42.978354341785518 ], [ -78.944561793507802, 42.985054339187172 ] ] ] } },
{ "type": "Feature", "properties": { "GEOID": "36057070400", "tract_name": "Census Tract 704; Montgomery County; New York", "median_age": 35.1, "median_income": 51528.0, "population_density": 3787.2560131524083, "county": "Montgomery" }, "geometry": { "type": "Polygon", "coordinates": [ [ [ -74.221689968613646, 42.954583888127594 ], [ -74.220570970346444, 42.956911888208751 ], [ -74.214703972705365, 42.957152888158909 ], [ -74.214004970816376, 42.952961887986895 ], [ -74.212593971009497, 42.952212887943475 ], [ -74.206910972422136, 42.950265887811355 ], [ -74.207019973497609, 42.95264688790531 ], [ -74.203014976039185, 42.954688887944883 ], [ -74.197830977409808, 42.953061887830273 ], [ -74.19534697733009, 42.950344887701178 ], [ -74.204893970020208, 42.943162887515257 ], [ -74.211304968433538, 42.945971887685971 ], [ -74.221689968613646, 42.954583888127594 ] ] ] } },
{ "type": "Feature", "properties": { "GEOID": "36057070500", "tract_name": "Census Tract 705; Montgomery County; New York", "median_age": 44.9, "median_income": 61023.0, "population_density": 2826.5731483253981, "county": "Montgomery" }, "geometry": { "type": "Polygon", "coordinates": [ [ [ -74.214833972229883, 42.956331888127885 ], [ -74.207414975702505, 42.957643888104251 ], [ -74.205116977387007, 42.959428888150384 ], [ -74.205529980028274, 42.965474888390034 ], [ -74.19711798270805, 42.9652798882939 ], [ -74.194504980879316, 42.9584538880043 ], [ -74.185583983077152, 42.955166887788607 ], [ -74.186571979927294, 42.947160887494199 ], [ -74.19100497691781, 42.944326887428595 ], [ -74.194263976750136, 42.947704887589218 ], [ -74.191008979131581, 42.950275887656041 ], [ -74.192114978993686, 42.951141887700025 ], [ -74.19534697733009, 42.950344887701178 ], [ -74.197830977409808, 42.953061887830273 ], [ -74.203014976039185, 42.954688887944883 ], [ -74.207019973497609, 42.95264688790531 ], [ -74.206910972422136, 42.950265887811355 ], [ -74.214004970816376, 42.952961887986895 ], [ -74.214833972229883, 42.956331888127885 ] ] ] } },
{ "type": "Feature", "properties": { "GEOID": "36057070700", "tract_name": "Census Tract 707; Montgomery County; New York", "median_age": 43.0, "median_income": 57545.0, "population_density": 3192.3141285522975, "county": "Montgomery" }, "geometry": { "type": "Polygon", "coordinates": [ [ [ -74.180690983564418, 42.950542887565092 ], [ -74.178086987731376, 42.961035887934052 ], [ -74.175106988590571, 42.960307887876048 ], [ -74.171009990672346, 42.962743887924667 ], [ -74.16399398958248, 42.945718887223357 ], [ -74.166705988686971, 42.947172887303154 ], [ -74.169238986841009, 42.944112887213862 ], [ -74.175215983711908, 42.942723887218555 ], [ -74.177583981660987, 42.939471887118685 ], [ -74.176678983071099, 42.942878887238159 ], [ -74.178701983206835, 42.946521887394297 ], [ -74.177424984620117, 42.949448887491975 ], [ -74.180690983564418, 42.950542887565092 ] ] ] } },
{ "type": "Feature", "properties": { "GEOID": "36057070800", "tract_name": "Census Tract 708; Montgomery County; New York", "median_age": 27.9, "median_income": 41510.0, "population_density": 3582.4452338261103, "county": "Montgomery" }, "geometry": { "type": "Polygon", "coordinates": [ [ [ -74.184649976788037, 42.935199887022158 ], [ -74.182914977486988, 42.934599886983754 ], [ -74.178321980610818, 42.937127887037363 ], [ -74.179527980409105, 42.938467887098867 ], [ -74.175558982960084, 42.940591887141892 ], [ -74.175215983711908, 42.942723887218555 ], [ -74.169238986841009, 42.944112887213862 ], [ -74.166705988686971, 42.947172887303154 ], [ -74.1635309896118, 42.944838887186464 ], [ -74.162064988595048, 42.936170886853418 ], [ -74.164370987021897, 42.934248886803431 ], [ -74.161343988336924, 42.932879886725821 ], [ -74.165509985428216, 42.929602886641881 ], [ -74.163018986669201, 42.928971886596749 ], [ -74.166958983770542, 42.925759886512218 ], [ -74.175264979877142, 42.92888888670079 ], [ -74.184649976788037, 42.935199887022158 ] ] ] } },
{ "type": "Feature", "properties": { "GEOID": "36057070900", "tract_name": "Census Tract 709; Montgomery County; New York", "median_age": 48.8, "median_income": 39643.0, "population_density": 2661.2733090605548, "county": "Montgomery" }, "geometry": { "type": "Polygon", "coordinates": [ [ [ -74.19464197284961, 42.938243887229532 ], [ -74.193620973858827, 42.939538887269805 ], [ -74.185686977774594, 42.939674887201441 ], [ -74.179214980246286, 42.937408887056122 ], [ -74.182849977528079, 42.93462288698403 ], [ -74.184818976689726, 42.935165887022393 ], [ -74.172441981131854, 42.927698886631688 ], [ -74.174364979517364, 42.925711886574057 ], [ -74.163906984970183, 42.923095886387685 ], [ -74.163114984964722, 42.920744886294315 ], [ -74.183978974690191, 42.927777886734916 ], [ -74.187477974008303, 42.931421886903991 ], [ -74.19243697204945, 42.933277887019059 ], [ -74.193620971912765, 42.934529887077673 ], [ -74.192516973034174, 42.9359678871228 ], [ -74.19464197284961, 42.938243887229532 ] ] ] } },
{ "type": "Feature", "properties": { "GEOID": "36057072200", "tract_name": "Census Tract 722; Montgomery County; New York", "median_age": 41.8, "median_income": 73558.0, "population_density": 101.44990818258168, "county": "Montgomery" }, "geometry": { "type": "Polygon", "coordinates": [ [ [ -74.488843904935251, 42.985116958058484 ], [ -74.289303967032779, 42.984413900862236 ], [ -74.283507941696428, 42.947673896383321 ], [ -74.294494933001133, 42.940644898468044 ], [ -74.296565930762625, 42.938512898769275 ], [ -74.296400927880597, 42.934549898371159 ], [ -74.299919924486517, 42.931484898899797 ], [ -74.308718921814432, 42.931672900935517 ], [ -74.318717920783683, 42.934585903561974 ], [ -74.353485921047408, 42.949803913949204 ], [ -74.380453912520494, 42.949853920664637 ], [ -74.38949390820656, 42.947930922548011 ], [ -74.410941893220098, 42.937075925529108 ], [ -74.428970878370521, 42.925017926970177 ], [ -74.445900868083697, 42.918585929124283 ], [ -74.458012857781043, 42.910118929506226 ], [ -74.461947850692042, 42.902438928266207 ], [ -74.466543846613121, 42.899016928245842 ], [ -74.473436843456483, 42.897791929244264 ], [ -74.488843904935251, 42.985116958058484 ] ] ] } },
{ "type": "Feature", "properties": { "GEOID": "36057072300", "tract_name": "Census Tract 723; Montgomery County; New York", "median_age": 51.7, "median_income": 60123.0, "population_density": 76.844499031365899, "county": "Montgomery" }, "geometry": { "type": "Polygon", "coordinates": [ [ [ -74.640755690395039, 42.96762514438344 ], [ -74.604183743682214, 42.982001107981695 ], [ -74.604137748058008, 43.003227122266061 ], [ -74.542366837661319, 42.985529022251612 ], [ -74.488843904935251, 42.985116958058484 ], [ -74.473436843456483, 42.897791929244264 ], [ -74.504371828450019, 42.894903937611836 ], [ -74.529094804693102, 42.895104961028508 ], [ -74.540581795771274, 42.899328974110922 ], [ -74.545977792894647, 42.904441982184935 ], [ -74.560669779598356, 42.908828999607202 ], [ -74.573074766818507, 42.909583012782257 ], [ -74.580093758928314, 42.90782501865705 ], [ -74.602443736533246, 42.914295046913644 ], [ -74.609130729875218, 42.919917058998628 ], [ -74.626105710946732, 42.944256101525653 ], [ -74.631315703942363, 42.958138122037923 ], [ -74.640755690395039, 42.96762514438344 ] ] ] } },
{ "type": "Feature", "properties": { "GEOID": "36057072600", "tract_name": "Census Tract 726; Montgomery County; New York", "median_age": 35.8, "median_income": 64205.0, "population_density": 85.212192237609599, "county": "Montgomery" }, "geometry": { "type": "Polygon", "coordinates": [ [ [ -74.709836653882363, 42.847610062854812 ], [ -74.613880725203117, 42.928357071957109 ], [ -74.609130729875218, 42.919917058998628 ], [ -74.602443736533246, 42.914295046913644 ], [ -74.580093758928314, 42.90782501865705 ], [ -74.573074766818507, 42.909583012782257 ], [ -74.560669779598356, 42.908828999607202 ], [ -74.545977792894647, 42.904441982184935 ], [ -74.540581795771274, 42.899328974110922 ], [ -74.533372801185322, 42.896225965617639 ], [ -74.520495812885557, 42.894913952826947 ], [ -74.528014798201554, 42.882399954160327 ], [ -74.526102799583796, 42.881870952248775 ], [ -74.555958742876442, 42.810667934687743 ], [ -74.650698696697532, 42.830053002484419 ], [ -74.709836653882363, 42.847610062854812 ] ] ] } },
{ "type": "Feature", "properties": { "GEOID": "36057072400", "tract_name": "Census Tract 724; Montgomery County; New York", "median_age": 39.3, "median_income": 53514.0, "population_density": 149.13701661766402, "county": "Montgomery" }, "geometry": { "type": "Polygon", "coordinates": [ [ [ -74.759894576202214, 43.047422308590093 ], [ -74.604137748058008, 43.003227122266061 ], [ -74.604183743682214, 42.982001107981695 ], [ -74.641611689236342, 42.967153145020696 ], [ -74.64548668265914, 42.977038161072763 ], [ -74.650919673705971, 42.983854176325956 ], [ -74.6626476545011, 42.991067201676799 ], [ -74.669700642959043, 42.993500215019779 ], [ -74.703081591476177, 42.992168262546684 ], [ -74.713769571520899, 42.998531287653286 ], [ -74.737449534315715, 42.997826322223979 ], [ -74.743714523251938, 42.999409334232503 ], [ -74.741544529367275, 43.003347329879468 ], [ -74.740236541597184, 43.014482321173773 ], [ -74.743804550964413, 43.030740316617631 ], [ -74.750960550562908, 43.038452320316445 ], [ -74.758814569058174, 43.042027312535645 ], [ -74.759894576202214, 43.047422308590093 ] ] ] } },
{ "type": "Feature", "properties": { "GEOID": "36057072500", "tract_name": "Census Tract 725; Montgomery County; New York", "median_age": 35.6, "median_income": 52298.0, "population_density": 81.503655418344366, "county": "Montgomery" }, "geometry": { "type": "Polygon", "coordinates": [ [ [ -74.763302628443199, 42.863236109949085 ], [ -74.740092529786381, 42.998314326986424 ], [ -74.713769571520899, 42.998531287653286 ], [ -74.703081591476177, 42.992168262546684 ], [ -74.672253638881728, 42.993834219214683 ], [ -74.660715657696556, 42.990064197656366 ], [ -74.650919673705971, 42.983854176325956 ], [ -74.64548668265914, 42.977038161072763 ], [ -74.641611689236342, 42.967153145020696 ], [ -74.631315703942363, 42.958138122037923 ], [ -74.626105710946732, 42.944256101525653 ], [ -74.613880725203117, 42.928357071957109 ], [ -74.709836653882363, 42.847610062854812 ], [ -74.763302628443199, 42.863236109949085 ] ] ] } },
{ "type": "Feature", "properties": { "GEOID": "36029014605", "tract_name": "Census Tract 146.05; Erie County; New York", "median_age": 51.4, "median_income": 116765.0, "population_density": 1295.2507008894204, "county": "Erie" }, "geometry": { "type": "Polygon", "coordinates": [ [ [ -78.696921614446779, 43.000237274337003 ], [ -78.696937607863561, 43.018602272843793 ], [ -78.662482644682953, 43.016581234965415 ], [ -78.647120662167623, 43.01404421815888 ], [ -78.64714367021557, 42.999661219201805 ], [ -78.696921614446779, 43.000237274337003 ] ] ] } },
{ "type": "Feature", "properties": { "GEOID": "36029014703", "tract_name": "Census Tract 147.03; Erie County; New York", "median_age": 47.0, "median_income": 152163.0, "population_density": 717.49954346896664, "county": "Erie" }, "geometry": { "type": "Polygon", "coordinates": [ [ [ -78.647232703258894, 42.969833232924408 ], [ -78.647120662167623, 43.01404421815888 ], [ -78.639707672024741, 43.010542210170108 ], [ -78.609683704467841, 43.010116176961859 ], [ -78.598416719495859, 43.006106164655471 ], [ -78.587532731451219, 43.005956152595388 ], [ -78.587433728726182, 43.009604152352374 ], [ -78.576611740558931, 43.009352140379427 ], [ -78.577160767348886, 42.982224154942408 ], [ -78.587260757543334, 42.980949166288973 ], [ -78.587479749801119, 42.98769816163886 ], [ -78.617316715997788, 42.98828419281444 ], [ -78.619753716268889, 42.985603196947309 ], [ -78.619635727462239, 42.975647202592256 ], [ -78.647232703258894, 42.969833232924408 ] ] ] } },
{ "type": "Feature", "properties": { "GEOID": "36029012903", "tract_name": "Census Tract 129.03; Erie County; New York", "median_age": 50.3, "median_income": 63946.0, "population_density": 1861.3557504175965, "county": "Erie" }, "geometry": { "type": "Polygon", "coordinates": [ [ [ -78.816576911228381, 42.770875364044919 ], [ -78.816092887192909, 42.789840361298069 ], [ -78.791932851795011, 42.789441351109232 ], [ -78.789933857620483, 42.782001350859979 ], [ -78.795935866552227, 42.78205435348935 ], [ -78.796167883828801, 42.76786635490992 ], [ -78.816576911228381, 42.770875364044919 ] ] ] } },
{ "type": "Feature", "properties": { "GEOID": "36029004003", "tract_name": "Census Tract 40.03; Erie County; New York", "median_age": 33.5, "median_income": 31758.0, "population_density": 9671.0580987452813, "county": "Erie" }, "geometry": { "type": "Polygon", "coordinates": [ [ [ -78.839262741932657, 42.931328345674338 ], [ -78.839218732619614, 42.938620344358419 ], [ -78.836541727321517, 42.940226343747788 ], [ -78.828121717201242, 42.940122342750875 ], [ -78.828271726643308, 42.932716343936036 ], [ -78.831369730392041, 42.93276734434734 ], [ -78.831150732514018, 42.930862344628942 ], [ -78.834519738391933, 42.929498345329982 ], [ -78.839262741932657, 42.931328345674338 ] ] ] } },
{ "type": "Feature", "properties": { "GEOID": "36029009601", "tract_name": "Census Tract 96.01; Erie County; New York", "median_age": 37.6, "median_income": 76806.0, "population_density": 1300.5115904861038, "county": "Erie" }, "geometry": { "type": "Polygon", "coordinates": [ [ [ -78.724712638252228, 42.950859310758368 ], [ -78.724645631876669, 42.956664310044388 ], [ -78.714646643101119, 42.956561300876338 ], [ -78.715771631180019, 42.966165300448111 ], [ -78.69979764981224, 42.965370285278588 ], [ -78.70003964323891, 42.971044284250326 ], [ -78.696924646727794, 42.971019281195964 ], [ -78.697028669107794, 42.95077328606466 ], [ -78.724712638252228, 42.950859310758368 ] ] ] } },
{ "type": "Feature", "properties": { "GEOID": "36029009602", "tract_name": "Census Tract 96.02; Erie County; New York", "median_age": 55.0, "median_income": 82910.0, "population_density": 1661.9379514813609, "county": "Erie" }, "geometry": { "type": "Polygon", "coordinates": [ [ [ -78.767869600431055, 42.978105334120997 ], [ -78.696899638787798, 42.978190279479008 ], [ -78.696924646727794, 42.971019281195964 ], [ -78.70003964323891, 42.971044284250326 ], [ -78.69979764981224, 42.965370285278588 ], [ -78.715771631180019, 42.966165300448111 ], [ -78.714646643101119, 42.956561300876338 ], [ -78.732625622947793, 42.956720317369829 ], [ -78.732728613845566, 42.964809316843507 ], [ -78.738669606691133, 42.965307322490403 ], [ -78.739424598786684, 42.971666322913983 ], [ -78.740885597180025, 42.971651324353957 ], [ -78.740886595576697, 42.973093324296535 ], [ -78.744388591688903, 42.973090327768965 ], [ -78.743505600625582, 42.965930327100132 ], [ -78.751467597973317, 42.96337533344154 ], [ -78.753284594141519, 42.968719333540186 ], [ -78.759231601685457, 42.968182333924673 ], [ -78.761836599431049, 42.972860333980066 ], [ -78.767869600431055, 42.978105334120997 ] ] ] } },
{ "type": "Feature", "properties": { "GEOID": "36029001601", "tract_name": "Census Tract 16.01; Erie County; New York", "median_age": 44.3, "median_income": 28365.0, "population_density": 3608.8044910462818, "county": "Erie" }, "geometry": { "type": "Polygon", "coordinates": [ [ [ -78.839236800716819, 42.885007353992833 ], [ -78.833566787334746, 42.88970935188906 ], [ -78.835331789652002, 42.889701352282351 ], [ -78.835333784434155, 42.893835351572555 ], [ -78.8259367703441, 42.895340349333942 ], [ -78.825589778274889, 42.888611350284883 ], [ -78.816724761237722, 42.893028347703464 ], [ -78.816607771209362, 42.884794348782464 ], [ -78.839236800716819, 42.885007353992833 ] ] ] } },
{ "type": "Feature", "properties": { "GEOID": "36029002801", "tract_name": "Census Tract 28.01; Erie County; New York", "median_age": 22.3, "median_income": 18632.0, "population_density": 8345.5392810502472, "county": "Erie" }, "geometry": { "type": "Polygon", "coordinates": [ [ [ -78.828865769113236, 42.899360349312822 ], [ -78.826817767854934, 42.898251349069362 ], [ -78.813866747650437, 42.901086346051819 ], [ -78.813970752869778, 42.896934346607274 ], [ -78.828854774681076, 42.894899350018804 ], [ -78.828865769113236, 42.899360349312822 ] ] ] } },
{ "type": "Feature", "properties": { "GEOID": "36011041300", "tract_name": "Census Tract 413; Cayuga County; New York", "median_age": 35.5, "median_income": 45822.0, "population_density": 1551.3864503230477, "county": "Cayuga" }, "geometry": { "type": "Polygon", "coordinates": [ [ [ -76.600820866384353, 42.95893418552086 ], [ -76.595760861365477, 42.95926619013597 ], [ -76.59546585792188, 42.956205188355106 ], [ -76.591291853772589, 42.956465192112681 ], [ -76.590559851054167, 42.954560191436542 ], [ -76.588206848675384, 42.95466619351317 ], [ -76.589349848649306, 42.953456191705179 ], [ -76.565133824070088, 42.954449212993985 ], [ -76.567369820703334, 42.948772206685433 ], [ -76.566292804956902, 42.934288196274956 ], [ -76.569935808170058, 42.933693193008445 ], [ -76.570852811451175, 42.935989194053626 ], [ -76.58520882646603, 42.935961182861575 ], [ -76.589176827187018, 42.932591177447492 ], [ -76.596785833684137, 42.931161170683218 ], [ -76.597170838890079, 42.935853173482521 ], [ -76.59556383735864, 42.936002174831387 ], [ -76.596668856060305, 42.953143185299609 ], [ -76.599808859210697, 42.952981182539034 ], [ -76.600820866384353, 42.95893418552086 ] ] ] } },
{ "type": "Feature", "properties": { "GEOID": "36011041500", "tract_name": "Census Tract 415; Cayuga County; New York", "median_age": 38.3, "median_income": 54913.0, "population_density": 4828.1711748585221, "county": "Cayuga" }, "geometry": { "type": "Polygon", "coordinates": [ [ [ -76.566292804956902, 42.934288196274956 ], [ -76.560639799970502, 42.935215201380487 ], [ -76.538421785454489, 42.944014226434597 ], [ -76.537543775511693, 42.934948219045658 ], [ -76.556090793361349, 42.93337820339957 ], [ -76.555866790146823, 42.930409201132939 ], [ -76.558283792455967, 42.93019319912964 ], [ -76.555682787549799, 42.928013199302356 ], [ -76.556990787971344, 42.927073197557526 ], [ -76.56092079692533, 42.931896198502507 ], [ -76.566248803673091, 42.933061195351186 ], [ -76.566292804956902, 42.934288196274956 ] ] ] } },
{ "type": "Feature", "properties": { "GEOID": "36011041600", "tract_name": "Census Tract 416; Cayuga County; New York", "median_age": 33.9, "median_income": 63287.0, "population_density": 5536.6580749472978, "county": "Cayuga" }, "geometry": { "type": "Polygon", "coordinates": [ [ [ -76.55827079248057, 42.930231199170315 ], [ -76.555866790146823, 42.930409201132939 ], [ -76.556090793361349, 42.93337820339957 ], [ -76.537543775511693, 42.934948219045658 ], [ -76.536915766882629, 42.926933212351074 ], [ -76.552811782926781, 42.926391200094834 ], [ -76.556990787971344, 42.927073197557526 ], [ -76.555682787549799, 42.928013199302356 ], [ -76.55827079248057, 42.930231199170315 ] ] ] } },
{ "type": "Feature", "properties": { "GEOID": "36011041700", "tract_name": "Census Tract 417; Cayuga County; New York", "median_age": 49.8, "median_income": 52990.0, "population_density": 3410.949004652779, "county": "Cayuga" }, "geometry": { "type": "Polygon", "coordinates": [ [ [ -76.566248803673091, 42.933061195351186 ], [ -76.561171797363968, 42.932071198451304 ], [ -76.557784789050089, 42.927322197170099 ], [ -76.549212777348259, 42.924568201214747 ], [ -76.544816759115278, 42.910895192613467 ], [ -76.547425757525033, 42.906601187171042 ], [ -76.552729768013506, 42.911596187820798 ], [ -76.564646779886516, 42.911126179320185 ], [ -76.566248803673091, 42.933061195351186 ] ] ] } },
{ "type": "Feature", "properties": { "GEOID": "36011041800", "tract_name": "Census Tract 418; Cayuga County; New York", "median_age": 38.8, "median_income": 48261.0, "population_density": 3507.3191837581057, "county": "Cayuga" }, "geometry": { "type": "Polygon", "coordinates": [ [ [ -76.594119818102087, 42.918645164310249 ], [ -76.583152811079088, 42.922949175170196 ], [ -76.566152802269386, 42.93176919441585 ], [ -76.564646779886516, 42.911126179320185 ], [ -76.593485808612357, 42.910004158941511 ], [ -76.594119818102087, 42.918645164310249 ] ] ] } },
{ "type": "Feature", "properties": { "GEOID": "36011040500", "tract_name": "Census Tract 405; Cayuga County; New York", "median_age": 47.6, "median_income": 82500.0, "population_density": 84.682899368118854, "county": "Cayuga" }, "geometry": { "type": "Polygon", "coordinates": [ [ [ -76.737976014196988, 42.961284066651174 ], [ -76.735895016580443, 42.965491068954215 ], [ -76.736741022709893, 42.970284068724574 ], [ -76.727624021546063, 42.978142078195184 ], [ -76.728815033280299, 42.987762078428318 ], [ -76.720655032827182, 42.995424087767496 ], [ -76.721658049650287, 43.007857094494888 ], [ -76.711203052241359, 43.018040113671148 ], [ -76.717955077548496, 43.031144118576719 ], [ -76.719107087026714, 43.037137122771725 ], [ -76.716876110847423, 43.056319141502534 ], [ -76.717790120511523, 43.062632146247694 ], [ -76.715715120775585, 43.064512149587053 ], [ -76.713454117513749, 43.063969150968703 ], [ -76.704345111870353, 43.067273161173041 ], [ -76.682701076983889, 43.059324172642746 ], [ -76.677783077537214, 43.063788180060421 ], [ -76.670900072484997, 43.065732187102618 ], [ -76.663405070048753, 43.0701481962682 ], [ -76.662068043489072, 43.051438184418906 ], [ -76.67099305312982, 43.051260176610008 ], [ -76.667900990673516, 43.007300148077995 ], [ -76.570310890424196, 43.011510247883287 ], [ -76.569420871800972, 42.997209242188667 ], [ -76.571210873538661, 42.99702024022077 ], [ -76.567733826717884, 42.954350210705108 ], [ -76.589349848649306, 42.953456191705179 ], [ -76.588206848675384, 42.95466619351317 ], [ -76.590559851054167, 42.954560191436542 ], [ -76.591291853772589, 42.956465192112681 ], [ -76.59546585792188, 42.956205188355106 ], [ -76.595760861365477, 42.95926619013597 ], [ -76.600820866384353, 42.95893418552086 ], [ -76.599808859210697, 42.952981182539034 ], [ -76.656359917375198, 42.951499134118201 ], [ -76.666762944471131, 42.966740131258163 ], [ -76.674957952825011, 42.966405123771089 ], [ -76.674953955618662, 42.969041124705093 ], [ -76.712495993940962, 42.967542090300356 ], [ -76.712091987788384, 42.962240089567999 ], [ -76.737976014196988, 42.961284066651174 ] ] ] } },
{ "type": "Feature", "properties": { "GEOID": "36029017301", "tract_name": "Census Tract 173.01; Erie County; New York", "median_age": 48.6, "median_income": 93782.0, "population_density": 2570.1640105581478, "county": "Erie" }, "geometry": { "type": "Polygon", "coordinates": [ [ [ -78.753748745839459, 42.833489334589842 ], [ -78.743357747536663, 42.833858330857453 ], [ -78.730121765914433, 42.830554326216159 ], [ -78.716271778685567, 42.832910320904304 ], [ -78.725187775168891, 42.827159324824045 ], [ -78.729640770912226, 42.82653732640744 ], [ -78.735031762827774, 42.828422328115899 ], [ -78.735131771747774, 42.820294328687901 ], [ -78.752773759123372, 42.8203573343363 ], [ -78.753748745839459, 42.833489334589842 ] ] ] } },
{ "type": "Feature", "properties": { "GEOID": "36029009012", "tract_name": "Census Tract 90.12; Erie County; New York", "median_age": 38.7, "median_income": 82011.0, "population_density": 4106.7699575963607, "county": "Erie" }, "geometry": { "type": "Polygon", "coordinates": [ [ [ -78.720893612641134, 42.977728303873192 ], [ -78.720130598633347, 42.991098301325984 ], [ -78.696950626401133, 42.989287276914304 ], [ -78.696899638787798, 42.978190279479008 ], [ -78.720893612641134, 42.977728303873192 ] ] ] } },
{ "type": "Feature", "properties": { "GEOID": "36029011201", "tract_name": "Census Tract 112.01; Erie County; New York", "median_age": 48.9, "median_income": 120625.0, "population_density": 1735.3901764943173, "county": "Erie" }, "geometry": { "type": "Polygon", "coordinates": [ [ [ -78.711591776055556, 42.839957317976761 ], [ -78.712049763532221, 42.850770316336032 ], [ -78.708583766563336, 42.851508314647845 ], [ -78.708934752785567, 42.863557312607078 ], [ -78.696947765987773, 42.863662306532397 ], [ -78.696915794071117, 42.838419312471892 ], [ -78.711591776055556, 42.839957317976761 ] ] ] } },
{ "type": "Feature", "properties": { "GEOID": "36029014805", "tract_name": "Census Tract 148.05; Erie County; New York", "median_age": 51.1, "median_income": 111094.0, "population_density": 100.5979671848647, "county": "Erie" }, "geometry": { "type": "Polygon", "coordinates": [ [ [ -78.576370675869512, 43.088667137581993 ], [ -78.564964684933216, 43.088365125339365 ], [ -78.562981681791769, 43.093737123067889 ], [ -78.564034680074542, 43.09480512416809 ], [ -78.559998680865377, 43.097334119780108 ], [ -78.55763268462124, 43.095079117301722 ], [ -78.554810686739941, 43.095068114278519 ], [ -78.560661686866936, 43.08994912067697 ], [ -78.551666691395837, 43.092543110964563 ], [ -78.54940069144034, 43.094355108496991 ], [ -78.550171688811488, 43.096586109276501 ], [ -78.545616690224122, 43.098684104359208 ], [ -78.544594692818009, 43.096723103302324 ], [ -78.541908695043105, 43.096476100430742 ], [ -78.541107698331871, 43.093651099621546 ], [ -78.546486694676759, 43.093229105395956 ], [ -78.546822697373813, 43.090063105818125 ], [ -78.542760701741642, 43.088739101481281 ], [ -78.541687700289486, 43.091135100287111 ], [ -78.540199703925254, 43.088522098734323 ], [ -78.542114703065565, 43.087870100802739 ], [ -78.540312704838854, 43.08747609887331 ], [ -78.540254706401811, 43.085890098837659 ], [ -78.538086708079774, 43.085909096506263 ], [ -78.539131706346012, 43.086862097614286 ], [ -78.538048706639984, 43.087431096441208 ], [ -78.536133710016301, 43.085489094412694 ], [ -78.532410709805944, 43.088659090366079 ], [ -78.531242712016308, 43.087339089128797 ], [ -78.528244713112684, 43.088568085892568 ], [ -78.52800071129117, 43.090570085607069 ], [ -78.526604713767426, 43.089174084124302 ], [ -78.528122713636378, 43.088140085766554 ], [ -78.52672671532396, 43.087538084273568 ], [ -78.522469718138936, 43.088015079694785 ], [ -78.521820716584187, 43.09001707897928 ], [ -78.520439718970167, 43.08873207750775 ], [ -78.514236722168008, 43.090235070836528 ], [ -78.516113718937078, 43.091944072839823 ], [ -78.51519071675061, 43.094686071832321 ], [ -78.511612718465429, 43.095590067993925 ], [ -78.509926717069249, 43.098062066177668 ], [ -78.508324720417406, 43.096052064470292 ], [ -78.509109722797717, 43.093298065321484 ], [ -78.506981723328849, 43.094288063037105 ], [ -78.503661727113325, 43.093109059480803 ], [ -78.503479729112556, 43.091413059288122 ], [ -78.506119725301517, 43.093069062116399 ], [ -78.505104727429, 43.09182206103074 ], [ -78.506138728923105, 43.089726062145346 ], [ -78.500724733817862, 43.089060056332933 ], [ -78.502800734955386, 43.086573058565271 ], [ -78.496887736518971, 43.086443054822766 ], [ -78.499380740796298, 43.083132055416705 ], [ -78.492591740404166, 43.081790053932572 ], [ -78.492722738001817, 43.084085053902683 ], [ -78.491646737860009, 43.083953053662206 ], [ -78.491446757198858, 43.065556054168731 ], [ -78.464245747253372, 43.064956049834343 ], [ -78.463645802658846, 43.00089905790464 ], [ -78.466460803826863, 43.00217205757302 ], [ -78.470584808042574, 43.001205057424691 ], [ -78.468654804489546, 43.003402057305841 ], [ -78.472074803498728, 43.007430056720409 ], [ -78.468889799563243, 43.009062056675234 ], [ -78.476832802680121, 43.012129056140161 ], [ -78.475567777766415, 43.037417054005452 ], [ -78.494846800366318, 43.026680055422524 ], [ -78.494746798392981, 43.028454055387257 ], [ -78.513427788543808, 43.028185070316212 ], [ -78.513367787158231, 43.029549070242631 ], [ -78.522996776403332, 43.030668080811907 ], [ -78.576245723035015, 43.031220139277615 ], [ -78.576065683412253, 43.079756137537579 ], [ -78.572334684726272, 43.081785133455021 ], [ -78.574738681683726, 43.083147136001472 ], [ -78.574234678997684, 43.086878135343269 ], [ -78.576370675869512, 43.088667137581993 ] ] ] } },
{ "type": "Feature", "properties": { "GEOID": "36029017302", "tract_name": "Census Tract 173.02; Erie County; New York", "median_age": 46.9, "median_income": 81838.0, "population_density": 1604.8170596835928, "county": "Erie" }, "geometry": { "type": "Polygon", "coordinates": [ [ [ -78.735031762827774, 42.828422328115899 ], [ -78.729640770912226, 42.82653732640744 ], [ -78.724867775371109, 42.82729732469889 ], [ -78.716271778685567, 42.832910320904304 ], [ -78.718406775808901, 42.833364321627293 ], [ -78.712015781327764, 42.834788319018926 ], [ -78.711591776055556, 42.839957317976761 ], [ -78.696915794071117, 42.838419312471892 ], [ -78.696915824354448, 42.811164318902264 ], [ -78.721916796465536, 42.811263325686404 ], [ -78.732083775135564, 42.820293327735698 ], [ -78.735131771747774, 42.820294328687901 ], [ -78.735031762827774, 42.828422328115899 ] ] ] } },
{ "type": "Feature", "properties": { "GEOID": "36029013801", "tract_name": "Census Tract 138.01; Erie County; New York", "median_age": 47.9, "median_income": 93194.0, "population_density": 166.89444951739159, "county": "Erie" }, "geometry": { "type": "Polygon", "coordinates": [ [ [ -78.696934844831844, 42.695770333333364 ], [ -78.69677087167112, 42.768724328903211 ], [ -78.694233874583333, 42.768640328712877 ], [ -78.67735789462445, 42.767479327689486 ], [ -78.655260925893344, 42.76143432851805 ], [ -78.641475940706684, 42.761887327598906 ], [ -78.645499941703349, 42.756966330097086 ], [ -78.652153937406666, 42.754179331515161 ], [ -78.653644939754358, 42.749059333333363 ], [ -78.656571934224161, 42.745803333333363 ], [ -78.652583937263472, 42.743641333333365 ], [ -78.652734935657094, 42.74152833333337 ], [ -78.641664946181493, 42.738046333333365 ], [ -78.647305932685484, 42.727463333333375 ], [ -78.637699944207085, 42.727277333333376 ], [ -78.638072927005297, 42.699982333333374 ], [ -78.635199929794254, 42.698248333333375 ], [ -78.634826927772949, 42.694040333333376 ], [ -78.696934844831844, 42.695770333333364 ] ] ] } },
{ "type": "Feature", "properties": { "GEOID": "36029009011", "tract_name": "Census Tract 90.11; Erie County; New York", "median_age": 46.9, "median_income": 122813.0, "population_density": 3398.4749867794831, "county": "Erie" }, "geometry": { "type": "Polygon", "coordinates": [ [ [ -78.73951859103002, 42.978553322685755 ], [ -78.739505577063341, 42.991136322085616 ], [ -78.720130598633347, 42.991098301325984 ], [ -78.720893612641134, 42.977728303873192 ], [ -78.73951859103002, 42.978553322685755 ] ] ] } },
{ "type": "Feature", "properties": { "GEOID": "36029009007", "tract_name": "Census Tract 90.07; Erie County; New York", "median_age": 45.4, "median_income": 158089.0, "population_density": 2218.4502663482913, "county": "Erie" }, "geometry": { "type": "Polygon", "coordinates": [ [ [ -78.739425566839543, 43.002389321344204 ], [ -78.737883564015476, 43.024914317393822 ], [ -78.732817568682407, 43.027089311606112 ], [ -78.732309570116072, 43.022939311450187 ], [ -78.696936606217577, 43.023209272463639 ], [ -78.696920614529418, 43.000009274354653 ], [ -78.724860583457826, 43.000122305388373 ], [ -78.739425566839543, 43.002389321344204 ] ] ] } },
{ "type": "Feature", "properties": { "GEOID": "36029002703", "tract_name": "Census Tract 27.03; Erie County; New York", "median_age": 29.0, "median_income": 16045.0, "population_density": 9530.4727143065593, "county": "Erie" }, "geometry": { "type": "Polygon", "coordinates": [ [ [ -78.839311777121935, 42.90366535065526 ], [ -78.834501771033231, 42.903602349733085 ], [ -78.835548784772982, 42.893788351626611 ], [ -78.839271790610695, 42.89300235256399 ], [ -78.839311777121935, 42.90366535065526 ] ] ] } },
{ "type": "Feature", "properties": { "GEOID": "36029001602", "tract_name": "Census Tract 16.02; Erie County; New York", "median_age": 49.3, "median_income": 21597.0, "population_density": 5007.9380135977617, "county": "Erie" }, "geometry": { "type": "Polygon", "coordinates": [ [ [ -78.844027806960767, 42.885053355093326 ], [ -78.844014798094364, 42.891976353779924 ], [ -78.835333784434155, 42.893835351572555 ], [ -78.835331789652002, 42.889701352282351 ], [ -78.833566787334746, 42.88970935188906 ], [ -78.839236800716819, 42.885007353992833 ], [ -78.844027806960767, 42.885053355093326 ] ] ] } },
{ "type": "Feature", "properties": { "GEOID": "36029016802", "tract_name": "Census Tract 168.02; Erie County; New York", "median_age": 32.6, "median_income": 52431.0, "population_density": 6165.2932950088825, "county": "Erie" }, "geometry": { "type": "Polygon", "coordinates": [ [ [ -78.86378979234118, 42.915977352582161 ], [ -78.857315776106489, 42.922179350146997 ], [ -78.853987772006619, 42.922134349635002 ], [ -78.853979787589637, 42.910102352152578 ], [ -78.862447799147631, 42.909495353822628 ], [ -78.862321791350681, 42.915321352482181 ], [ -78.86378979234118, 42.915977352582161 ] ] ] } },
{ "type": "Feature", "properties": { "GEOID": "36029006801", "tract_name": "Census Tract 68.01; Erie County; New York", "median_age": 31.5, "median_income": 69030.0, "population_density": 9696.9984759372473, "county": "Erie" }, "geometry": { "type": "Polygon", "coordinates": [ [ [ -78.877062837252836, 42.894899360219576 ], [ -78.87712883472976, 42.896850359734188 ], [ -78.874787831739383, 42.896820359255564 ], [ -78.87302082226428, 42.902225357549803 ], [ -78.868971817084102, 42.902208356756816 ], [ -78.871890832645704, 42.893313359514401 ], [ -78.877062837252836, 42.894899360219576 ] ] ] } },
{ "type": "Feature", "properties": { "GEOID": "36073040400", "tract_name": "Census Tract 404; Orleans County; New York", "median_age": 36.6, "median_income": 59263.0, "population_density": 1628.9269561075935, "county": "Orleans" }, "geometry": { "type": "Polygon", "coordinates": [ [ [ -78.412291646873186, 43.217383994639562 ], [ -78.411326646044714, 43.220144993110814 ], [ -78.405756650389009, 43.218602989697999 ], [ -78.405721644245361, 43.231390985445771 ], [ -78.397963649764279, 43.231571979611843 ], [ -78.397540647978616, 43.236462977539716 ], [ -78.394680650125181, 43.236495975349847 ], [ -78.394354649781079, 43.237948974563302 ], [ -78.390617653612352, 43.235400972675706 ], [ -78.370603668558843, 43.235511957460702 ], [ -78.370498672859711, 43.218430965137927 ], [ -78.412291646873186, 43.217383994639562 ] ] ] } },
{ "type": "Feature", "properties": { "GEOID": "36073040500", "tract_name": "Census Tract 405; Orleans County; New York", "median_age": 34.8, "median_income": 50660.0, "population_density": 1468.1475715130532, "county": "Orleans" }, "geometry": { "type": "Polygon", "coordinates": [ [ [ -78.415483646062299, 43.215202997502871 ], [ -78.415281645045752, 43.217291996743519 ], [ -78.370498672859711, 43.218430965137927 ], [ -78.370048675812214, 43.207509969800427 ], [ -78.414282651565713, 43.206363999334812 ], [ -78.410540649020959, 43.215345994062794 ], [ -78.415483646062299, 43.215202997502871 ] ] ] } },
{ "type": "Feature", "properties": { "GEOID": "36073040200", "tract_name": "Census Tract 402; Orleans County; New York", "median_age": 45.7, "median_income": 83281.0, "population_density": 65.249533340621142, "county": "Orleans" }, "geometry": { "type": "Polygon", "coordinates": [ [ [ -78.466429510627023, 43.302773097622278 ], [ -78.388829575110876, 43.305403037232061 ], [ -78.296871654852083, 43.306180962567822 ], [ -78.299006718353908, 43.218861914918875 ], [ -78.370498672859711, 43.218430965137927 ], [ -78.370603668558843, 43.235511957460702 ], [ -78.390617653612352, 43.235400972675706 ], [ -78.393183650607341, 43.238123973600018 ], [ -78.397540647978616, 43.236462977539716 ], [ -78.397963649764279, 43.231571979611843 ], [ -78.405721644245361, 43.231390985445771 ], [ -78.405756650389009, 43.218602989697999 ], [ -78.411326646044714, 43.220144993110814 ], [ -78.412291646873186, 43.217383994639562 ], [ -78.460416617637421, 43.216220028225031 ], [ -78.466429510627023, 43.302773097622278 ] ] ] } },
{ "type": "Feature", "properties": { "GEOID": "36073990000", "tract_name": "Census Tract 9900; Orleans County; New York", "median_age": null, "median_income": null, "population_density": 0.0, "county": "Orleans" }, "geometry": { "type": "Polygon", "coordinates": [ [ [ -78.468711166547791, 43.633426426015681 ], [ -77.993982385726326, 43.631231984557132 ], [ -77.995610326811061, 43.365050982205958 ], [ -78.005178334092193, 43.368233981115416 ], [ -78.025789357543147, 43.366540983619636 ], [ -78.034016367419412, 43.367825983734505 ], [ -78.038668373329145, 43.37091298306575 ], [ -78.062050399986745, 43.369980985691576 ], [ -78.104510447092807, 43.375625990770608 ], [ -78.159341508386731, 43.374838998074502 ], [ -78.183319538837409, 43.370229997850352 ], [ -78.18852154425133, 43.370869998881012 ], [ -78.191421544948554, 43.373882001640546 ], [ -78.192323547738809, 43.371843000081199 ], [ -78.192232545834457, 43.373908001765884 ], [ -78.192517548022622, 43.371770000043014 ], [ -78.194847551382523, 43.370964999627887 ], [ -78.20843756601333, 43.371843001898874 ], [ -78.234226598756152, 43.368818001364069 ], [ -78.246660612569443, 43.369255003020726 ], [ -78.252927610301768, 43.371972009205955 ], [ -78.25998660291485, 43.372692016037583 ], [ -78.300639567447519, 43.371273048360095 ], [ -78.310333555427235, 43.373688059567868 ], [ -78.333880535322962, 43.372533077862819 ], [ -78.362696507068762, 43.373901103809587 ], [ -78.370581496593303, 43.376328113556298 ], [ -78.465475416137636, 43.371420186862274 ], [ -78.464320238707614, 43.500053354502285 ], [ -78.468711166547791, 43.633426426015681 ] ] ] } },
{ "type": "Feature", "properties": { "GEOID": "36073040300", "tract_name": "Census Tract 403; Orleans County; New York", "median_age": 40.4, "median_income": 66739.0, "population_density": 55.312035074809152, "county": "Orleans" }, "geometry": { "type": "Polygon", "coordinates": [ [ [ -78.465505691658578, 43.128617042335357 ], [ -78.460416617637421, 43.216220028225031 ], [ -78.415281645045752, 43.217291996743519 ], [ -78.415535646316272, 43.2146809976932 ], [ -78.410540649020959, 43.215345994062794 ], [ -78.414282651565713, 43.206363999334812 ], [ -78.370048675812214, 43.207509969800427 ], [ -78.370498672859711, 43.218430965137927 ], [ -78.310427711051602, 43.218747922985997 ], [ -78.310512697618179, 43.131292981156804 ], [ -78.410876692569303, 43.130641020766461 ], [ -78.465505691658578, 43.128617042335357 ] ] ] } },
{ "type": "Feature", "properties": { "GEOID": "36063022715", "tract_name": "Census Tract 227.15; Niagara County; New York", "median_age": 44.1, "median_income": 71978.0, "population_density": 339.75275524865884, "county": "Niagara" }, "geometry": { "type": "Polygon", "coordinates": [ [ [ -78.941300620964896, 43.099368337401906 ], [ -78.942224572078175, 43.132502338851566 ], [ -78.889268562230143, 43.132197333518327 ], [ -78.889529613171192, 43.086834333472083 ], [ -78.894194611933301, 43.089964333796047 ], [ -78.903812614697728, 43.091539334473282 ], [ -78.922481614584214, 43.098210335949823 ], [ -78.941300620964896, 43.099368337401906 ] ] ] } },
{ "type": "Feature", "properties": { "GEOID": "36063022714", "tract_name": "Census Tract 227.14; Niagara County; New York", "median_age": 48.8, "median_income": 82500.0, "population_density": 795.4544843053942, "county": "Niagara" }, "geometry": { "type": "Polygon", "coordinates": [ [ [ -78.945262671526208, 43.066954336276382 ], [ -78.94538463856928, 43.088845337246823 ], [ -78.942752638506548, 43.08801333703412 ], [ -78.941300620964896, 43.099368337401906 ], [ -78.922779614617738, 43.098280335973946 ], [ -78.901430614122916, 43.091074334302618 ], [ -78.900732636363074, 43.072254334063999 ], [ -78.905698637456936, 43.073823334358494 ], [ -78.905860665057872, 43.051554334055616 ], [ -78.945262671526208, 43.066954336276382 ] ] ] } },
{ "type": "Feature", "properties": { "GEOID": "36063022713", "tract_name": "Census Tract 227.13; Niagara County; New York", "median_age": 45.8, "median_income": 100817.0, "population_density": 1473.8485824029749, "county": "Niagara" }, "geometry": { "type": "Polygon", "coordinates": [ [ [ -78.901430614122916, 43.091074334302618 ], [ -78.894194611933301, 43.089964333796047 ], [ -78.887203613176908, 43.085758333318765 ], [ -78.877347610874693, 43.08307033269697 ], [ -78.84748260735401, 43.068062331267072 ], [ -78.890716634602725, 43.068404333504361 ], [ -78.900732636363074, 43.072254334063999 ], [ -78.901430614122916, 43.091074334302618 ] ] ] } },
{ "type": "Feature", "properties": { "GEOID": "36063023302", "tract_name": "Census Tract 233.02; Niagara County; New York", "median_age": 36.1, "median_income": 60455.0, "population_density": 4954.6021907491386, "county": "Niagara" }, "geometry": { "type": "Polygon", "coordinates": [ [ [ -78.865377640365566, 43.045458332571549 ], [ -78.85480563193083, 43.045481332205718 ], [ -78.855887633514286, 43.044668332262617 ], [ -78.85581264579929, 43.030767332594067 ], [ -78.850032640455794, 43.030949332453737 ], [ -78.849684648506653, 43.021059332729244 ], [ -78.86126465741954, 43.023503332865999 ], [ -78.861008650472456, 43.030758332715763 ], [ -78.865268645705967, 43.039767332663629 ], [ -78.865377640365566, 43.045458332571549 ] ] ] } },
{ "type": "Feature", "properties": { "GEOID": "36063022717", "tract_name": "Census Tract 227.17; Niagara County; New York", "median_age": 41.0, "median_income": 123803.0, "population_density": 450.34547380920958, "county": "Niagara" }, "geometry": { "type": "Polygon", "coordinates": [ [ [ -78.889529613171192, 43.086834333472083 ], [ -78.889268562230143, 43.132197333518327 ], [ -78.825049549132274, 43.133094327023663 ], [ -78.823337580730524, 43.08494232919589 ], [ -78.850985595812588, 43.084187331001679 ], [ -78.851194608153307, 43.069900331408469 ], [ -78.877347610874693, 43.08307033269697 ], [ -78.889529613171192, 43.086834333472083 ] ] ] } },
{ "type": "Feature", "properties": { "GEOID": "36063022716", "tract_name": "Census Tract 227.16; Niagara County; New York", "median_age": 56.5, "median_income": 89859.0, "population_density": 1345.6033247494511, "county": "Niagara" }, "geometry": { "type": "Polygon", "coordinates": [ [ [ -78.851159608077467, 43.069963331404885 ], [ -78.850985595812588, 43.084187331001679 ], [ -78.823337580730524, 43.08494232919589 ], [ -78.822337602089931, 43.051585330781442 ], [ -78.831260609775512, 43.050244331188523 ], [ -78.831381605102194, 43.056875330910692 ], [ -78.839583608460558, 43.06012533114707 ], [ -78.845884606974039, 43.067279331209136 ], [ -78.851159608077467, 43.069963331404885 ] ] ] } },
{ "type": "Feature", "properties": { "GEOID": "36063023301", "tract_name": "Census Tract 233.01; Niagara County; New York", "median_age": 50.9, "median_income": 84073.0, "population_density": 1327.9388787500804, "county": "Niagara" }, "geometry": { "type": "Polygon", "coordinates": [ [ [ -78.861269657702977, 43.023202332872074 ], [ -78.849684648506653, 43.021059332729244 ], [ -78.850032640455794, 43.030949332453737 ], [ -78.85581264579929, 43.030767332594067 ], [ -78.855887633514286, 43.044668332262617 ], [ -78.85480563193083, 43.045481332205718 ], [ -78.831385613383929, 43.045356331401493 ], [ -78.826748613678888, 43.039546331509577 ], [ -78.825682617162656, 43.033103331779877 ], [ -78.839350639777919, 43.019451332622587 ], [ -78.851249651564601, 43.019252332803973 ], [ -78.861269657702977, 43.023202332872074 ] ] ] } },
{ "type": "Feature", "properties": { "GEOID": "36029017100", "tract_name": "Census Tract 171; Erie County; New York", "median_age": 26.4, "median_income": 29947.0, "population_density": 4829.7249275430422, "county": "Erie" }, "geometry": { "type": "Polygon", "coordinates": [ [ [ -78.909299818452268, 42.938392353091757 ], [ -78.899578820677604, 42.928159354967697 ], [ -78.896553816186724, 42.928701354370247 ], [ -78.888787795885918, 42.936572351056135 ], [ -78.888821801788239, 42.932256352266762 ], [ -78.876988787581709, 42.931982350722954 ], [ -78.877034793032976, 42.927947351761247 ], [ -78.887199805815101, 42.927810353273649 ], [ -78.887679814191415, 42.922071354934225 ], [ -78.905759838056454, 42.921155358058108 ], [ -78.909159825442657, 42.933255354720487 ], [ -78.912359823079029, 42.937755353679513 ], [ -78.909299818452268, 42.938392353091757 ] ] ] } },
{ "type": "Feature", "properties": { "GEOID": "36029017200", "tract_name": "Census Tract 172; Erie County; New York", "median_age": 44.1, "median_income": 46638.0, "population_density": 2316.3540035773208, "county": "Erie" }, "geometry": { "type": "Polygon", "coordinates": [ [ [ -78.878451678714725, 43.018719333205659 ], [ -78.87802267518633, 43.02170133317825 ], [ -78.868756664760639, 43.023260333003286 ], [ -78.856557654251816, 43.022053332815936 ], [ -78.851249651564601, 43.019252332803973 ], [ -78.851352657972228, 43.011894333007213 ], [ -78.861297668014885, 43.012096333093119 ], [ -78.868328672603326, 43.014798333118542 ], [ -78.865849673312368, 43.011447333145618 ], [ -78.872822681756105, 43.010205333220071 ], [ -78.876945676943066, 43.019003333181971 ], [ -78.878451678714725, 43.018719333205659 ] ] ] } },
{ "type": "Feature", "properties": { "GEOID": "36029014701", "tract_name": "Census Tract 147.01; Erie County; New York", "median_age": 49.2, "median_income": 120028.0, "population_density": 221.142029748189, "county": "Erie" }, "geometry": { "type": "Polygon", "coordinates": [ [ [ -78.696918598805269, 43.043990270734213 ], [ -78.696906583673282, 43.086335267237672 ], [ -78.691673586898546, 43.088613261429565 ], [ -78.687408591038619, 43.086462257016976 ], [ -78.687073592254492, 43.084047256845608 ], [ -78.682579597377156, 43.080229252301294 ], [ -78.680557598697121, 43.080957250067485 ], [ -78.679512597922624, 43.084757248656736 ], [ -78.67397360262035, 43.083994242753882 ], [ -78.66416960918707, 43.08642823203764 ], [ -78.646561626030845, 43.080789213454253 ], [ -78.646608623346665, 43.08560021321022 ], [ -78.648995620564847, 43.087285215672196 ], [ -78.647008620721067, 43.089815213381492 ], [ -78.643311624464133, 43.088205209508828 ], [ -78.641090625685294, 43.089075207071623 ], [ -78.642181621544253, 43.09489620789747 ], [ -78.641104620911662, 43.097414206595069 ], [ -78.636459626745221, 43.093332201855709 ], [ -78.630301631045072, 43.093892195223113 ], [ -78.630646632076491, 43.091780195708189 ], [ -78.63268363102398, 43.090959197938922 ], [ -78.626671639276282, 43.085108191797019 ], [ -78.622292642627542, 43.085245187080169 ], [ -78.619072643689975, 43.087480183505889 ], [ -78.612511651394925, 43.083643176636023 ], [ -78.617149651241064, 43.07834018188683 ], [ -78.615418653824364, 43.076579180105064 ], [ -78.616074654875661, 43.074198180928427 ], [ -78.612198656872366, 43.075972176658759 ], [ -78.612267655508617, 43.077890176643272 ], [ -78.607018661389944, 43.075590171084691 ], [ -78.601831664899692, 43.076634165440744 ], [ -78.606762663536628, 43.072834170931259 ], [ -78.603355666971538, 43.07199716728551 ], [ -78.601532667083632, 43.073950165231956 ], [ -78.600388669345335, 43.072142164072012 ], [ -78.595261673395896, 43.072451158517573 ], [ -78.594696676134959, 43.069422158026725 ], [ -78.592102677121773, 43.071012155158556 ], [ -78.591064674097481, 43.076120153841686 ], [ -78.586708680121077, 43.07297314925421 ], [ -78.582656681763055, 43.075148144800416 ], [ -78.584396679350419, 43.076391146635295 ], [ -78.580231679503257, 43.080442142004657 ], [ -78.5850756715367, 43.085630147039694 ], [ -78.582031671327343, 43.088884143654852 ], [ -78.57829367495178, 43.087969139670257 ], [ -78.579308676260666, 43.085375140846679 ], [ -78.577271678866353, 43.084139138695903 ], [ -78.578255679226174, 43.08273913980041 ], [ -78.575949683832292, 43.079358137425181 ], [ -78.576611740558931, 43.009352140379427 ], [ -78.587433728726182, 43.009604152352374 ], [ -78.587532731451219, 43.005956152595388 ], [ -78.59867671919838, 43.00612616494287 ], [ -78.609683704467841, 43.010116176961859 ], [ -78.639707672024741, 43.010542210170108 ], [ -78.644434665208721, 43.01368421521191 ], [ -78.652341655869165, 43.015517223835609 ], [ -78.652640641024547, 43.043088222407704 ], [ -78.696918598805269, 43.043990270734213 ] ] ] } },
{ "type": "Feature", "properties": { "GEOID": "36029015201", "tract_name": "Census Tract 152.01; Erie County; New York", "median_age": 55.1, "median_income": 80893.0, "population_density": 175.22612490496229, "county": "Erie" }, "geometry": { "type": "Polygon", "coordinates": [ [ [ -78.812902680625996, 42.609400386494521 ], [ -78.814055837001064, 42.696512373903467 ], [ -78.791211814441468, 42.696475359438615 ], [ -78.789489810507192, 42.695014358488066 ], [ -78.791165810523779, 42.69397735965947 ], [ -78.78816180669557, 42.693351357796416 ], [ -78.787283801665865, 42.690571357485538 ], [ -78.784957799661569, 42.690665355970758 ], [ -78.782315789898249, 42.685633354655174 ], [ -78.767579771220369, 42.681111345125451 ], [ -78.768879771239995, 42.680313346034119 ], [ -78.766696768792613, 42.679790344586756 ], [ -78.767484765588648, 42.676831345243649 ], [ -78.763605758220379, 42.673359342716068 ], [ -78.765698757439452, 42.67154034422893 ], [ -78.763043751105556, 42.668000342498424 ], [ -78.761240750569698, 42.668562341216131 ], [ -78.758645746325172, 42.66651633943922 ], [ -78.758931742855253, 42.663482339707087 ], [ -78.754152737004233, 42.661035336321198 ], [ -78.754452730985406, 42.655683336595004 ], [ -78.740796727969368, 42.641990333333368 ], [ -78.743511721099566, 42.639634333333376 ], [ -78.740116722537252, 42.635886333333367 ], [ -78.741892717942022, 42.634285333333366 ], [ -78.739925712853733, 42.626515333333373 ], [ -78.736961718143419, 42.626866333333368 ], [ -78.733990717002271, 42.621031333333363 ], [ -78.726313725046282, 42.616173333333364 ], [ -78.724066721847734, 42.609112333333364 ], [ -78.812902680625996, 42.609400386494521 ] ] ] } },
{ "type": "Feature", "properties": { "GEOID": "36029000200", "tract_name": "Census Tract 2; Erie County; New York", "median_age": 40.5, "median_income": 52558.0, "population_density": 8955.6652003335803, "county": "Erie" }, "geometry": { "type": "Polygon", "coordinates": [ [ [ -78.835040828003841, 42.859017357471259 ], [ -78.827225814820039, 42.86105335493648 ], [ -78.822382810181708, 42.8594893538096 ], [ -78.823729830056322, 42.844965356346606 ], [ -78.832333841899697, 42.845035359020599 ], [ -78.830999824157757, 42.857697356539511 ], [ -78.835040828003841, 42.859017357471259 ] ] ] } },
{ "type": "Feature", "properties": { "GEOID": "36029001900", "tract_name": "Census Tract 19; Erie County; New York", "median_age": 42.0, "median_income": 58070.0, "population_density": 6899.4620756759941, "county": "Erie" }, "geometry": { "type": "Polygon", "coordinates": [ [ [ -78.821796796944682, 42.869531352192261 ], [ -78.819980791384779, 42.872057351359352 ], [ -78.799904764905349, 42.871729346220974 ], [ -78.799602769799407, 42.867311346584202 ], [ -78.800080773406421, 42.864842346960828 ], [ -78.810345788647894, 42.86371834989064 ], [ -78.821796796944682, 42.869531352192261 ] ] ] } },
{ "type": "Feature", "properties": { "GEOID": "36029002300", "tract_name": "Census Tract 23; Erie County; New York", "median_age": 38.4, "median_income": 32759.0, "population_density": 12787.542259638747, "county": "Erie" }, "geometry": { "type": "Polygon", "coordinates": [ [ [ -78.816543770907543, 42.884971348743903 ], [ -78.816294764728838, 42.889732348050764 ], [ -78.799355742534459, 42.889776344285906 ], [ -78.79954974901905, 42.884580344847308 ], [ -78.816543770907543, 42.884971348743903 ] ] ] } },
{ "type": "Feature", "properties": { "GEOID": "36029002400", "tract_name": "Census Tract 24; Erie County; New York", "median_age": 40.3, "median_income": 39630.0, "population_density": 6691.4829406120934, "county": "Erie" }, "geometry": { "type": "Polygon", "coordinates": [ [ [ -78.825944770916493, 42.894889349404593 ], [ -78.799269731644529, 42.898767343374963 ], [ -78.799355742534459, 42.889776344285906 ], [ -78.816505765096863, 42.889657348107662 ], [ -78.816724761237722, 42.893028347703464 ], [ -78.825589778274889, 42.888611350284883 ], [ -78.825944770916493, 42.894889349404593 ] ] ] } },
{ "type": "Feature", "properties": { "GEOID": "36029002502", "tract_name": "Census Tract 25.02; Erie County; New York", "median_age": 47.7, "median_income": 26455.0, "population_density": 4451.9424501915346, "county": "Erie" }, "geometry": { "type": "Polygon", "coordinates": [ [ [ -78.871890832645704, 42.893313359514401 ], [ -78.870555826259562, 42.896821358376194 ], [ -78.853956805073494, 42.896588354976871 ], [ -78.853968813905325, 42.889785356403387 ], [ -78.867439835404909, 42.886836360089802 ], [ -78.865384824550105, 42.893034358181779 ], [ -78.871890832645704, 42.893313359514401 ] ] ] } },
{ "type": "Feature", "properties": { "GEOID": "36029004100", "tract_name": "Census Tract 41; Erie County; New York", "median_age": 30.1, "median_income": 37207.0, "population_density": 10736.751197735251, "county": "Erie" }, "geometry": { "type": "Polygon", "coordinates": [ [ [ -78.821027721049077, 42.930032343338574 ], [ -78.818434716848117, 42.930841342861846 ], [ -78.818411719311086, 42.928820343137005 ], [ -78.81365371405775, 42.928301342521671 ], [ -78.802102699700441, 42.928343340849885 ], [ -78.802098697838133, 42.929886340687453 ], [ -78.798982694000685, 42.929875340248685 ], [ -78.799147702700665, 42.922786340973431 ], [ -78.816996725176068, 42.922629343769302 ], [ -78.821027721049077, 42.930032343338574 ] ] ] } },
{ "type": "Feature", "properties": { "GEOID": "36029004300", "tract_name": "Census Tract 43; Erie County; New York", "median_age": 30.7, "median_income": 44123.0, "population_density": 15029.906202796828, "county": "Erie" }, "geometry": { "type": "Polygon", "coordinates": [ [ [ -78.813704688821915, 42.948964339878849 ], [ -78.798255669906425, 42.949255338263221 ], [ -78.798562676451638, 42.94409733879889 ], [ -78.813639702986677, 42.937330341362795 ], [ -78.813704688821915, 42.948964339878849 ] ] ] } },
{ "type": "Feature", "properties": { "GEOID": "36029004401", "tract_name": "Census Tract 44.01; Erie County; New York", "median_age": 31.0, "median_income": 48467.0, "population_density": 12122.762467172664, "county": "Erie" }, "geometry": { "type": "Polygon", "coordinates": [ [ [ -78.813649708825182, 42.932571341973905 ], [ -78.813639702986677, 42.937330341362795 ], [ -78.798562676451638, 42.94409733879889 ], [ -78.799000690004121, 42.933229339920345 ], [ -78.813649708825182, 42.932571341973905 ] ] ] } },
{ "type": "Feature", "properties": { "GEOID": "36029004402", "tract_name": "Census Tract 44.02; Erie County; New York", "median_age": 31.6, "median_income": 20363.0, "population_density": 11636.216256392199, "county": "Erie" }, "geometry": { "type": "Polygon", "coordinates": [ [ [ -78.813655710294341, 42.931377342127746 ], [ -78.81129470521492, 42.933154341582267 ], [ -78.799000690004121, 42.933229339920345 ], [ -78.798982694000685, 42.929875340248685 ], [ -78.802098697838133, 42.929886340687453 ], [ -78.802102699700441, 42.928343340849885 ], [ -78.81365371405775, 42.928301342521671 ], [ -78.813655710294341, 42.931377342127746 ] ] ] } },
{ "type": "Feature", "properties": { "GEOID": "36029005801", "tract_name": "Census Tract 58.01; Erie County; New York", "median_age": 35.2, "median_income": 42725.0, "population_density": 13876.829843494022, "county": "Erie" }, "geometry": { "type": "Polygon", "coordinates": [ [ [ -78.908642788718936, 42.959159346377305 ], [ -78.898754766981028, 42.966453343379804 ], [ -78.89253376678505, 42.961259344450148 ], [ -78.893220771713345, 42.958244345373117 ], [ -78.897289773653284, 42.96034434509243 ], [ -78.907148791135839, 42.956149347206797 ], [ -78.908642788718936, 42.959159346377305 ] ] ] } },
{ "type": "Feature", "properties": { "GEOID": "36029000110", "tract_name": "Census Tract 1.10; Erie County; New York", "median_age": 37.2, "median_income": 48403.0, "population_density": 699.61177442289807, "county": "Erie" }, "geometry": { "type": "Polygon", "coordinates": [ [ [ -78.875383893740846, 42.850921370966006 ], [ -78.865093875481918, 42.854036367155743 ], [ -78.866507875739188, 42.855311367272201 ], [ -78.859539868252227, 42.853743365588208 ], [ -78.854087859986237, 42.854353363854976 ], [ -78.846772839712045, 42.862343360153261 ], [ -78.844633838210257, 42.861250359768697 ], [ -78.840200829627946, 42.863266358164246 ], [ -78.833895824047616, 42.860919356824986 ], [ -78.835040828003841, 42.859017357471259 ], [ -78.830999824157757, 42.857697356539511 ], [ -78.832333841899697, 42.845035359020599 ], [ -78.823729830056322, 42.844965356346606 ], [ -78.823910846366701, 42.832040358326417 ], [ -78.825141848072192, 42.832064358739053 ], [ -78.823933847328561, 42.831292358445538 ], [ -78.823999852908059, 42.826877359125724 ], [ -78.834328868480441, 42.826150362849326 ], [ -78.836646864552222, 42.83185736266509 ], [ -78.862283900162424, 42.832268371250898 ], [ -78.862260895120556, 42.836090370379296 ], [ -78.865588895215524, 42.83956337066931 ], [ -78.862089888115221, 42.84125336915772 ], [ -78.865376891707925, 42.84200337003405 ], [ -78.871180889243675, 42.849951369941166 ], [ -78.875383893740846, 42.850921370966006 ] ] ] } },
{ "type": "Feature", "properties": { "GEOID": "36029015503", "tract_name": "Census Tract 155.03; Erie County; New York", "median_age": 51.4, "median_income": 55855.0, "population_density": 126.97193919811599, "county": "Erie" }, "geometry": { "type": "Polygon", "coordinates": [ [ [ -79.071796449360477, 42.610460140086794 ], [ -79.061475364631505, 42.619682042432487 ], [ -79.054075314841128, 42.629481969859363 ], [ -79.055628335547325, 42.631332980143625 ], [ -79.053505318318173, 42.632874961151167 ], [ -79.056567357748364, 42.636102981796931 ], [ -79.056743365727755, 42.638437980303408 ], [ -79.06109041355414, 42.640201012754467 ], [ -79.063872454967424, 42.645674027681281 ], [ -79.065936477089153, 42.646425042992448 ], [ -79.065288510562738, 42.662383016496456 ], [ -79.062548484027189, 42.662169995619799 ], [ -79.058170428038679, 42.65669096870932 ], [ -79.054259397465216, 42.659258935140542 ], [ -79.046894327969227, 42.659546877691298 ], [ -79.045447309006036, 42.657759868469455 ], [ -79.039635255794238, 42.658576822434512 ], [ -79.034852204047098, 42.656631787243008 ], [ -79.033953189643384, 42.654775782078268 ], [ -79.024960095355453, 42.652453713937689 ], [ -78.94333982383921, 42.652234476599148 ], [ -78.943652686046931, 42.608808497275589 ], [ -79.071796449360477, 42.610460140086794 ] ], [ [ -79.03995722588958, 42.64755683656756 ], [ -79.039568163608863, 42.628068853986811 ], [ -79.019000955255592, 42.628248687131432 ], [ -79.019261023931847, 42.647673673238728 ], [ -79.03995722588958, 42.64755683656756 ] ] ] } },
{ "type": "Feature", "properties": { "GEOID": "36029006901", "tract_name": "Census Tract 69.01; Erie County; New York", "median_age": 30.1, "median_income": 45020.0, "population_density": 18457.925799766646, "county": "Erie" }, "geometry": { "type": "Polygon", "coordinates": [ [ [ -78.899707841658795, 42.913041359543072 ], [ -78.892776833462221, 42.912619358450939 ], [ -78.888792825662946, 42.914647357183362 ], [ -78.885442828623155, 42.90932835805814 ], [ -78.892722842935427, 42.90562836045028 ], [ -78.899707841658795, 42.913041359543072 ] ] ] } },
{ "type": "Feature", "properties": { "GEOID": "36029009200", "tract_name": "Census Tract 92; Erie County; New York", "median_age": 35.9, "median_income": 65756.0, "population_density": 2045.0878902260399, "county": "Erie" }, "geometry": { "type": "Polygon", "coordinates": [ [ [ -78.822925660332643, 42.9808573361437 ], [ -78.822299629392901, 43.009903332843102 ], [ -78.782223616467746, 42.97850833472755 ], [ -78.822925660332643, 42.9808573361437 ] ] ] } },
{ "type": "Feature", "properties": { "GEOID": "36029009301", "tract_name": "Census Tract 93.01; Erie County; New York", "median_age": 39.2, "median_income": 46087.0, "population_density": 6457.0439911958674, "county": "Erie" }, "geometry": { "type": "Polygon", "coordinates": [ [ [ -78.823832689554408, 42.958172339550728 ], [ -78.822925660332643, 42.9808573361437 ], [ -78.813937650675783, 42.980338335864133 ], [ -78.813869676172359, 42.959455338546775 ], [ -78.81888168463253, 42.95740433924032 ], [ -78.823832689554408, 42.958172339550728 ] ] ] } },
{ "type": "Feature", "properties": { "GEOID": "36029009401", "tract_name": "Census Tract 94.01; Erie County; New York", "median_age": 30.7, "median_income": 74399.0, "population_density": 4773.1432663635633, "county": "Erie" }, "geometry": { "type": "Polygon", "coordinates": [ [ [ -78.813886673564269, 42.961601338272132 ], [ -78.798912634445827, 42.979512335350755 ], [ -78.783875618159087, 42.97868533478696 ], [ -78.783999636200562, 42.96340733583807 ], [ -78.800984654874966, 42.964491336978078 ], [ -78.813869676172359, 42.959455338546775 ], [ -78.813886673564269, 42.961601338272132 ] ] ] } },
{ "type": "Feature", "properties": { "GEOID": "36029009701", "tract_name": "Census Tract 97.01; Erie County; New York", "median_age": 40.9, "median_income": 69091.0, "population_density": 3064.3510525091829, "county": "Erie" }, "geometry": { "type": "Polygon", "coordinates": [ [ [ -78.739900653630016, 42.921831325619969 ], [ -78.712569683853346, 42.921961304725585 ], [ -78.715934682406669, 42.919898307609735 ], [ -78.714514685340006, 42.918678306729895 ], [ -78.714622689553352, 42.914778307424086 ], [ -78.70937269542334, 42.914745303585171 ], [ -78.709416697695573, 42.91265630399419 ], [ -78.712840692915563, 42.913534306324479 ], [ -78.712929697434447, 42.909378307073901 ], [ -78.714793695708892, 42.90906730844295 ], [ -78.730037678132234, 42.909642319169038 ], [ -78.739900653630016, 42.921831325619969 ] ] ] } },
{ "type": "Feature", "properties": { "GEOID": "36029009702", "tract_name": "Census Tract 97.02; Erie County; New York", "median_age": 40.0, "median_income": 75000.0, "population_density": 4519.63789981846, "county": "Erie" }, "geometry": { "type": "Polygon", "coordinates": [ [ [ -78.715934682406669, 42.919898307609735 ], [ -78.71070268593445, 42.921955303299718 ], [ -78.710824679120009, 42.927966302346348 ], [ -78.703302687526673, 42.927922296405811 ], [ -78.696938692308905, 42.929982290887516 ], [ -78.69692471239334, 42.91192029513703 ], [ -78.712929697434447, 42.909378307073901 ], [ -78.712840692915563, 42.913534306324479 ], [ -78.709416697695573, 42.91265630399419 ], [ -78.70937269542334, 42.914745303585171 ], [ -78.714622689553352, 42.914778307424086 ], [ -78.714514685340006, 42.918678306729895 ], [ -78.715934682406669, 42.919898307609735 ] ] ] } },
{ "type": "Feature", "properties": { "GEOID": "36029009800", "tract_name": "Census Tract 98; Erie County; New York", "median_age": 40.9, "median_income": 69728.0, "population_density": 1323.6148614528227, "county": "Erie" }, "geometry": { "type": "Polygon", "coordinates": [ [ [ -78.729480678813331, 42.909586318778935 ], [ -78.718166692397787, 42.908674310883171 ], [ -78.69692471239334, 42.91192029513703 ], [ -78.696928730192226, 42.895897298919344 ], [ -78.719290705217787, 42.896012313404071 ], [ -78.719159697882247, 42.902745312396156 ], [ -78.727959688084454, 42.902763318368507 ], [ -78.729480678813331, 42.909586318778935 ] ] ] } },
{ "type": "Feature", "properties": { "GEOID": "36029009900", "tract_name": "Census Tract 99; Erie County; New York", "median_age": 43.1, "median_income": 65717.0, "population_density": 4777.3189395046793, "county": "Erie" }, "geometry": { "type": "Polygon", "coordinates": [ [ [ -78.79954974901905, 42.884580344847308 ], [ -78.799269731644529, 42.898767343374963 ], [ -78.784346710322978, 42.900520340212267 ], [ -78.784580729581563, 42.884353341384688 ], [ -78.79954974901905, 42.884580344847308 ] ] ] } },
{ "type": "Feature", "properties": { "GEOID": "36029010001", "tract_name": "Census Tract 100.01; Erie County; New York", "median_age": 36.3, "median_income": 69700.0, "population_density": 1020.108463810319, "county": "Erie" }, "geometry": { "type": "Polygon", "coordinates": [ [ [ -78.754139641724421, 42.927068333941108 ], [ -78.754451617496372, 42.949065333789797 ], [ -78.734253629543346, 42.949156319394952 ], [ -78.734548624334465, 42.95354931935438 ], [ -78.730650634975575, 42.947870316316362 ], [ -78.72584664264113, 42.945775312316478 ], [ -78.724731643831134, 42.945819311341353 ], [ -78.724712638252228, 42.950859310758368 ], [ -78.697028669107794, 42.95077328606466 ], [ -78.696975683435568, 42.937931289043803 ], [ -78.710176669846689, 42.936960300241907 ], [ -78.714042667736692, 42.934993303768685 ], [ -78.754139641724421, 42.927068333941108 ] ] ] } },
{ "type": "Feature", "properties": { "GEOID": "36029016500", "tract_name": "Census Tract 165; Erie County; New York", "median_age": 31.4, "median_income": 61670.0, "population_density": 2738.7856253458494, "county": "Erie" }, "geometry": { "type": "Polygon", "coordinates": [ [ [ -78.880191854299369, 42.885227363416881 ], [ -78.877271838420114, 42.894229360435482 ], [ -78.865384824550105, 42.893034358181779 ], [ -78.872428862028158, 42.871727364950658 ], [ -78.878397866351662, 42.874467365783858 ], [ -78.880191854299369, 42.885227363416881 ] ] ] } },
{ "type": "Feature", "properties": { "GEOID": "36029016600", "tract_name": "Census Tract 166; Erie County; New York", "median_age": 31.5, "median_income": 24474.0, "population_density": 6158.7906732304618, "county": "Erie" }, "geometry": { "type": "Polygon", "coordinates": [ [ [ -78.853968813905325, 42.889785356403387 ], [ -78.853953805613898, 42.896168355064141 ], [ -78.8446197884806, 42.900107352362546 ], [ -78.844625783869944, 42.903717351676008 ], [ -78.839311777121935, 42.90366535065526 ], [ -78.839271790610695, 42.89300235256399 ], [ -78.853968813905325, 42.889785356403387 ] ] ] } },
{ "type": "Feature", "properties": { "GEOID": "36029003800", "tract_name": "Census Tract 38; Erie County; New York", "median_age": 28.7, "median_income": 35840.0, "population_density": 14177.525873623006, "county": "Erie" }, "geometry": { "type": "Polygon", "coordinates": [ [ [ -78.805904715624436, 42.919078342441182 ], [ -78.805883711181139, 42.922727342027201 ], [ -78.799147702700665, 42.922786340973431 ], [ -78.799059718221784, 42.909742342248144 ], [ -78.803789724181968, 42.909787343102785 ], [ -78.803970713214241, 42.919064342127619 ], [ -78.805904715624436, 42.919078342441182 ] ] ] } },
{ "type": "Feature", "properties": { "GEOID": "36029010003", "tract_name": "Census Tract 100.03; Erie County; New York", "median_age": 40.5, "median_income": 63140.0, "population_density": 4252.7765356621558, "county": "Erie" }, "geometry": { "type": "Polygon", "coordinates": [ [ [ -78.754244656345762, 42.914114334067214 ], [ -78.754139641724421, 42.927068333941108 ], [ -78.73723664695224, 42.930505323093406 ], [ -78.739152646188913, 42.929276324689766 ], [ -78.739129649700018, 42.926139324823019 ], [ -78.742522645939999, 42.926130327479527 ], [ -78.733348670462235, 42.913234321252446 ], [ -78.754244656345762, 42.914114334067214 ] ] ] } },
{ "type": "Feature", "properties": { "GEOID": "36029010002", "tract_name": "Census Tract 100.02; Erie County; New York", "median_age": 53.8, "median_income": 48424.0, "population_density": 2761.9477614900984, "county": "Erie" }, "geometry": { "type": "Polygon", "coordinates": [ [ [ -78.742522645939999, 42.926130327479527 ], [ -78.739129649700018, 42.926139324823019 ], [ -78.739152646188913, 42.929276324689766 ], [ -78.73723664695224, 42.930505323093406 ], [ -78.714042667736692, 42.934993303768685 ], [ -78.710176669846689, 42.936960300241907 ], [ -78.696975683435568, 42.937931289043803 ], [ -78.696938692308905, 42.929982290887516 ], [ -78.703302687526673, 42.927922296405811 ], [ -78.710824679120009, 42.927966302346348 ], [ -78.71070268593445, 42.921955303299718 ], [ -78.739900653630016, 42.921831325619969 ], [ -78.742522645939999, 42.926130327479527 ] ] ] } },
{ "type": "Feature", "properties": { "GEOID": "36029010102", "tract_name": "Census Tract 101.02; Erie County; New York", "median_age": 30.9, "median_income": 41362.0, "population_density": 4975.9598178714023, "county": "Erie" }, "geometry": { "type": "Polygon", "coordinates": [ [ [ -78.784266684844354, 42.922171338702569 ], [ -78.784156671914005, 42.933088337934592 ], [ -78.754143635061027, 42.933030333891963 ], [ -78.754139641724421, 42.927068333941108 ], [ -78.784266684844354, 42.922171338702569 ] ] ] } },
{ "type": "Feature", "properties": { "GEOID": "36029010103", "tract_name": "Census Tract 101.03; Erie County; New York", "median_age": 35.9, "median_income": 73333.0, "population_density": 5701.076344833893, "county": "Erie" }, "geometry": { "type": "Polygon", "coordinates": [ [ [ -78.766194650418086, 42.932563335532009 ], [ -78.766085631357939, 42.949169334979437 ], [ -78.754451617496372, 42.949065333789797 ], [ -78.754143635061027, 42.933030333891963 ], [ -78.766194650418086, 42.932563335532009 ] ] ] } },
{ "type": "Feature", "properties": { "GEOID": "36029010300", "tract_name": "Census Tract 103; Erie County; New York", "median_age": 40.6, "median_income": 48958.0, "population_density": 8005.3653818156499, "county": "Erie" }, "geometry": { "type": "Polygon", "coordinates": [ [ [ -78.799159721842571, 42.90682734255482 ], [ -78.799146707862448, 42.918478341399542 ], [ -78.793647699336518, 42.919840340377327 ], [ -78.796360718074411, 42.906990342014559 ], [ -78.799159721842571, 42.90682734255482 ] ] ] } },
{ "type": "Feature", "properties": { "GEOID": "36029010500", "tract_name": "Census Tract 105; Erie County; New York", "median_age": 33.7, "median_income": 63421.0, "population_density": 6704.7733834946494, "county": "Erie" }, "geometry": { "type": "Polygon", "coordinates": [ [ [ -78.7963267125876, 42.911551341582786 ], [ -78.793647699336518, 42.919840340377327 ], [ -78.77912067693191, 42.923446337821481 ], [ -78.778462681429559, 42.918868337982396 ], [ -78.784281688695714, 42.91890133893061 ], [ -78.784357697193371, 42.91173333943884 ], [ -78.7963267125876, 42.911551341582786 ] ] ] } },
{ "type": "Feature", "properties": { "GEOID": "36029010600", "tract_name": "Census Tract 106; Erie County; New York", "median_age": 40.7, "median_income": 64271.0, "population_density": 4884.0776888984865, "county": "Erie" }, "geometry": { "type": "Polygon", "coordinates": [ [ [ -78.77912067693191, 42.923446337821481 ], [ -78.764525656862133, 42.925088335524002 ], [ -78.754139641724421, 42.927068333941108 ], [ -78.754136647361122, 42.92202533398266 ], [ -78.762709661663223, 42.918860335409484 ], [ -78.778462681429559, 42.918868337982396 ], [ -78.77912067693191, 42.923446337821481 ] ] ] } },
{ "type": "Feature", "properties": { "GEOID": "36029010700", "tract_name": "Census Tract 107; Erie County; New York", "median_age": 44.4, "median_income": 61238.0, "population_density": 1129.5470703172273, "county": "Erie" }, "geometry": { "type": "Polygon", "coordinates": [ [ [ -78.79925673127056, 42.899065343342762 ], [ -78.799159721842571, 42.90682734255482 ], [ -78.784259702398273, 42.907186339735048 ], [ -78.784281688695714, 42.91890133893061 ], [ -78.762924661964874, 42.91883233544533 ], [ -78.754136647361122, 42.92202533398266 ], [ -78.754356668024954, 42.903802334177016 ], [ -78.79925673127056, 42.899065343342762 ] ] ] } },
{ "type": "Feature", "properties": { "GEOID": "36055013507", "tract_name": "Census Tract 135.07; Monroe County; New York", "median_age": 47.9, "median_income": 108957.0, "population_density": 3081.1700851312335, "county": "Monroe" }, "geometry": { "type": "Polygon", "coordinates": [ [ [ -77.723799295386357, 43.239677995016031 ], [ -77.72319229009949, 43.244167993011132 ], [ -77.720866291866827, 43.243132987735379 ], [ -77.720090290364382, 43.24450498572358 ], [ -77.717101291076304, 43.244452978753635 ], [ -77.715653285524567, 43.249195974558056 ], [ -77.715051295532149, 43.269605958868212 ], [ -77.696316297345589, 43.264884919223881 ], [ -77.696649303328684, 43.238469932606428 ], [ -77.723799295386357, 43.239677995016031 ] ] ] } },
{ "type": "Feature", "properties": { "GEOID": "36055014905", "tract_name": "Census Tract 149.05; Monroe County; New York", "median_age": 37.2, "median_income": 96136.0, "population_density": 1151.121568532878, "county": "Monroe" }, "geometry": { "type": "Polygon", "coordinates": [ [ [ -77.807155465247263, 43.127387083617919 ], [ -77.805715430019077, 43.149737077924435 ], [ -77.774690408239408, 43.148992065541869 ], [ -77.774490396188696, 43.158218064556188 ], [ -77.753911383876343, 43.15690505701339 ], [ -77.754246420019371, 43.125460057672932 ], [ -77.807155465247263, 43.127387083617919 ] ] ] } },
{ "type": "Feature", "properties": { "GEOID": "36055012304", "tract_name": "Census Tract 123.04; Monroe County; New York", "median_age": 41.8, "median_income": 146603.0, "population_density": 1589.898619151101, "county": "Monroe" }, "geometry": { "type": "Polygon", "coordinates": [ [ [ -77.532825684058054, 43.059196749910072 ], [ -77.522256659758511, 43.076558715247565 ], [ -77.519495667972507, 43.073529714616029 ], [ -77.507205678288514, 43.073546696417253 ], [ -77.500441680201618, 43.075415684077868 ], [ -77.502344669370331, 43.07999768123171 ], [ -77.493380697437189, 43.073817679997994 ], [ -77.486156729502355, 43.064527686826558 ], [ -77.486439745228068, 43.055749699057266 ], [ -77.491584738608225, 43.054291704391169 ], [ -77.523037702485667, 43.054214741793416 ], [ -77.522022693889426, 43.059110734804385 ], [ -77.532825684058054, 43.059196749910072 ] ] ] } },
{ "type": "Feature", "properties": { "GEOID": "36029010803", "tract_name": "Census Tract 108.03; Erie County; New York", "median_age": 44.5, "median_income": 70329.0, "population_density": 908.30445727724111, "county": "Erie" }, "geometry": { "type": "Polygon", "coordinates": [ [ [ -78.75441169013996, 42.884101334362633 ], [ -78.754248656802758, 42.913710334071361 ], [ -78.733348670462235, 42.913234321252446 ], [ -78.728886680730014, 42.908455318463758 ], [ -78.727959688084454, 42.902763318368507 ], [ -78.719159697882247, 42.902745312396156 ], [ -78.719163700541117, 42.900348312727395 ], [ -78.726161694283363, 42.898982317548338 ], [ -78.72661469618555, 42.896817318073325 ], [ -78.730434691704446, 42.897030320547458 ], [ -78.732548697654451, 42.889561322508243 ], [ -78.734493693098898, 42.891716323566158 ], [ -78.74243968572668, 42.890405328615074 ], [ -78.744660684583337, 42.889213330029328 ], [ -78.74597068701334, 42.885716330902511 ], [ -78.747887683532227, 42.886932332047408 ], [ -78.75441169013996, 42.884101334362633 ] ] ] } },
{ "type": "Feature", "properties": { "GEOID": "36029012800", "tract_name": "Census Tract 128; Erie County; New York", "median_age": 44.2, "median_income": 58611.0, "population_density": 2266.7066611513728, "county": "Erie" }, "geometry": { "type": "Polygon", "coordinates": [ [ [ -78.841965906702271, 42.804672369499158 ], [ -78.822942878664634, 42.804910361983303 ], [ -78.823030886291946, 42.798867362906385 ], [ -78.820863884898145, 42.797421362235184 ], [ -78.822998890315063, 42.795587363375489 ], [ -78.822962898117609, 42.789256364290672 ], [ -78.833358913523313, 42.789288368696262 ], [ -78.831330914554897, 42.786067368363341 ], [ -78.832352918478492, 42.784159369119884 ], [ -78.835437922978869, 42.78424737044535 ], [ -78.835437916915225, 42.789048369619522 ], [ -78.841962926212005, 42.789362372332626 ], [ -78.841965906702271, 42.804672369499158 ] ] ] } },
{ "type": "Feature", "properties": { "GEOID": "36029012902", "tract_name": "Census Tract 129.02; Erie County; New York", "median_age": 51.2, "median_income": 68491.0, "population_density": 1618.1233150457633, "county": "Erie" }, "geometry": { "type": "Polygon", "coordinates": [ [ [ -78.850970988321166, 42.751607383827803 ], [ -78.824252931797062, 42.763705368657725 ], [ -78.823916921096412, 42.771903367277879 ], [ -78.796167883828801, 42.76786635490992 ], [ -78.797605891910493, 42.740439358400813 ], [ -78.812362928653329, 42.751379364548825 ], [ -78.850970988321166, 42.751607383827803 ] ] ] } },
{ "type": "Feature", "properties": { "GEOID": "36029013001", "tract_name": "Census Tract 130.01; Erie County; New York", "median_age": 45.9, "median_income": 59485.0, "population_density": 881.69741777932916, "county": "Erie" }, "geometry": { "type": "Polygon", "coordinates": [ [ [ -78.86914399049661, 42.771292388194077 ], [ -78.860290962949392, 42.782087381720579 ], [ -78.856135953107042, 42.784869379303203 ], [ -78.855771940261761, 42.794338377129101 ], [ -78.85795793721708, 42.799152376987905 ], [ -78.861456941442967, 42.799848378246608 ], [ -78.864588938711208, 42.805420378223218 ], [ -78.841955906325708, 42.80495636944265 ], [ -78.841962926212005, 42.789362372332626 ], [ -78.835437916915225, 42.789048369619522 ], [ -78.835437922978869, 42.78424737044535 ], [ -78.831353916985137, 42.784159368685764 ], [ -78.833358913523313, 42.789288368696262 ], [ -78.823852899433732, 42.789261364667546 ], [ -78.823916921096412, 42.771903367277879 ], [ -78.853778966125134, 42.772104380949436 ], [ -78.864398991634204, 42.764948387470348 ], [ -78.86914399049661, 42.771292388194077 ] ] ] } },
{ "type": "Feature", "properties": { "GEOID": "36055012500", "tract_name": "Census Tract 125; Monroe County; New York", "median_age": 48.1, "median_income": 88977.0, "population_density": 2228.3058495758751, "county": "Monroe" }, "geometry": { "type": "Polygon", "coordinates": [ [ [ -77.546238513516542, 43.144598681701389 ], [ -77.543109505221821, 43.150014670352839 ], [ -77.541796505990192, 43.149998667924891 ], [ -77.539246499030696, 43.154458658473352 ], [ -77.540699498362898, 43.154391661281132 ], [ -77.533545477129223, 43.167604633491848 ], [ -77.532795477487497, 43.167612632020742 ], [ -77.531109483313045, 43.165004631590037 ], [ -77.526056490529598, 43.162594624503903 ], [ -77.528559491042969, 43.161654630363429 ], [ -77.528366494531411, 43.159891631948284 ], [ -77.526981501688297, 43.156555633024404 ], [ -77.523430504865146, 43.155903627035968 ], [ -77.525782508365211, 43.153432634257065 ], [ -77.524099513425085, 43.151298633507267 ], [ -77.522177515537209, 43.150763630526377 ], [ -77.52104651306999, 43.152354626593429 ], [ -77.52281551905466, 43.14876863398483 ], [ -77.519178521521383, 43.148561627475026 ], [ -77.516936519395159, 43.150292621298071 ], [ -77.517135565012651, 43.126995648818237 ], [ -77.534263529605596, 43.13980066491029 ], [ -77.546238513516542, 43.144598681701389 ] ] ] } },
{ "type": "Feature", "properties": { "GEOID": "36055012600", "tract_name": "Census Tract 126; Monroe County; New York", "median_age": 49.1, "median_income": 72254.0, "population_density": 2233.5392783179018, "county": "Monroe" }, "geometry": { "type": "Polygon", "coordinates": [ [ [ -77.553567550911907, 43.121827717533094 ], [ -77.552855524373243, 43.136570701762416 ], [ -77.549123526443296, 43.136685694949428 ], [ -77.549159516954504, 43.141814689858911 ], [ -77.54802651826202, 43.141470688143613 ], [ -77.546308513750489, 43.144450681980686 ], [ -77.534263529605596, 43.13980066491029 ], [ -77.517135565012651, 43.126995648818237 ], [ -77.517219570808763, 43.124014652437644 ], [ -77.538633556356331, 43.124212689311832 ], [ -77.546364577576099, 43.110043717147036 ], [ -77.551839565511969, 43.114501721824617 ], [ -77.553567550911907, 43.121827717533094 ] ] ] } },
{ "type": "Feature", "properties": { "GEOID": "36055012700", "tract_name": "Census Tract 127; Monroe County; New York", "median_age": 40.0, "median_income": 116132.0, "population_density": 4935.9320900723405, "county": "Monroe" }, "geometry": { "type": "Polygon", "coordinates": [ [ [ -77.575030512144565, 43.135809742223636 ], [ -77.552855524373243, 43.136570701762416 ], [ -77.553552551662904, 43.121422717905432 ], [ -77.551839565511969, 43.114501721824617 ], [ -77.575030512144565, 43.135809742223636 ] ] ] } },
{ "type": "Feature", "properties": { "GEOID": "36055012800", "tract_name": "Census Tract 128; Monroe County; New York", "median_age": 34.9, "median_income": 65583.0, "population_density": 4942.7967515528444, "county": "Monroe" }, "geometry": { "type": "Polygon", "coordinates": [ [ [ -77.602919512389448, 43.125271799923127 ], [ -77.600676506492121, 43.129713792705282 ], [ -77.596987508169022, 43.130115785903826 ], [ -77.595643504064242, 43.133074781249576 ], [ -77.591328506934218, 43.132970773664034 ], [ -77.589368503366728, 43.135791767914228 ], [ -77.582404507178211, 43.136062755216614 ], [ -77.584957508875434, 43.13415976136347 ], [ -77.578890512232789, 43.134393750348565 ], [ -77.575438511283309, 43.136158742649393 ], [ -77.564631535279545, 43.12644973228435 ], [ -77.602919512389448, 43.125271799923127 ] ] ] } },
{ "type": "Feature", "properties": { "GEOID": "36055012900", "tract_name": "Census Tract 129; Monroe County; New York", "median_age": 55.8, "median_income": 111330.0, "population_density": 3167.3499265271312, "county": "Monroe" }, "geometry": { "type": "Polygon", "coordinates": [ [ [ -77.609571524857941, 43.114924818756101 ], [ -77.603984511769795, 43.125225801807751 ], [ -77.564631535279545, 43.12644973228435 ], [ -77.553706560531992, 43.116517722988512 ], [ -77.609571524857941, 43.114924818756101 ] ] ] } },
{ "type": "Feature", "properties": { "GEOID": "36055013101", "tract_name": "Census Tract 131.01; Monroe County; New York", "median_age": 47.0, "median_income": 74436.0, "population_density": 1541.4738105777928, "county": "Monroe" }, "geometry": { "type": "Polygon", "coordinates": [ [ [ -77.611318556140176, 43.09484983563457 ], [ -77.598723564977533, 43.095322815303433 ], [ -77.553435596704716, 43.09685374187282 ], [ -77.568257635185134, 43.068868790979067 ], [ -77.607743601526465, 43.068704848578442 ], [ -77.60612058557048, 43.079301838586794 ], [ -77.611318556140176, 43.09484983563457 ] ] ] } },
{ "type": "Feature", "properties": { "GEOID": "36055013103", "tract_name": "Census Tract 131.03; Monroe County; New York", "median_age": 20.0, "median_income": 66979.0, "population_density": 2996.589740650852, "county": "Monroe" }, "geometry": { "type": "Polygon", "coordinates": [ [ [ -77.706516509029086, 43.07466699099092 ], [ -77.704088507991457, 43.07706898683395 ], [ -77.692823514892609, 43.078916969443632 ], [ -77.68052350709803, 43.092035946357747 ], [ -77.65313552667638, 43.093149902771742 ], [ -77.665041547106171, 43.072330930402551 ], [ -77.692090523803472, 43.072636970159678 ], [ -77.696557523245161, 43.070173977405574 ], [ -77.70490351461477, 43.071348989344791 ], [ -77.706516509029086, 43.07466699099092 ] ] ] } },
{ "type": "Feature", "properties": { "GEOID": "36055013104", "tract_name": "Census Tract 131.04; Monroe County; New York", "median_age": 35.4, "median_income": 57045.0, "population_density": 1033.9991970634148, "county": "Monroe" }, "geometry": { "type": "Polygon", "coordinates": [ [ [ -77.665041547106171, 43.072330930402551 ], [ -77.65313552667638, 43.093149902771742 ], [ -77.61179855579924, 43.094833836406821 ], [ -77.606095586047857, 43.079022838750021 ], [ -77.607743601526465, 43.068704848578442 ], [ -77.647092568851647, 43.067926906229978 ], [ -77.644556563893573, 43.07270090003091 ], [ -77.665041547106171, 43.072330930402551 ] ] ] } },
{ "type": "Feature", "properties": { "GEOID": "36055013206", "tract_name": "Census Tract 132.06; Monroe County; New York", "median_age": 39.5, "median_income": 111414.0, "population_density": 1260.9652353512379, "county": "Monroe" }, "geometry": { "type": "Polygon", "coordinates": [ [ [ -77.730634537099888, 43.033818030759946 ], [ -77.726293530212871, 43.043146024095229 ], [ -77.71462654295992, 43.041836008844527 ], [ -77.694403561233571, 43.042673981907171 ], [ -77.657872588735827, 43.047773931163903 ], [ -77.668253606023612, 43.028620953015825 ], [ -77.667693621947379, 43.01774395679363 ], [ -77.723086564943515, 43.01696002336638 ], [ -77.729908550653093, 43.022982030919962 ], [ -77.72867954876304, 43.025633029130184 ], [ -77.724485549901829, 43.028230023600536 ], [ -77.721873545779673, 43.033794019546093 ], [ -77.730634537099888, 43.033818030759946 ] ] ] } },
{ "type": "Feature", "properties": { "GEOID": "36029010804", "tract_name": "Census Tract 108.04; Erie County; New York", "median_age": 46.2, "median_income": 76473.0, "population_density": 1777.4899747008114, "county": "Erie" }, "geometry": { "type": "Polygon", "coordinates": [ [ [ -78.75441169013996, 42.884101334362633 ], [ -78.747887683532227, 42.886932332047408 ], [ -78.74597068701334, 42.885716330902511 ], [ -78.743442684844453, 42.890196329247061 ], [ -78.734493693098898, 42.891716323566158 ], [ -78.732548697654451, 42.889561322508243 ], [ -78.730434691704446, 42.897030320547458 ], [ -78.72661469618555, 42.896817318073325 ], [ -78.726161694283363, 42.898982317548338 ], [ -78.720131699312233, 42.900486313355913 ], [ -78.719290705217787, 42.896012313404071 ], [ -78.696928730192226, 42.895897298919344 ], [ -78.69694674753778, 42.880268302616265 ], [ -78.72113672077667, 42.880163316635219 ], [ -78.746419690661114, 42.881984331232744 ], [ -78.74694068847333, 42.883432331518669 ], [ -78.754062691628405, 42.882359334295437 ], [ -78.75441169013996, 42.884101334362633 ] ] ] } },
{ "type": "Feature", "properties": { "GEOID": "36029010805", "tract_name": "Census Tract 108.05; Erie County; New York", "median_age": 39.0, "median_income": 76962.0, "population_density": 4455.870055595612, "county": "Erie" }, "geometry": { "type": "Polygon", "coordinates": [ [ [ -78.723304719182224, 42.8794303179764 ], [ -78.69694674753778, 42.880268302616265 ], [ -78.696945761042215, 42.868115305481361 ], [ -78.720674735042238, 42.867786317981135 ], [ -78.721644725351112, 42.875538317511975 ], [ -78.722770724021117, 42.875609318131637 ], [ -78.72168472202334, 42.878493317162409 ], [ -78.723304719182224, 42.8794303179764 ] ] ] } },
{ "type": "Feature", "properties": { "GEOID": "36029010807", "tract_name": "Census Tract 108.07; Erie County; New York", "median_age": 42.4, "median_income": 64544.0, "population_density": 6021.5812466950292, "county": "Erie" }, "geometry": { "type": "Polygon", "coordinates": [ [ [ -78.754402712334524, 42.864255334536416 ], [ -78.754293710091702, 42.86612833449044 ], [ -78.749042702980006, 42.868274332829778 ], [ -78.696945761042215, 42.868115305481361 ], [ -78.696947765987773, 42.863662306532397 ], [ -78.754402712334524, 42.864255334536416 ] ] ] } },
{ "type": "Feature", "properties": { "GEOID": "36055013402", "tract_name": "Census Tract 134.02; Monroe County; New York", "median_age": 50.2, "median_income": 86591.0, "population_density": 412.96297020723955, "county": "Monroe" }, "geometry": { "type": "Polygon", "coordinates": [ [ [ -77.748888321101717, 43.342877972364725 ], [ -77.711323327061933, 43.323771912221737 ], [ -77.685009324214363, 43.302949870774434 ], [ -77.66582932186617, 43.290073836402058 ], [ -77.643118320248419, 43.27867379135968 ], [ -77.644125318681205, 43.276940794328844 ], [ -77.652182309765422, 43.267615816596368 ], [ -77.657001308980682, 43.268165827353783 ], [ -77.657296306821692, 43.265226829408988 ], [ -77.668998308780274, 43.272209852641566 ], [ -77.684004304779236, 43.271966886785606 ], [ -77.689631304330334, 43.27355489857235 ], [ -77.695382307280568, 43.280868906923232 ], [ -77.709079307839573, 43.288553932105508 ], [ -77.718927309661709, 43.297328947250634 ], [ -77.725640313070031, 43.30792995360374 ], [ -77.729984319748283, 43.323872950252024 ], [ -77.736480319768006, 43.329070959286391 ], [ -77.748462316565835, 43.332719980322302 ], [ -77.748888321101717, 43.342877972364725 ] ] ] } },
{ "type": "Feature", "properties": { "GEOID": "36055013503", "tract_name": "Census Tract 135.03; Monroe County; New York", "median_age": 43.1, "median_income": 93145.0, "population_density": 873.98776626356926, "county": "Monroe" }, "geometry": { "type": "Polygon", "coordinates": [ [ [ -77.74999529124868, 43.279209030065786 ], [ -77.748462316565835, 43.332719980322302 ], [ -77.739158319251828, 43.330251963719313 ], [ -77.731412320091295, 43.325647951762605 ], [ -77.728949319103208, 43.32183694972872 ], [ -77.725640313070031, 43.30792995360374 ], [ -77.719877309962257, 43.298450948467675 ], [ -77.709768307911617, 43.28904393327597 ], [ -77.695382307280568, 43.280868906923232 ], [ -77.696316297345589, 43.264884919223881 ], [ -77.74999529124868, 43.279209030065786 ] ] ] } },
{ "type": "Feature", "properties": { "GEOID": "36055013505", "tract_name": "Census Tract 135.05; Monroe County; New York", "median_age": 38.0, "median_income": 57308.0, "population_density": 4037.1558346134289, "county": "Monroe" }, "geometry": { "type": "Polygon", "coordinates": [ [ [ -77.718168330366879, 43.21225698637339 ], [ -77.716487316677899, 43.223808980782557 ], [ -77.696801322589337, 43.223690936891344 ], [ -77.695828337950459, 43.212175937842723 ], [ -77.693613342252007, 43.209473933792125 ], [ -77.718168330366879, 43.21225698637339 ] ] ] } },
{ "type": "Feature", "properties": { "GEOID": "36055013601", "tract_name": "Census Tract 136.01; Monroe County; New York", "median_age": 45.6, "median_income": 60029.0, "population_density": 4295.5886075753815, "county": "Monroe" }, "geometry": { "type": "Polygon", "coordinates": [ [ [ -77.659234297670849, 43.252895839759326 ], [ -77.646827300254643, 43.252959810580023 ], [ -77.646894326134102, 43.231130821731348 ], [ -77.659066322942138, 43.231101849348242 ], [ -77.659234297670849, 43.252895839759326 ] ] ] } },
{ "type": "Feature", "properties": { "GEOID": "36055013603", "tract_name": "Census Tract 136.03; Monroe County; New York", "median_age": 46.9, "median_income": 87240.0, "population_density": 1740.1133725653085, "county": "Monroe" }, "geometry": { "type": "Polygon", "coordinates": [ [ [ -77.696453290131132, 43.253010927137389 ], [ -77.695382307280568, 43.280868906923232 ], [ -77.691633304780552, 43.275125902124437 ], [ -77.687457304273266, 43.27256589425334 ], [ -77.668998308780274, 43.272209852641566 ], [ -77.655405306560141, 43.264232825526065 ], [ -77.646733306765242, 43.261751806628986 ], [ -77.646827300254643, 43.252959810580023 ], [ -77.696453290131132, 43.253010927137389 ] ] ] } },
{ "type": "Feature", "properties": { "GEOID": "36029010901", "tract_name": "Census Tract 109.01; Erie County; New York", "median_age": 40.2, "median_income": 70019.0, "population_density": 1960.6184343243806, "county": "Erie" }, "geometry": { "type": "Polygon", "coordinates": [ [ [ -78.784580729581563, 42.884353341384688 ], [ -78.784346710322978, 42.900520340212267 ], [ -78.766846685517521, 42.902506336639959 ], [ -78.767699706329424, 42.885250337422299 ], [ -78.770419714881697, 42.880914338228934 ], [ -78.774129722105442, 42.878907339215935 ], [ -78.774315720181988, 42.880787339169245 ], [ -78.77576272360966, 42.879479339584378 ], [ -78.775711721404264, 42.881327339476343 ], [ -78.779151727878059, 42.879671340395433 ], [ -78.779071722453423, 42.884245340108343 ], [ -78.784580729581563, 42.884353341384688 ] ] ] } },
{ "type": "Feature", "properties": { "GEOID": "36055013604", "tract_name": "Census Tract 136.04; Monroe County; New York", "median_age": 36.1, "median_income": 51081.0, "population_density": 3131.6203962342597, "county": "Monroe" }, "geometry": { "type": "Polygon", "coordinates": [ [ [ -77.696639302515948, 43.239093932416743 ], [ -77.696453290131132, 43.253010927137389 ], [ -77.659234297670849, 43.252895839759326 ], [ -77.65911231245255, 43.238359846151297 ], [ -77.696639302515948, 43.239093932416743 ] ] ] } },
{ "type": "Feature", "properties": { "GEOID": "36055013701", "tract_name": "Census Tract 137.01; Monroe County; New York", "median_age": 38.6, "median_income": 71750.0, "population_density": 4109.2364168324912, "county": "Monroe" }, "geometry": { "type": "Polygon", "coordinates": [ [ [ -77.638486311924694, 43.241955796622598 ], [ -77.633515313194593, 43.241860785135437 ], [ -77.633406307654752, 43.245479782770758 ], [ -77.637090306787044, 43.245533791359371 ], [ -77.637253304409171, 43.247071790872972 ], [ -77.635570300303101, 43.250024785236263 ], [ -77.630268301586852, 43.249828772823172 ], [ -77.628357306174777, 43.255677766250585 ], [ -77.620308305752104, 43.253047748249749 ], [ -77.622118305370066, 43.253033752505878 ], [ -77.622554304058227, 43.249226754991462 ], [ -77.627345310514471, 43.244474769207258 ], [ -77.629100322973741, 43.236208778305688 ], [ -77.637233319272852, 43.237318796329994 ], [ -77.638486311924694, 43.241955796622598 ] ] ] } },
{ "type": "Feature", "properties": { "GEOID": "36055013702", "tract_name": "Census Tract 137.02; Monroe County; New York", "median_age": 38.0, "median_income": 63864.0, "population_density": 3796.9850665264407, "county": "Monroe" }, "geometry": { "type": "Polygon", "coordinates": [ [ [ -77.646881317892394, 43.236670818842931 ], [ -77.646733306765242, 43.261751806628986 ], [ -77.628357306174777, 43.255677766250585 ], [ -77.630268301586852, 43.249828772823172 ], [ -77.635570300303101, 43.250024785236263 ], [ -77.637253304409171, 43.247071790872972 ], [ -77.637090306787044, 43.245533791359371 ], [ -77.633406307654752, 43.245479782770758 ], [ -77.633515313194593, 43.241860785135437 ], [ -77.638486311924694, 43.241955796622598 ], [ -77.637233319272852, 43.237318796329994 ], [ -77.635471321094954, 43.2364077928017 ], [ -77.646881317892394, 43.236670818842931 ] ] ] } },
{ "type": "Feature", "properties": { "GEOID": "36055013800", "tract_name": "Census Tract 138; Monroe County; New York", "median_age": 33.9, "median_income": 72317.0, "population_density": 6735.5999706181019, "county": "Monroe" }, "geometry": { "type": "Polygon", "coordinates": [ [ [ -77.646030330600738, 43.228289821250179 ], [ -77.646884317989887, 43.236604818883876 ], [ -77.629100322973741, 43.236208778305688 ], [ -77.629655338383785, 43.22618678561426 ], [ -77.636483349642916, 43.217540805841587 ], [ -77.64128634805418, 43.217589816380531 ], [ -77.641297339496262, 43.223259813320261 ], [ -77.646030330600738, 43.228289821250179 ] ] ] } },
{ "type": "Feature", "properties": { "GEOID": "36055013901", "tract_name": "Census Tract 139.01; Monroe County; New York", "median_age": 37.3, "median_income": 69152.0, "population_density": 4962.39798323779, "county": "Monroe" }, "geometry": { "type": "Polygon", "coordinates": [ [ [ -77.659085345113127, 43.215740856380258 ], [ -77.659066322942138, 43.231101849348242 ], [ -77.646894326134102, 43.231130821731348 ], [ -77.641297339496262, 43.223259813320261 ], [ -77.64128634805418, 43.217589816380531 ], [ -77.64524634673424, 43.21763782506752 ], [ -77.64548935626317, 43.211205828966243 ], [ -77.65376534413241, 43.217581843838651 ], [ -77.659085345113127, 43.215740856380258 ] ] ] } },
{ "type": "Feature", "properties": { "GEOID": "36055014001", "tract_name": "Census Tract 140.01; Monroe County; New York", "median_age": 40.0, "median_income": 77729.0, "population_density": 2536.9207073916436, "county": "Monroe" }, "geometry": { "type": "Polygon", "coordinates": [ [ [ -77.696801322589337, 43.223690936891344 ], [ -77.696649303328684, 43.238469932606428 ], [ -77.65911231245255, 43.238359846151297 ], [ -77.65905133356371, 43.223747852661397 ], [ -77.696801322589337, 43.223690936891344 ] ] ] } },
{ "type": "Feature", "properties": { "GEOID": "36055014004", "tract_name": "Census Tract 140.04; Monroe County; New York", "median_age": 34.8, "median_income": 58663.0, "population_density": 3480.4820863449381, "county": "Monroe" }, "geometry": { "type": "Polygon", "coordinates": [ [ [ -77.679091350230394, 43.207306903201982 ], [ -77.677380348148063, 43.20925789881673 ], [ -77.677783328206317, 43.223656894482652 ], [ -77.65905133356371, 43.223747852661397 ], [ -77.659083360921898, 43.204790861358006 ], [ -77.679091350230394, 43.207306903201982 ] ] ] } },
{ "type": "Feature", "properties": { "GEOID": "36055014103", "tract_name": "Census Tract 141.03; Monroe County; New York", "median_age": 47.7, "median_income": 71267.0, "population_density": 2623.1200812775696, "county": "Monroe" }, "geometry": { "type": "Polygon", "coordinates": [ [ [ -77.732038342466893, 43.19803001779659 ], [ -77.731797323184693, 43.214482015791269 ], [ -77.693613342252007, 43.209473933792125 ], [ -77.70127335464386, 43.197813953176606 ], [ -77.732038342466893, 43.19803001779659 ] ] ] } },
{ "type": "Feature", "properties": { "GEOID": "36055014104", "tract_name": "Census Tract 141.04; Monroe County; New York", "median_age": 52.9, "median_income": 71159.0, "population_density": 523.14175153415499, "county": "Monroe" }, "geometry": { "type": "Polygon", "coordinates": [ [ [ -77.753533358032215, 43.179410056554083 ], [ -77.752693314646393, 43.217394055907022 ], [ -77.731797323184693, 43.214482015791269 ], [ -77.732038342466893, 43.19803001779659 ], [ -77.70127335464386, 43.197813953176606 ], [ -77.701588367729627, 43.187560956322486 ], [ -77.666862371943651, 43.195012882042064 ], [ -77.660679386237945, 43.186781872817093 ], [ -77.660769396322308, 43.179739876145831 ], [ -77.753533358032215, 43.179410056554083 ] ] ] } },
{ "type": "Feature", "properties": { "GEOID": "36043010701", "tract_name": "Census Tract 107.01; Herkimer County; New York", "median_age": 41.3, "median_income": 67132.0, "population_density": 1241.9933968189059, "county": "Herkimer" }, "geometry": { "type": "Polygon", "coordinates": [ [ [ -74.879451811573333, 43.051981224207033 ], [ -74.869563796524687, 43.056141229791237 ], [ -74.869374802565531, 43.062699228066101 ], [ -74.855241776355967, 43.06389523691449 ], [ -74.853279764064354, 43.055152241052937 ], [ -74.850243758496191, 43.055465242995439 ], [ -74.851687759106241, 43.053216242769317 ], [ -74.84918474976952, 43.0485782460431 ], [ -74.86087377030033, 43.046474238588459 ], [ -74.858999762116412, 43.04178324135902 ], [ -74.863946769919394, 43.039997238368819 ], [ -74.874896781895814, 43.030657233012192 ], [ -74.879451811573333, 43.051981224207033 ] ] ] } },
{ "type": "Feature", "properties": { "GEOID": "36043011001", "tract_name": "Census Tract 110.01; Herkimer County; New York", "median_age": 40.1, "median_income": 54856.0, "population_density": 1362.0507414266167, "county": "Herkimer" }, "geometry": { "type": "Polygon", "coordinates": [ [ [ -74.786669693133859, 43.11625825457083 ], [ -74.770607662680689, 43.117278262085719 ], [ -74.768448656617736, 43.115323264270899 ], [ -74.770149657289551, 43.11250426498956 ], [ -74.767308649135273, 43.109738268021133 ], [ -74.76963264966372, 43.105477269202254 ], [ -74.768398644786799, 43.102854271343055 ], [ -74.769742646210489, 43.10158127133073 ], [ -74.76603062959957, 43.091614279050688 ], [ -74.783201661503654, 43.089999270068368 ], [ -74.786669693133859, 43.11625825457083 ] ] ] } },
{ "type": "Feature", "properties": { "GEOID": "36043011100", "tract_name": "Census Tract 111; Herkimer County; New York", "median_age": 47.2, "median_income": 40035.0, "population_density": 2305.5817072244567, "county": "Herkimer" }, "geometry": { "type": "Polygon", "coordinates": [ [ [ -75.012011019879779, 43.016245124242367 ], [ -75.00332901506458, 43.019959135126399 ], [ -74.99657900571529, 43.020423141842016 ], [ -74.974472972185893, 43.029249159005914 ], [ -74.970001957085671, 43.02283616234994 ], [ -74.962780941391742, 43.021043167911046 ], [ -74.990561989158564, 43.015527146206736 ], [ -75.012011019879779, 43.016245124242367 ] ] ] } },
{ "type": "Feature", "properties": { "GEOID": "36043011200", "tract_name": "Census Tract 112; Herkimer County; New York", "median_age": 48.1, "median_income": 67238.0, "population_density": 580.55051251288512, "county": "Herkimer" }, "geometry": { "type": "Polygon", "coordinates": [ [ [ -75.05192806656828, 43.024676076838873 ], [ -75.049637066904992, 43.027603080000269 ], [ -75.051608071316167, 43.030545078028112 ], [ -75.033906090177837, 43.069321103893444 ], [ -74.987777036729526, 43.067459150944423 ], [ -74.985844028182271, 43.062745151975555 ], [ -74.982344018806074, 43.060191154175186 ], [ -74.987409023738962, 43.055409150600603 ], [ -74.983142005378696, 43.045474153116487 ], [ -74.983622998004421, 43.037314152473222 ], [ -74.981265989843507, 43.033756154070787 ], [ -74.974472972185893, 43.029249159005914 ], [ -74.996968006333006, 43.02029614153232 ], [ -75.00332901506458, 43.019959135126399 ], [ -75.015531022978109, 43.015856119921573 ], [ -75.020508028582881, 43.016567113939338 ], [ -75.034844048728772, 43.023129097287843 ], [ -75.05192806656828, 43.024676076838873 ] ] ] } },
{ "type": "Feature", "properties": { "GEOID": "36043011301", "tract_name": "Census Tract 113.01; Herkimer County; New York", "median_age": 52.3, "median_income": 80519.0, "population_density": 75.048110654311557, "county": "Herkimer" }, "geometry": { "type": "Polygon", "coordinates": [ [ [ -75.033847090256856, 43.069460103978429 ], [ -75.027974148144963, 43.136489118326828 ], [ -74.978911067649292, 43.114815157768653 ], [ -74.983865074720455, 43.112245155156913 ], [ -74.981266056881864, 43.099695156106854 ], [ -74.986194062693215, 43.095966153231139 ], [ -74.990270062047202, 43.087545150475506 ], [ -74.989349057448521, 43.08479215086583 ], [ -74.982570041444603, 43.082018154779611 ], [ -74.981601036617633, 43.079123155268164 ], [ -74.983030037494274, 43.077256154333405 ], [ -74.990414053801828, 43.079186149919217 ], [ -74.991756053822073, 43.076651148951676 ], [ -74.990539048758137, 43.074003149548716 ], [ -74.929087936350783, 43.080870186960212 ], [ -74.916666849457954, 43.017716203916279 ], [ -74.936564893473417, 43.023508187864046 ], [ -74.945707909123854, 43.021586181019366 ], [ -74.954080930190358, 43.026524174361782 ], [ -74.955737932893584, 43.026043173130908 ], [ -74.957236931687248, 43.021986172145411 ], [ -74.968239950461594, 43.019638163715662 ], [ -74.962780941391742, 43.021043167911046 ], [ -74.970001957085671, 43.02283616234994 ], [ -74.974163971322369, 43.028984159233822 ], [ -74.982884994467952, 43.035236152934246 ], [ -74.984164003188354, 43.04138315223998 ], [ -74.983142005378696, 43.045474153116487 ], [ -74.987409023738962, 43.055409150600603 ], [ -74.982165017980549, 43.059720154277656 ], [ -74.985844028182271, 43.062745151975555 ], [ -74.987777036729526, 43.067459150944423 ], [ -75.023674080447748, 43.067924115627726 ], [ -75.033847090256856, 43.069460103978429 ] ] ] } },
{ "type": "Feature", "properties": { "GEOID": "36029016900", "tract_name": "Census Tract 169; Erie County; New York", "median_age": 29.9, "median_income": 89046.0, "population_density": 13385.109116069392, "county": "Erie" }, "geometry": { "type": "Polygon", "coordinates": [ [ [ -78.877047809739864, 42.91546335495638 ], [ -78.877010803155699, 42.920353353699653 ], [ -78.867501791201533, 42.920385352167294 ], [ -78.869780789933216, 42.923499351781629 ], [ -78.857315776106489, 42.922179350146997 ], [ -78.864432793979844, 42.915347352836079 ], [ -78.877047809739864, 42.91546335495638 ] ] ] } },
{ "type": "Feature", "properties": { "GEOID": "36029017000", "tract_name": "Census Tract 170; Erie County; New York", "median_age": 48.5, "median_income": 36826.0, "population_density": 4533.5628094852409, "county": "Erie" }, "geometry": { "type": "Polygon", "coordinates": [ [ [ -78.84346275890762, 42.92209334799275 ], [ -78.837623744800368, 42.927469346128504 ], [ -78.829617731828563, 42.929899344569925 ], [ -78.821027721049077, 42.930032343338574 ], [ -78.816996725176068, 42.922629343769302 ], [ -78.84346275890762, 42.92209334799275 ] ] ] } },
{ "type": "Feature", "properties": { "GEOID": "36099950500", "tract_name": "Census Tract 9505; Seneca County; New York", "median_age": 45.9, "median_income": 61250.0, "population_density": 403.53649054375319, "county": "Seneca" }, "geometry": { "type": "Polygon", "coordinates": [ [ [ -76.922776060599418, 42.924395879102271 ], [ -76.923452070404878, 42.943210878156293 ], [ -76.854255047302686, 42.946109948770236 ], [ -76.852316025437219, 42.917818950311904 ], [ -76.843313021585629, 42.918093959404501 ], [ -76.842207007776949, 42.901095960186701 ], [ -76.851518011829739, 42.900185950838463 ], [ -76.862882018976791, 42.902053939471614 ], [ -76.86235702439987, 42.910017940088409 ], [ -76.870303027041459, 42.908331932080031 ], [ -76.873967031299529, 42.912014928420163 ], [ -76.917077050829377, 42.91051088502676 ], [ -76.918254055259311, 42.917901883755327 ], [ -76.922776060599418, 42.924395879102271 ] ] ] } },
{ "type": "Feature", "properties": { "GEOID": "36099950400", "tract_name": "Census Tract 9504; Seneca County; New York", "median_age": 46.1, "median_income": 56026.0, "population_density": 282.95991865897616, "county": "Seneca" }, "geometry": { "type": "Polygon", "coordinates": [ [ [ -76.854255047302686, 42.946109948770236 ], [ -76.818020035632017, 42.947489985809277 ], [ -76.810803004612367, 42.915485992137562 ], [ -76.802365000941236, 42.915711000654582 ], [ -76.80073799415436, 42.909178002054944 ], [ -76.795902991800901, 42.909149006916842 ], [ -76.800775968074063, 42.880947000978082 ], [ -76.842882991165467, 42.879378959088022 ], [ -76.844144008608524, 42.90089795824121 ], [ -76.842207007776949, 42.901095960186701 ], [ -76.843313021585629, 42.918093959404501 ], [ -76.852316025437219, 42.917818950311904 ], [ -76.854255047302686, 42.946109948770236 ] ] ] } },
{ "type": "Feature", "properties": { "GEOID": "36099950300", "tract_name": "Census Tract 9503; Seneca County; New York", "median_age": 48.5, "median_income": 53639.0, "population_density": 331.2424136300188, "county": "Seneca" }, "geometry": { "type": "Polygon", "coordinates": [ [ [ -76.801198965636942, 42.878042000451195 ], [ -76.797356989606982, 42.906058005336334 ], [ -76.792135993960457, 42.913313010873694 ], [ -76.781024991058956, 42.915619022171732 ], [ -76.775669991909623, 42.918895027726549 ], [ -76.772628993899914, 42.922180030956447 ], [ -76.767827005051615, 42.934957036456169 ], [ -76.764898006899628, 42.937822039581249 ], [ -76.75476200621975, 42.940786050061405 ], [ -76.734739990473244, 42.942673067299033 ], [ -76.739180966910126, 42.916833061133453 ], [ -76.737460949044035, 42.902104060764906 ], [ -76.723719907384293, 42.876772065544912 ], [ -76.763338945081003, 42.879641038126913 ], [ -76.763894940809251, 42.875266037346826 ], [ -76.801198965636942, 42.878042000451195 ] ] ] } },
{ "type": "Feature", "properties": { "GEOID": "36099950600", "tract_name": "Census Tract 9506; Seneca County; New York", "median_age": 45.2, "median_income": 66390.0, "population_density": 290.2764991717782, "county": "Seneca" }, "geometry": { "type": "Polygon", "coordinates": [ [ [ -76.963563086256201, 42.94649983714833 ], [ -76.95142508212524, 42.946895849533817 ], [ -76.951138079967137, 42.9418938499538 ], [ -76.923452070404878, 42.943210878156293 ], [ -76.923114061457682, 42.925802878740804 ], [ -76.921791058714092, 42.921535880137007 ], [ -76.918254055259311, 42.917901883755327 ], [ -76.917077050829377, 42.91051088502676 ], [ -76.873967031299529, 42.912014928420163 ], [ -76.870303027041459, 42.908331932080031 ], [ -76.86235702439987, 42.910017940088409 ], [ -76.862882018976791, 42.902053939471614 ], [ -76.875814024833929, 42.90103792649689 ], [ -76.888958028910508, 42.896847913319512 ], [ -76.912060039615696, 42.894310890224737 ], [ -76.919440041975236, 42.891296882884262 ], [ -76.928263042130695, 42.881838874225757 ], [ -76.935880044344287, 42.877172866739592 ], [ -76.938758042869821, 42.870174864024634 ], [ -76.944883048568713, 42.874651857860925 ], [ -76.94532204785439, 42.872384857477684 ], [ -76.963366059007797, 42.872942839586564 ], [ -76.963563086256201, 42.94649983714833 ] ] ] } },
{ "type": "Feature", "properties": { "GEOID": "36099950100", "tract_name": "Census Tract 9501; Seneca County; New York", "median_age": 43.7, "median_income": 73068.0, "population_density": 37.31229368883735, "county": "Seneca" }, "geometry": { "type": "Polygon", "coordinates": [ [ [ -76.963929132260049, 43.012833839134728 ], [ -76.714289063832652, 43.024056115864056 ], [ -76.711203052241359, 43.018040113671148 ], [ -76.721658049650287, 43.007857094494888 ], [ -76.720655032827182, 42.995424087767496 ], [ -76.728815033280299, 42.987762078428318 ], [ -76.727624021546063, 42.978142078195184 ], [ -76.728659020398581, 42.976070076924465 ], [ -76.736741022709893, 42.970284068724574 ], [ -76.735895016580443, 42.965491068954215 ], [ -76.739362008222272, 42.954471064755907 ], [ -76.737208001107973, 42.950039066109717 ], [ -76.951138079967137, 42.9418938499538 ], [ -76.95142508212524, 42.946895849533817 ], [ -76.963563086256201, 42.94649983714833 ], [ -76.963929132260049, 43.012833839134728 ] ] ] } },
{ "type": "Feature", "properties": { "GEOID": "36099950700", "tract_name": "Census Tract 9507; Seneca County; New York", "median_age": 39.9, "median_income": 81429.0, "population_density": 53.666094626801438, "county": "Seneca" }, "geometry": { "type": "Polygon", "coordinates": [ [ [ -76.981335066290825, 42.861310822222713 ], [ -76.979441066165023, 42.864790823961251 ], [ -76.977336064962401, 42.865191826025324 ], [ -76.979236066202773, 42.865321824144054 ], [ -76.977970066472764, 42.868664825272589 ], [ -76.973113064451169, 42.871599829975324 ], [ -76.959584056805753, 42.873165843327399 ], [ -76.94532204785439, 42.872384857477684 ], [ -76.944883048568713, 42.874651857860925 ], [ -76.938758042869821, 42.870174864024634 ], [ -76.935880044344287, 42.877172866739592 ], [ -76.928263042130695, 42.881838874225757 ], [ -76.920251042227875, 42.890934882079115 ], [ -76.912060039615696, 42.894310890224737 ], [ -76.888958028910508, 42.896847913319512 ], [ -76.875814024833929, 42.90103792649689 ], [ -76.863113019111339, 42.902078939240234 ], [ -76.851518011829739, 42.900185950838463 ], [ -76.844144008608524, 42.90089795824121 ], [ -76.842882991165467, 42.879378959088022 ], [ -76.800775968074063, 42.880947000978082 ], [ -76.801198965636942, 42.878042000451195 ], [ -76.763894940809251, 42.875266037346826 ], [ -76.763338945081003, 42.879641038126913 ], [ -76.723719907384293, 42.876772065544912 ], [ -76.721246897065527, 42.869577065664011 ], [ -76.72102588023381, 42.85425306314643 ], [ -76.717938866215448, 42.844176062703326 ], [ -76.71757585327974, 42.832558060701729 ], [ -76.719514847509899, 42.825444058717494 ], [ -76.729073838188697, 42.808135053009906 ], [ -76.809535913377545, 42.81414899005383 ], [ -76.810227909179488, 42.808818989209719 ], [ -76.975362043715791, 42.804315830128111 ], [ -76.976191045840594, 42.808703829173524 ], [ -76.974136045272445, 42.81208583103718 ], [ -76.976882048301661, 42.814553828296624 ], [ -76.977495050518144, 42.819918827509547 ], [ -76.975541050303008, 42.823944829260078 ], [ -76.978319054070241, 42.829039826377418 ], [ -76.973529051985864, 42.833610830878293 ], [ -76.972912052718812, 42.83713983135835 ], [ -76.981335066290825, 42.861310822222713 ] ] ] } },
{ "type": "Feature", "properties": { "GEOID": "36099950900", "tract_name": "Census Tract 9509; Seneca County; New York", "median_age": 41.2, "median_income": 61280.0, "population_density": 58.727362315687337, "county": "Seneca" }, "geometry": { "type": "Polygon", "coordinates": [ [ [ -76.908013964170067, 42.679068943236764 ], [ -76.697831708561026, 42.684555113373158 ], [ -76.68789969153984, 42.674782128019771 ], [ -76.685311685858636, 42.670279134155443 ], [ -76.671717648076836, 42.63568918132087 ], [ -76.72575071644853, 42.634800145093244 ], [ -76.725553714278789, 42.630810148699631 ], [ -76.765344767077266, 42.629842116899745 ], [ -76.760558728196671, 42.545113183415317 ], [ -76.895596957138181, 42.541535048705178 ], [ -76.894077952772662, 42.572502029186559 ], [ -76.895159949532172, 42.654277972508439 ], [ -76.897117951520158, 42.663647964235949 ], [ -76.908013964170067, 42.679068943236764 ] ] ] } },
{ "type": "Feature", "properties": { "GEOID": "36099950200", "tract_name": "Census Tract 9502; Seneca County; New York", "median_age": 43.1, "median_income": 52803.0, "population_density": 390.28401397037999, "county": "Seneca" }, "geometry": { "type": "Polygon", "coordinates": [ [ [ -76.818020035632017, 42.947489985809277 ], [ -76.737208001107973, 42.950039066109717 ], [ -76.734285992323521, 42.94480806791961 ], [ -76.734739990473244, 42.942673067299033 ], [ -76.75476200621975, 42.940786050061405 ], [ -76.764898006899628, 42.937822039581249 ], [ -76.767827005051615, 42.934957036456169 ], [ -76.772628993899914, 42.922180030956447 ], [ -76.775669991909623, 42.918895027726549 ], [ -76.781024991058956, 42.915619022171732 ], [ -76.790426994225825, 42.914421012641014 ], [ -76.795305991271249, 42.908892007507255 ], [ -76.80073799415436, 42.909178002054944 ], [ -76.802365000941236, 42.915711000654582 ], [ -76.810803004612367, 42.915485992137562 ], [ -76.818020035632017, 42.947489985809277 ] ] ] } },
{ "type": "Feature", "properties": { "GEOID": "36099951000", "tract_name": "Census Tract 9510; Seneca County; New York", "median_age": 50.1, "median_income": 72986.0, "population_density": 52.703698940217897, "county": "Seneca" }, "geometry": { "type": "Polygon", "coordinates": [ [ [ -76.765344767077266, 42.629842116899745 ], [ -76.725553714278789, 42.630810148699631 ], [ -76.72575071644853, 42.634800145093244 ], [ -76.671717648076836, 42.63568918132087 ], [ -76.660242617029326, 42.610825219870229 ], [ -76.639216570581937, 42.58547027146016 ], [ -76.618239526342009, 42.566650319348838 ], [ -76.585989464635233, 42.549908381466906 ], [ -76.760558728196671, 42.545113183415317 ], [ -76.765344767077266, 42.629842116899745 ] ] ] } },
{ "type": "Feature", "properties": { "GEOID": "36029011000", "tract_name": "Census Tract 110; Erie County; New York", "median_age": 36.9, "median_income": 57765.0, "population_density": 4471.2687103349053, "county": "Erie" }, "geometry": { "type": "Polygon", "coordinates": [ [ [ -78.799904764905349, 42.871729346220974 ], [ -78.799757759188083, 42.876331345722001 ], [ -78.784775738842924, 42.876676341967588 ], [ -78.784580729581563, 42.884353341384688 ], [ -78.779071722453423, 42.884245340108343 ], [ -78.779151727878059, 42.879671340395433 ], [ -78.776986724980389, 42.879696339869589 ], [ -78.776940723018669, 42.881336339769497 ], [ -78.775711721404264, 42.881327339476343 ], [ -78.775690723552415, 42.879446339568617 ], [ -78.774315720181988, 42.880787339169245 ], [ -78.774043724002539, 42.877164339279339 ], [ -78.782063735702266, 42.876276341320057 ], [ -78.787290748298304, 42.871487342981602 ], [ -78.799904764905349, 42.871729346220974 ] ] ] } },
{ "type": "Feature", "properties": { "GEOID": "36029011300", "tract_name": "Census Tract 113; Erie County; New York", "median_age": 50.5, "median_income": 66172.0, "population_density": 2080.1223114808326, "county": "Erie" }, "geometry": { "type": "Polygon", "coordinates": [ [ [ -78.799243780499282, 42.857981347413293 ], [ -78.799904764905349, 42.871729346220974 ], [ -78.783540743725638, 42.871102342037346 ], [ -78.776080737117553, 42.868173340255197 ], [ -78.759934728302284, 42.856737336198655 ], [ -78.754648722858008, 42.855151334688848 ], [ -78.754514727935657, 42.850450334692489 ], [ -78.761573737559516, 42.850535336815902 ], [ -78.761491734032774, 42.853552336721421 ], [ -78.768783743885805, 42.853681338866551 ], [ -78.770702749845015, 42.850782339552687 ], [ -78.769656750150759, 42.849259339298719 ], [ -78.771017751864619, 42.849401339705764 ], [ -78.799243780499282, 42.857981347413293 ] ] ] } },
{ "type": "Feature", "properties": { "GEOID": "36029011500", "tract_name": "Census Tract 115; Erie County; New York", "median_age": 39.2, "median_income": 51488.0, "population_density": 2343.7934112614525, "county": "Erie" }, "geometry": { "type": "Polygon", "coordinates": [ [ [ -78.793133788632929, 42.844119346870066 ], [ -78.792853774132055, 42.856005345756699 ], [ -78.771017751864619, 42.849401339705764 ], [ -78.773383755823161, 42.848797340451576 ], [ -78.774808761935589, 42.845208341064627 ], [ -78.781075767378695, 42.847990342843637 ], [ -78.785712781698464, 42.841252344747218 ], [ -78.793133788632929, 42.844119346870066 ] ] ] } },
{ "type": "Feature", "properties": { "GEOID": "36065022400", "tract_name": "Census Tract 224; Oneida County; New York", "median_age": 35.5, "median_income": 54936.0, "population_density": 4439.7476739756112, "county": "Oneida" }, "geometry": { "type": "Polygon", "coordinates": [ [ [ -75.449978466351311, 43.215649872145512 ], [ -75.439603468812962, 43.230398874243107 ], [ -75.433219460988681, 43.227164875237307 ], [ -75.431395452862603, 43.218042875122457 ], [ -75.4337184516924, 43.213797874571263 ], [ -75.439635454240985, 43.210746873574166 ], [ -75.449978466351311, 43.215649872145512 ] ] ] } },
{ "type": "Feature", "properties": { "GEOID": "36065022800", "tract_name": "Census Tract 228; Oneida County; New York", "median_age": 44.5, "median_income": 83867.0, "population_density": 84.739839415807296, "county": "Oneida" }, "geometry": { "type": "Polygon", "coordinates": [ [ [ -75.666961467821835, 43.209940827785765 ], [ -75.655320475129713, 43.239409844660507 ], [ -75.651035476794519, 43.240398845628548 ], [ -75.647521478737673, 43.243898847630092 ], [ -75.645891479202049, 43.243268847511118 ], [ -75.645955478606254, 43.24055784627933 ], [ -75.64000148070582, 43.240603846974338 ], [ -75.633774482165904, 43.237905846576481 ], [ -75.632172483873632, 43.242121848472863 ], [ -75.633980484005519, 43.245030849469209 ], [ -75.628998486335263, 43.246664850595728 ], [ -75.625943487350625, 43.246191850695894 ], [ -75.625696486170298, 43.242046849142888 ], [ -75.623058486969754, 43.241594849260494 ], [ -75.621958488386994, 43.24475185053987 ], [ -75.62507848859191, 43.249140851891624 ], [ -75.625015490019024, 43.252882850891368 ], [ -75.620497492806024, 43.255541849928925 ], [ -75.618577491987594, 43.251460852025211 ], [ -75.61073449604902, 43.254134851225601 ], [ -75.60766849695905, 43.253362851829586 ], [ -75.608022498020574, 43.256678850056694 ], [ -75.610332497540242, 43.257782849359842 ], [ -75.60970849828027, 43.259159848673448 ], [ -75.580294502966908, 43.243098854283367 ], [ -75.539158505152955, 43.225346857263197 ], [ -75.506955514611988, 43.225904862625747 ], [ -75.492906513315205, 43.229011864822319 ], [ -75.483398499836099, 43.222776866727827 ], [ -75.479975492464092, 43.217477867463955 ], [ -75.485920484529103, 43.202659867145556 ], [ -75.416067427822341, 43.199823876231214 ], [ -75.417153429646106, 43.201258876192696 ], [ -75.41576643249698, 43.207047876794149 ], [ -75.405363423075158, 43.20529487809506 ], [ -75.400006421482701, 43.209444879238056 ], [ -75.392190412931669, 43.205746879953608 ], [ -75.383416410264758, 43.212967882068618 ], [ -75.381423399172249, 43.196858880298038 ], [ -75.378501395680942, 43.194713880373385 ], [ -75.366673386489083, 43.194410881747373 ], [ -75.365474385004234, 43.193364881729259 ], [ -75.366277384266169, 43.190904881258028 ], [ -75.359527379122895, 43.190789882007806 ], [ -75.361776379259112, 43.187885881286327 ], [ -75.355033375070207, 43.189495882296974 ], [ -75.349970368379672, 43.183753881830611 ], [ -75.34683836699412, 43.185593882490672 ], [ -75.340914359334874, 43.178762881786582 ], [ -75.478015452306309, 43.171858869080324 ], [ -75.469589448367515, 43.17426486974275 ], [ -75.476416457326792, 43.179166869022268 ], [ -75.473716457101716, 43.181234869233322 ], [ -75.485819473455379, 43.189958867684517 ], [ -75.482676473177406, 43.192385867949568 ], [ -75.487533480085489, 43.196099867220759 ], [ -75.494172482522174, 43.193110866572944 ], [ -75.489582475006046, 43.18850486733087 ], [ -75.48837246976062, 43.183527867690536 ], [ -75.491298471874686, 43.18349186739426 ], [ -75.490203467569614, 43.179499867699398 ], [ -75.486509465996718, 43.18076386799779 ], [ -75.483638456199571, 43.171793868616689 ], [ -75.543933464585862, 43.168890851328349 ], [ -75.546144466240122, 43.171342850759295 ], [ -75.544809503982435, 43.225931856373307 ], [ -75.549963502364719, 43.22568085549397 ], [ -75.554273499583346, 43.223244854467644 ], [ -75.561189497756416, 43.223295853267516 ], [ -75.561786496836007, 43.222050852971442 ], [ -75.568358495296252, 43.22237685185371 ], [ -75.569899493758001, 43.220399851218374 ], [ -75.576245492182451, 43.220480850062799 ], [ -75.575399493128373, 43.221817850489302 ], [ -75.578071492064936, 43.22113584986473 ], [ -75.580015493300323, 43.224453850236124 ], [ -75.582433492069015, 43.223345849572439 ], [ -75.583866492177307, 43.224322849549587 ], [ -75.5839134914129, 43.222835849195945 ], [ -75.585714492123458, 43.225232849451189 ], [ -75.586414491055251, 43.223462848906813 ], [ -75.590173490484261, 43.224393848490202 ], [ -75.591991488664476, 43.221564847441719 ], [ -75.594263488227298, 43.221904847122879 ], [ -75.594234487250787, 43.219748846548256 ], [ -75.59713348641192, 43.219504845937969 ], [ -75.594241486590391, 43.218305846158842 ], [ -75.594522485948062, 43.217045845764709 ], [ -75.601081484446439, 43.217205844522248 ], [ -75.609460481522518, 43.214830842113187 ], [ -75.611490481590067, 43.216250842166794 ], [ -75.615479480469176, 43.215740841195924 ], [ -75.616318481725912, 43.219869842460149 ], [ -75.62055448009211, 43.218170841054629 ], [ -75.622137480052018, 43.219241841143493 ], [ -75.62509047907308, 43.218462840291394 ], [ -75.625335478149239, 43.215667839185265 ], [ -75.631091476694053, 43.215257837861962 ], [ -75.632735475583345, 43.212587836446659 ], [ -75.638059474821247, 43.214193835996994 ], [ -75.641298473624644, 43.212198834458903 ], [ -75.640423473505251, 43.210898834083871 ], [ -75.644760472696916, 43.211373833349626 ], [ -75.64544647210225, 43.209271832254878 ], [ -75.650929470522271, 43.206765829849637 ], [ -75.651842470551003, 43.20787183015981 ], [ -75.655243469716822, 43.206864828892684 ], [ -75.655489470475146, 43.211716831191801 ], [ -75.657168470049129, 43.211294830622641 ], [ -75.658035470101865, 43.212831831194848 ], [ -75.662026469074917, 43.211707829778938 ], [ -75.664442468200875, 43.20881682776281 ], [ -75.666961467821835, 43.209940827785765 ] ] ] } },
{ "type": "Feature", "properties": { "GEOID": "36065023400", "tract_name": "Census Tract 234; Oneida County; New York", "median_age": 47.6, "median_income": 57433.0, "population_density": 1880.1884983687091, "county": "Oneida" }, "geometry": { "type": "Polygon", "coordinates": [ [ [ -75.309976301856494, 43.090429863086868 ], [ -75.304139301239246, 43.096226864270896 ], [ -75.305363302940279, 43.099043865030367 ], [ -75.294193301603755, 43.111241867930779 ], [ -75.29371930250619, 43.114505868808223 ], [ -75.284206297395471, 43.114870868813867 ], [ -75.283606296308449, 43.112565868145161 ], [ -75.279842294104697, 43.11208386795257 ], [ -75.281152294322837, 43.110548867523832 ], [ -75.276185291464543, 43.109967867266114 ], [ -75.277856291725826, 43.107930866691021 ], [ -75.265711284275994, 43.104425865324878 ], [ -75.270603285073392, 43.098426863604033 ], [ -75.270470285467013, 43.09999886408481 ], [ -75.273880287672966, 43.101527864664611 ], [ -75.275284287904384, 43.099919864224702 ], [ -75.274240286204545, 43.096074863024825 ], [ -75.275428286154494, 43.093969862439508 ], [ -75.274305285536641, 43.093766862328856 ], [ -75.279451286024965, 43.087278860646471 ], [ -75.285689288427747, 43.085552860497167 ], [ -75.288110289883988, 43.086467860892782 ], [ -75.287510290005059, 43.087667861196621 ], [ -75.283610287908928, 43.086967860784505 ], [ -75.279605288351064, 43.094371862740694 ], [ -75.289351293219667, 43.094461863186311 ], [ -75.289851292330113, 43.09116186229241 ], [ -75.28711029075869, 43.0904678619642 ], [ -75.287310290281226, 43.088767861495491 ], [ -75.289310291244192, 43.08876786160004 ], [ -75.288795289958585, 43.085733860726279 ], [ -75.291629291810239, 43.087192861288898 ], [ -75.293056291706264, 43.084970860762347 ], [ -75.297793293999234, 43.085134861082587 ], [ -75.307246300621884, 43.090664863010083 ], [ -75.309976301856494, 43.090429863086868 ] ] ] } },
{ "type": "Feature", "properties": { "GEOID": "36065024000", "tract_name": "Census Tract 240; Oneida County; New York", "median_age": 44.1, "median_income": 81188.0, "population_density": 98.0930954472569, "county": "Oneida" }, "geometry": { "type": "Polygon", "coordinates": [ [ [ -75.287068339918463, 43.236226903055233 ], [ -75.269935328383937, 43.255404909612238 ], [ -75.216013296317058, 43.307611933819942 ], [ -75.204314294124245, 43.305622943022939 ], [ -75.19883529129261, 43.325385940898073 ], [ -75.106495274063576, 43.313538010427315 ], [ -75.107557274282897, 43.311653010971483 ], [ -75.119206276622961, 43.310507003315159 ], [ -75.11932027671169, 43.306251005963716 ], [ -75.120988277090234, 43.30401400614511 ], [ -75.125044277861747, 43.307161001150064 ], [ -75.141064281207022, 43.304664990690455 ], [ -75.147995282611816, 43.305157985239475 ], [ -75.145647282385156, 43.298617990481446 ], [ -75.147854283205504, 43.289961993310186 ], [ -75.152098284276065, 43.286784991483167 ], [ -75.153660284974592, 43.27914999401726 ], [ -75.158509286389972, 43.273052992802796 ], [ -75.158274286711659, 43.265561996614473 ], [ -75.162432287942977, 43.261280994816211 ], [ -75.162371288080124, 43.258461996181858 ], [ -75.160350287719751, 43.255803999337168 ], [ -75.157978287143422, 43.25550600173559 ], [ -75.152785285719617, 43.258327005256668 ], [ -75.150974283934588, 43.24690201047526 ], [ -75.148243283459863, 43.247344013249915 ], [ -75.148566285001479, 43.250541013281484 ], [ -75.145250284088036, 43.252386015518432 ], [ -75.143828283624202, 43.25519701537003 ], [ -75.135043280593834, 43.248349026373162 ], [ -75.138559280191799, 43.246115022434289 ], [ -75.188908265909774, 43.181767955219357 ], [ -75.243101297195125, 43.204389906162291 ], [ -75.287068339918463, 43.236226903055233 ] ] ] } },
{ "type": "Feature", "properties": { "GEOID": "36065024800", "tract_name": "Census Tract 248; Oneida County; New York", "median_age": 47.5, "median_income": 86821.0, "population_density": 1323.5150638638308, "county": "Oneida" }, "geometry": { "type": "Polygon", "coordinates": [ [ [ -75.622213432957551, 43.073844787634968 ], [ -75.61877043235782, 43.076533791012636 ], [ -75.607490427743741, 43.077049799000328 ], [ -75.610947429499788, 43.077813796859225 ], [ -75.611328431152373, 43.08178879790605 ], [ -75.607820430163116, 43.082863800615044 ], [ -75.5998724260578, 43.080653805312011 ], [ -75.592750423922084, 43.08230781058473 ], [ -75.59181642239021, 43.079831810568848 ], [ -75.586861420581144, 43.080298814061635 ], [ -75.586472418275278, 43.075946813275401 ], [ -75.579723414528615, 43.074336817620726 ], [ -75.580127411523378, 43.068256816005665 ], [ -75.585222413965596, 43.068389812353693 ], [ -75.585812409699827, 43.05924280974002 ], [ -75.588580411203097, 43.059437807699126 ], [ -75.588154411926183, 43.061373808499404 ], [ -75.591304412998795, 43.060312805871028 ], [ -75.592056411137719, 43.055513804052595 ], [ -75.596806413423337, 43.055026800268976 ], [ -75.601728416948689, 43.057215797126908 ], [ -75.60175241574504, 43.054325796254538 ], [ -75.603117416210679, 43.053695795011194 ], [ -75.60647441838637, 43.054645792707902 ], [ -75.603676416967318, 43.054806794914157 ], [ -75.604663418342781, 43.056900794794039 ], [ -75.599496417596015, 43.061398800030574 ], [ -75.604380421476591, 43.064935797459299 ], [ -75.616032427563781, 43.066267789359379 ], [ -75.617821428865284, 43.067574788513966 ], [ -75.616540428902368, 43.069395790076605 ], [ -75.619438430118137, 43.069039787865655 ], [ -75.618243430320419, 43.071243789506219 ], [ -75.621881432181979, 43.071909787158773 ], [ -75.622213432957551, 43.073844787634968 ] ] ] } },
{ "type": "Feature", "properties": { "GEOID": "36065025002", "tract_name": "Census Tract 250.02; Oneida County; New York", "median_age": 46.8, "median_income": 80882.0, "population_density": 464.20632526387527, "county": "Oneida" }, "geometry": { "type": "Polygon", "coordinates": [ [ [ -75.400466288422336, 43.00056785881376 ], [ -75.400253300734121, 43.019940860666956 ], [ -75.396970300431292, 43.021016860238781 ], [ -75.397624303155268, 43.025019860753702 ], [ -75.395785307064216, 43.032176861218922 ], [ -75.391729308964813, 43.037445861221968 ], [ -75.395645311705195, 43.039664861987255 ], [ -75.392341312395942, 43.042662861882469 ], [ -75.391602315645514, 43.048375862427612 ], [ -75.395966317356581, 43.048500862955542 ], [ -75.390678323682039, 43.062054863869612 ], [ -75.386383319369187, 43.057814862948106 ], [ -75.377768313380642, 43.05340786147179 ], [ -75.371288315929817, 43.062423862067021 ], [ -75.371127317828098, 43.06592686256031 ], [ -75.362015310103089, 43.058675860585232 ], [ -75.368291310061807, 43.054046860527052 ], [ -75.360558305636104, 43.051388859254487 ], [ -75.363184302418546, 43.04356785831483 ], [ -75.358549299722128, 43.041630857410915 ], [ -75.356047297309317, 43.038708856592372 ], [ -75.351986286893265, 43.021057852937112 ], [ -75.338075277831862, 43.010767848630579 ], [ -75.32827727318211, 43.006374845931248 ], [ -75.400466288422336, 43.00056785881376 ] ] ] } },
{ "type": "Feature", "properties": { "GEOID": "36065020300", "tract_name": "Census Tract 203; Oneida County; New York", "median_age": 42.1, "median_income": 20000.0, "population_density": 4924.6846281339776, "county": "Oneida" }, "geometry": { "type": "Polygon", "coordinates": [ [ [ -75.241768269382177, 43.10132587313197 ], [ -75.239325268174383, 43.103357876561589 ], [ -75.238968268655299, 43.106048877853858 ], [ -75.226301258406096, 43.101883890762259 ], [ -75.229100258212327, 43.09463588528191 ], [ -75.241768269382177, 43.10132587313197 ] ] ] } },
{ "type": "Feature", "properties": { "GEOID": "36065021000", "tract_name": "Census Tract 210; Oneida County; New York", "median_age": 34.4, "median_income": 14440.0, "population_density": 8028.2658438533444, "county": "Oneida" }, "geometry": { "type": "Polygon", "coordinates": [ [ [ -75.229100258212327, 43.09463588528191 ], [ -75.226301258406096, 43.101883890762259 ], [ -75.21647425093218, 43.100702901482236 ], [ -75.217841251106577, 43.098307899198971 ], [ -75.220905253650656, 43.099234896021265 ], [ -75.223814253771621, 43.093019890774073 ], [ -75.229100258212327, 43.09463588528191 ] ] ] } },
{ "type": "Feature", "properties": { "GEOID": "36029011600", "tract_name": "Census Tract 116; Erie County; New York", "median_age": 40.5, "median_income": 61172.0, "population_density": 1903.0417650422858, "county": "Erie" }, "geometry": { "type": "Polygon", "coordinates": [ [ [ -78.785712781698464, 42.841252344747218 ], [ -78.781075767378695, 42.847990342843637 ], [ -78.774808761935589, 42.845208341064627 ], [ -78.773383755823161, 42.848797340451576 ], [ -78.769656750150759, 42.849259339298719 ], [ -78.770702749845015, 42.850782339552687 ], [ -78.768783743885805, 42.853681338866551 ], [ -78.761491734032774, 42.853552336721421 ], [ -78.761573737559516, 42.850535336815902 ], [ -78.754514727935657, 42.850450334692489 ], [ -78.754069739583329, 42.839487334648318 ], [ -78.782916779483486, 42.839815343948821 ], [ -78.785712781698464, 42.841252344747218 ] ] ] } },
{ "type": "Feature", "properties": { "GEOID": "36029011700", "tract_name": "Census Tract 117; Erie County; New York", "median_age": 41.4, "median_income": 67063.0, "population_density": 3181.6775839996126, "county": "Erie" }, "geometry": { "type": "Polygon", "coordinates": [ [ [ -78.798269796739575, 42.843303348561228 ], [ -78.796904792194454, 42.845520347921244 ], [ -78.782916779483486, 42.839815343948821 ], [ -78.754069739583329, 42.839487334648318 ], [ -78.7535847491623, 42.830309334557811 ], [ -78.776275782054483, 42.829588342348103 ], [ -78.777681781908825, 42.831427342728006 ], [ -78.79665980039249, 42.838370348516712 ], [ -78.795157795000208, 42.841133347776747 ], [ -78.798269796739575, 42.843303348561228 ] ] ] } },
{ "type": "Feature", "properties": { "GEOID": "36029011800", "tract_name": "Census Tract 118; Erie County; New York", "median_age": 37.3, "median_income": 73510.0, "population_density": 2753.4663957096159, "county": "Erie" }, "geometry": { "type": "Polygon", "coordinates": [ [ [ -78.754305734404099, 42.844411334681908 ], [ -78.711591776055556, 42.839957317976761 ], [ -78.712015781327764, 42.834788319018926 ], [ -78.730121765914433, 42.830554326216159 ], [ -78.743357747536663, 42.833858330857453 ], [ -78.753748745839459, 42.833489334589842 ], [ -78.754305734404099, 42.844411334681908 ] ] ] } },
{ "type": "Feature", "properties": { "GEOID": "36043010900", "tract_name": "Census Tract 109; Herkimer County; New York", "median_age": 42.6, "median_income": 77813.0, "population_density": 37.046450057455871, "county": "Herkimer" }, "geometry": { "type": "Polygon", "coordinates": [ [ [ -74.929087936350783, 43.080870186960212 ], [ -74.856148788918816, 43.075010232774282 ], [ -74.853980770172285, 43.0600442389877 ], [ -74.855241776355967, 43.06389523691449 ], [ -74.869374802565531, 43.062699228066101 ], [ -74.869563796524687, 43.056141229791237 ], [ -74.879451811573333, 43.051981224207033 ], [ -74.874913781701451, 43.030425233061486 ], [ -74.883679794096565, 43.025861227648384 ], [ -74.879025785340005, 43.02606123111795 ], [ -74.874444780215185, 43.029829233570133 ], [ -74.83092470064048, 43.034193264306118 ], [ -74.814842666739352, 43.03114627742233 ], [ -74.791567606544518, 43.014945302789847 ], [ -74.786464594840879, 43.012932307841929 ], [ -74.783020589898868, 43.014694309648256 ], [ -74.777205578071332, 43.01399031460948 ], [ -74.764462548685927, 43.008747327693669 ], [ -74.760399537671432, 43.005311332980739 ], [ -74.740092529786381, 42.998314326986424 ], [ -74.751887572530819, 42.92354721592406 ], [ -74.763302628443199, 42.863236109949085 ], [ -74.878821749506415, 42.898273100556516 ], [ -74.87400874490578, 42.91966513248159 ], [ -74.902296790569451, 42.94513914757588 ], [ -74.929087936350783, 43.080870186960212 ] ] ] } },
{ "type": "Feature", "properties": { "GEOID": "36043011302", "tract_name": "Census Tract 113.02; Herkimer County; New York", "median_age": 54.7, "median_income": 60000.0, "population_density": 81.965348581541946, "county": "Herkimer" }, "geometry": { "type": "Polygon", "coordinates": [ [ [ -75.179646221565974, 43.094734941455272 ], [ -75.160906218053896, 43.114767967736938 ], [ -75.115866223843454, 43.169880029138611 ], [ -75.072762187464576, 43.151547071808196 ], [ -75.027974148144963, 43.136489118326828 ], [ -75.033847090256856, 43.069460103978429 ], [ -75.051608071316167, 43.030545078028112 ], [ -75.061832091760522, 43.043571067661468 ], [ -75.070408097854198, 43.041523057151373 ], [ -75.069227099055198, 43.044344058994469 ], [ -75.077046107936383, 43.046706050095381 ], [ -75.079091111127823, 43.048469047963437 ], [ -75.078500112681482, 43.051143049102876 ], [ -75.085087119434931, 43.052422041547047 ], [ -75.087939125590978, 43.057322039038965 ], [ -75.093319129991158, 43.057019032668464 ], [ -75.092203131606368, 43.060527034606245 ], [ -75.093639134264819, 43.062500033280919 ], [ -75.098593137604581, 43.061330027274671 ], [ -75.10758514625887, 43.062851017051834 ], [ -75.109471149871496, 43.065830015434486 ], [ -75.123037164770409, 43.07149100082092 ], [ -75.128097172523525, 43.077334996217083 ], [ -75.135840179365232, 43.078467987541273 ], [ -75.136390181574811, 43.081446987576641 ], [ -75.140965184586776, 43.080462982094367 ], [ -75.153467197279667, 43.085743968996326 ], [ -75.158448205325101, 43.093746965275422 ], [ -75.163418208943682, 43.093584959587339 ], [ -75.163975208159499, 43.091227958357699 ], [ -75.179646221565974, 43.094734941455272 ] ] ] } },
{ "type": "Feature", "properties": { "GEOID": "36043011002", "tract_name": "Census Tract 110.02; Herkimer County; New York", "median_age": 45.0, "median_income": 61458.0, "population_density": 36.074936916916457, "county": "Herkimer" }, "geometry": { "type": "Polygon", "coordinates": [ [ [ -74.8801229986355, 43.241400175953864 ], [ -74.866243964844344, 43.235221179876099 ], [ -74.830396881600265, 43.223156190703783 ], [ -74.829687875760783, 43.218559192657558 ], [ -74.82551186775973, 43.218890193429289 ], [ -74.825836871003986, 43.221591192267013 ], [ -74.699597739832072, 43.179634169028631 ], [ -74.69621274402553, 43.179904164520593 ], [ -74.696332738725943, 43.173514168181235 ], [ -74.702287729820483, 43.171292177133488 ], [ -74.702881730580671, 43.173078176910082 ], [ -74.708234723754458, 43.172532184157106 ], [ -74.718011705411328, 43.164734201330809 ], [ -74.71825470125934, 43.160244204236669 ], [ -74.709807707971095, 43.155958195574158 ], [ -74.711517703193621, 43.152788199628262 ], [ -74.70808770483616, 43.149670196850963 ], [ -74.719377689741634, 43.148471212514067 ], [ -74.723358681859352, 43.145128219747505 ], [ -74.727503677011882, 43.145536225027541 ], [ -74.735292664901252, 43.142942236947633 ], [ -74.731662664205317, 43.137022235616577 ], [ -74.732781659014066, 43.132810239623808 ], [ -74.728443657838369, 43.125167238283602 ], [ -74.731484652481598, 43.123603243338053 ], [ -74.738327644221982, 43.1243592521826 ], [ -74.739728638598862, 43.120190256601852 ], [ -74.74349163341418, 43.119934261887749 ], [ -74.747676629825435, 43.121999266327236 ], [ -74.758715641738661, 43.119753266571905 ], [ -74.756951635224624, 43.116485269394225 ], [ -74.759020636869053, 43.113923269869261 ], [ -74.769197656919886, 43.114088264587117 ], [ -74.768412656481459, 43.115253264328679 ], [ -74.770607662680689, 43.117278262085719 ], [ -74.786669693133859, 43.11625825457083 ], [ -74.783201661503654, 43.089999270068368 ], [ -74.76603062959957, 43.091614279050688 ], [ -74.766173627913929, 43.089525280162455 ], [ -74.770193634222892, 43.087916278739264 ], [ -74.769938631670414, 43.08573228011273 ], [ -74.773733636828112, 43.083374279175494 ], [ -74.774198633108327, 43.07847128158992 ], [ -74.770158621898773, 43.074900286051502 ], [ -74.769842612606624, 43.065682291419442 ], [ -74.761937591409321, 43.059419300170816 ], [ -74.763613593283878, 43.057961299903972 ], [ -74.763238587988312, 43.053095302974256 ], [ -74.759218573544473, 43.045980309912665 ], [ -74.759234570417107, 43.042612311891311 ], [ -74.750960550562908, 43.038452320316445 ], [ -74.743804550964413, 43.030740316617631 ], [ -74.740236541597184, 43.014482321173773 ], [ -74.741544529367275, 43.003347329879468 ], [ -74.743714523251938, 42.999409334232503 ], [ -74.760399537671432, 43.005311332980739 ], [ -74.764462548685927, 43.008747327693669 ], [ -74.777205578071332, 43.01399031460948 ], [ -74.783020589898868, 43.014694309648256 ], [ -74.786464594840879, 43.012932307841929 ], [ -74.791567606544518, 43.014945302789847 ], [ -74.814842666739352, 43.03114627742233 ], [ -74.841648723788566, 43.036765255517814 ], [ -74.851732748372811, 43.042068246437793 ], [ -74.846660738892069, 43.042383249935469 ], [ -74.843102728146988, 43.038373253889873 ], [ -74.831406702973723, 43.035651263385972 ], [ -74.835935732208853, 43.056902252092698 ], [ -74.853279764064354, 43.055152241052937 ], [ -74.8801229986355, 43.241400175953864 ] ] ] } },
{ "type": "Feature", "properties": { "GEOID": "36043010300", "tract_name": "Census Tract 103; Herkimer County; New York", "median_age": 41.8, "median_income": 78824.0, "population_density": 2902.8354492757408, "county": "Herkimer" }, "geometry": { "type": "Polygon", "coordinates": [ [ [ -75.072128061873656, 42.99342203858658 ], [ -75.055381063591241, 43.017264071625668 ], [ -75.057307065874994, 43.017723069350197 ], [ -75.054075064053507, 43.019312073498398 ], [ -75.05101006499936, 43.02388107783937 ], [ -75.034844048728772, 43.023129097287843 ], [ -75.030250042534831, 43.021239102627035 ], [ -75.043543042479257, 43.006601084644835 ], [ -75.045067040332171, 43.00240708223042 ], [ -75.051650042884972, 42.99706606974388 ], [ -75.054490044819431, 42.995638064187766 ], [ -75.058242049190937, 42.996230060298757 ], [ -75.063407051596272, 42.991932047538278 ], [ -75.072128061873656, 42.99342203858658 ] ] ] } },
{ "type": "Feature", "properties": { "GEOID": "36043010202", "tract_name": "Census Tract 102.02; Herkimer County; New York", "median_age": 49.4, "median_income": 73125.0, "population_density": 107.2007235030229, "county": "Herkimer" }, "geometry": { "type": "Polygon", "coordinates": [ [ [ -75.219106236636208, 43.052467883546647 ], [ -75.19572822650197, 43.077649918311863 ], [ -75.182334214791112, 43.075301933115085 ], [ -75.177900214599845, 43.082541940175048 ], [ -75.184078219768352, 43.083327933298925 ], [ -75.181701219901797, 43.08769993721242 ], [ -75.185530223154245, 43.088443933042676 ], [ -75.179646221565974, 43.094734941455272 ], [ -75.163975208159499, 43.091227958357699 ], [ -75.163418208943682, 43.093584959587339 ], [ -75.158930205755397, 43.09388296476147 ], [ -75.153467197279667, 43.085743968996326 ], [ -75.140965184586776, 43.080462982094367 ], [ -75.136390181574811, 43.081446987576641 ], [ -75.135840179365232, 43.078467987541273 ], [ -75.128097172523525, 43.077334996217083 ], [ -75.123037164770409, 43.07149100082092 ], [ -75.109471149871496, 43.065830015434486 ], [ -75.107427146081278, 43.062786017223772 ], [ -75.098593137604581, 43.061330027274671 ], [ -75.093639134264819, 43.062500033280919 ], [ -75.092203131606368, 43.060527034606245 ], [ -75.093282129935233, 43.056986032705971 ], [ -75.087939125590978, 43.057322039038965 ], [ -75.085087119434931, 43.052422041547047 ], [ -75.077990111936046, 43.050761049642183 ], [ -75.086019111553071, 43.040879038458044 ], [ -75.076952091928064, 43.026339046886513 ], [ -75.052071064820751, 43.022484076365302 ], [ -75.057307065874994, 43.017723069350197 ], [ -75.055381063591241, 43.017264071625668 ], [ -75.076826062257652, 42.986494021898615 ], [ -75.095087086688892, 42.994267010705535 ], [ -75.216006223663072, 43.022767878083052 ], [ -75.219106236636208, 43.052467883546647 ] ] ] } },
{ "type": "Feature", "properties": { "GEOID": "36043010501", "tract_name": "Census Tract 105.01; Herkimer County; New York", "median_age": 45.9, "median_income": 77574.0, "population_density": 2817.9715251084017, "county": "Herkimer" }, "geometry": { "type": "Polygon", "coordinates": [ [ [ -75.020639021353205, 43.008890112976196 ], [ -75.018005025662106, 43.016101116935907 ], [ -74.992594993252737, 43.015714144621697 ], [ -74.999841000299099, 43.009004138378231 ], [ -75.0024469991302, 43.005118134921624 ], [ -75.001777996955923, 43.003654135618483 ], [ -75.003548998765368, 43.003644133440076 ], [ -75.004640996957889, 43.000740131841447 ], [ -75.006972999290014, 43.000655128959394 ], [ -75.020639021353205, 43.008890112976196 ] ] ] } },
{ "type": "Feature", "properties": { "GEOID": "36055014202", "tract_name": "Census Tract 142.02; Monroe County; New York", "median_age": 50.1, "median_income": 79375.0, "population_density": 1299.2580018398201, "county": "Monroe" }, "geometry": { "type": "Polygon", "coordinates": [ [ [ -77.754246420019371, 43.125460057672932 ], [ -77.753533358032215, 43.179410056554083 ], [ -77.73219236440201, 43.179331019786765 ], [ -77.73230840604748, 43.143868023159598 ], [ -77.719991412175673, 43.144749000473638 ], [ -77.709320414780336, 43.14760798030489 ], [ -77.707535434427939, 43.132898980128822 ], [ -77.71057543613577, 43.130024986095528 ], [ -77.710784441442698, 43.125688987314717 ], [ -77.754246420019371, 43.125460057672932 ] ] ] } },
{ "type": "Feature", "properties": { "GEOID": "36055014204", "tract_name": "Census Tract 142.04; Monroe County; New York", "median_age": 45.2, "median_income": 78942.0, "population_density": 1621.2848420994653, "county": "Monroe" }, "geometry": { "type": "Polygon", "coordinates": [ [ [ -77.732403381762992, 43.164480021518393 ], [ -77.711560392257994, 43.164578981183745 ], [ -77.711246414331711, 43.147087983968476 ], [ -77.73230840604748, 43.143868023159598 ], [ -77.732403381762992, 43.164480021518393 ] ] ] } },
{ "type": "Feature", "properties": { "GEOID": "36055014301", "tract_name": "Census Tract 143.01; Monroe County; New York", "median_age": 37.9, "median_income": 70540.0, "population_density": 3139.8460578283007, "county": "Monroe" }, "geometry": { "type": "Polygon", "coordinates": [ [ [ -77.701541397273743, 43.164644961783516 ], [ -77.701548378312282, 43.179359958229028 ], [ -77.68343938668545, 43.179261921885804 ], [ -77.682827394859459, 43.173442922612907 ], [ -77.678452401520559, 43.170109915147719 ], [ -77.676218410096297, 43.164690912764563 ], [ -77.701541397273743, 43.164644961783516 ] ] ] } },
{ "type": "Feature", "properties": { "GEOID": "36055014302", "tract_name": "Census Tract 143.02; Monroe County; New York", "median_age": 45.3, "median_income": 53362.0, "population_density": 2367.4907539595347, "county": "Monroe" }, "geometry": { "type": "Polygon", "coordinates": [ [ [ -77.711560392257994, 43.164578981183745 ], [ -77.676218410096297, 43.164690912764563 ], [ -77.671499433105666, 43.149951909422114 ], [ -77.700685416898352, 43.14978696379395 ], [ -77.711246414331711, 43.147087983968476 ], [ -77.711560392257994, 43.164578981183745 ] ] ] } },
{ "type": "Feature", "properties": { "GEOID": "36055014400", "tract_name": "Census Tract 144; Monroe County; New York", "median_age": 41.9, "median_income": 86146.0, "population_density": 1370.8985771683351, "county": "Monroe" }, "geometry": { "type": "Polygon", "coordinates": [ [ [ -77.710785437580526, 43.1287669867124 ], [ -77.707535434427939, 43.132898980128822 ], [ -77.709320414780336, 43.14760798030489 ], [ -77.69998741724747, 43.14982096248665 ], [ -77.671499433105666, 43.149951909422114 ], [ -77.669342441842062, 43.144601907566276 ], [ -77.658303468115022, 43.130881893608219 ], [ -77.672918459065215, 43.130743919473183 ], [ -77.677565462879357, 43.125834929456587 ], [ -77.710784441442698, 43.125688987314717 ], [ -77.710785437580526, 43.1287669867124 ] ] ] } },
{ "type": "Feature", "properties": { "GEOID": "36065021103", "tract_name": "Census Tract 211.03; Oneida County; New York", "median_age": 30.2, "median_income": 25208.0, "population_density": 3662.4819524424515, "county": "Oneida" }, "geometry": { "type": "Polygon", "coordinates": [ [ [ -75.277706285634537, 43.088695860972102 ], [ -75.274305285536641, 43.093766862328856 ], [ -75.262844279442618, 43.092215861324611 ], [ -75.25601427532942, 43.089225860011922 ], [ -75.265975278735652, 43.084242858949352 ], [ -75.267475279880131, 43.085785859522993 ], [ -75.265651279275801, 43.0867108597118 ], [ -75.275687283852534, 43.08605786007378 ], [ -75.272457283482652, 43.089949861080463 ], [ -75.277706285634537, 43.088695860972102 ] ] ] } },
{ "type": "Feature", "properties": { "GEOID": "36065021201", "tract_name": "Census Tract 212.01; Oneida County; New York", "median_age": 31.5, "median_income": 36625.0, "population_density": 8905.0701941005173, "county": "Oneida" }, "geometry": { "type": "Polygon", "coordinates": [ [ [ -75.234611260808705, 43.089438877329393 ], [ -75.230060259012618, 43.094927884285902 ], [ -75.223814253771621, 43.093019890774073 ], [ -75.226205254649656, 43.090123887135775 ], [ -75.223243251982339, 43.088798890095731 ], [ -75.226169252981663, 43.084892885515735 ], [ -75.234611260808705, 43.089438877329393 ] ] ] } },
{ "type": "Feature", "properties": { "GEOID": "36065021202", "tract_name": "Census Tract 212.02; Oneida County; New York", "median_age": 26.1, "median_income": 45572.0, "population_density": 15468.034307075806, "county": "Oneida" }, "geometry": { "type": "Polygon", "coordinates": [ [ [ -75.239612262979648, 43.083467869645503 ], [ -75.235081261009938, 43.088895876615823 ], [ -75.229384255902431, 43.086332882295267 ], [ -75.231121256614259, 43.084245879634842 ], [ -75.229709255294893, 43.083499881013502 ], [ -75.232656256552488, 43.079981876492944 ], [ -75.239612262979648, 43.083467869645503 ] ] ] } },
{ "type": "Feature", "properties": { "GEOID": "36065021301", "tract_name": "Census Tract 213.01; Oneida County; New York", "median_age": 69.1, "median_income": 97969.0, "population_density": 869.07472706429496, "county": "Oneida" }, "geometry": { "type": "Polygon", "coordinates": [ [ [ -75.219599243444307, 43.071544888893392 ], [ -75.208580236657809, 43.07747490344213 ], [ -75.202433234544444, 43.084632912627292 ], [ -75.198250230747448, 43.08323191701534 ], [ -75.196177230119986, 43.085646920085217 ], [ -75.200164233895308, 43.08742991603971 ], [ -75.197381233148818, 43.090848920203868 ], [ -75.181701219901797, 43.08769993721242 ], [ -75.184078219768352, 43.083327933298925 ], [ -75.177900214599845, 43.082541940175048 ], [ -75.182334214791112, 43.075301933115085 ], [ -75.19572822650197, 43.077649918311863 ], [ -75.207002230953009, 43.065572901718554 ], [ -75.213355237423244, 43.068899895326901 ], [ -75.211367235907986, 43.069233897737867 ], [ -75.214646238912451, 43.070120894199938 ], [ -75.216244239726549, 43.068686891904491 ], [ -75.219599243444307, 43.071544888893392 ] ] ] } },
{ "type": "Feature", "properties": { "GEOID": "36065021303", "tract_name": "Census Tract 213.03; Oneida County; New York", "median_age": 37.6, "median_income": 67206.0, "population_density": 4511.1240322638996, "county": "Oneida" }, "geometry": { "type": "Polygon", "coordinates": [ [ [ -75.232554256506774, 43.080099876648539 ], [ -75.229384255902431, 43.086332882295267 ], [ -75.226169252981663, 43.084892885515735 ], [ -75.223243251982339, 43.088798890095731 ], [ -75.20574623559358, 43.080627907644555 ], [ -75.208580236657809, 43.07747490344213 ], [ -75.220426243834879, 43.0706918876689 ], [ -75.232554256506774, 43.080099876648539 ] ] ] } },
{ "type": "Feature", "properties": { "GEOID": "36029002900", "tract_name": "Census Tract 29; Erie County; New York", "median_age": 28.5, "median_income": 39418.0, "population_density": 7696.9884334665066, "county": "Erie" }, "geometry": { "type": "Polygon", "coordinates": [ [ [ -78.828934760203154, 42.906551348184003 ], [ -78.820952746076259, 42.909729346228289 ], [ -78.811511734015028, 42.90977534450677 ], [ -78.811541739687101, 42.905159345084158 ], [ -78.828904763955279, 42.903522348659543 ], [ -78.828934760203154, 42.906551348184003 ] ] ] } },
{ "type": "Feature", "properties": { "GEOID": "36029003000", "tract_name": "Census Tract 30; Erie County; New York", "median_age": 30.5, "median_income": 32500.0, "population_density": 5436.0711483033347, "county": "Erie" }, "geometry": { "type": "Polygon", "coordinates": [ [ [ -78.813970752869778, 42.896934346607274 ], [ -78.813866747650437, 42.901086346051819 ], [ -78.811609744374707, 42.90139034556465 ], [ -78.811511734015028, 42.90977534450677 ], [ -78.799059718221784, 42.909742342248144 ], [ -78.799269731644529, 42.898767343374963 ], [ -78.813970752869778, 42.896934346607274 ] ] ] } },
{ "type": "Feature", "properties": { "GEOID": "36029003100", "tract_name": "Census Tract 31; Erie County; New York", "median_age": 41.6, "median_income": 29451.0, "population_density": 3916.546759950767, "county": "Erie" }, "geometry": { "type": "Polygon", "coordinates": [ [ [ -78.870576825655831, 42.897297358265007 ], [ -78.868480814473216, 42.90370635630282 ], [ -78.844625783869944, 42.903717351676008 ], [ -78.8446197884806, 42.900107352362546 ], [ -78.853953805613898, 42.896168355064141 ], [ -78.870576825655831, 42.897297358265007 ] ] ] } },
{ "type": "Feature", "properties": { "GEOID": "36029003301", "tract_name": "Census Tract 33.01; Erie County; New York", "median_age": 38.4, "median_income": 47366.0, "population_density": 14427.839760668317, "county": "Erie" }, "geometry": { "type": "Polygon", "coordinates": [ [ [ -78.854004773080206, 42.921322349807696 ], [ -78.843486759141982, 42.921933348026634 ], [ -78.843474768397527, 42.914675349390656 ], [ -78.853985781307898, 42.914955351137664 ], [ -78.854004773080206, 42.921322349807696 ] ] ] } },
{ "type": "Feature", "properties": { "GEOID": "36029003302", "tract_name": "Census Tract 33.02; Erie County; New York", "median_age": 39.4, "median_income": 36914.0, "population_density": 8277.9997567153641, "county": "Erie" }, "geometry": { "type": "Polygon", "coordinates": [ [ [ -78.853974795703721, 42.903836353463362 ], [ -78.853985781307898, 42.914955351137664 ], [ -78.843474768397527, 42.914675349390656 ], [ -78.843618776547416, 42.90843835059097 ], [ -78.84595178554973, 42.903733351929958 ], [ -78.853974795703721, 42.903836353463362 ] ] ] } },
{ "type": "Feature", "properties": { "GEOID": "36029003400", "tract_name": "Census Tract 34; Erie County; New York", "median_age": 37.9, "median_income": 28763.0, "population_density": 4882.6242060090626, "county": "Erie" }, "geometry": { "type": "Polygon", "coordinates": [ [ [ -78.843474768397527, 42.914675349390656 ], [ -78.843486759141982, 42.921933348026634 ], [ -78.82441073450822, 42.922569344933159 ], [ -78.82441274457851, 42.914472346146532 ], [ -78.829420750854311, 42.914512347002471 ], [ -78.829349753836212, 42.91205934738214 ], [ -78.839068765809245, 42.912331349054114 ], [ -78.83909376293758, 42.914618348648304 ], [ -78.843474768397527, 42.914675349390656 ] ] ] } },
{ "type": "Feature", "properties": { "GEOID": "36029003600", "tract_name": "Census Tract 36; Erie County; New York", "median_age": 42.0, "median_income": 34637.0, "population_density": 5873.1383863755964, "county": "Erie" }, "geometry": { "type": "Polygon", "coordinates": [ [ [ -78.824248751893393, 42.908421347022831 ], [ -78.82441073450822, 42.922569344933159 ], [ -78.812585719619349, 42.92266934307716 ], [ -78.814751738162926, 42.909752345098312 ], [ -78.824248751893393, 42.908421347022831 ] ] ] } },
{ "type": "Feature", "properties": { "GEOID": "36029003901", "tract_name": "Census Tract 39.01; Erie County; New York", "median_age": 38.6, "median_income": null, "population_density": 6070.9012838765957, "county": "Erie" }, "geometry": { "type": "Polygon", "coordinates": [ [ [ -78.834274737964179, 42.929597345278417 ], [ -78.831150732514018, 42.930862344628942 ], [ -78.831369730392041, 42.93276734434734 ], [ -78.828271726643308, 42.932716343936036 ], [ -78.828121717201242, 42.940122342750875 ], [ -78.826404715131886, 42.940105342546502 ], [ -78.820681720521392, 42.930113343278308 ], [ -78.834274737964179, 42.929597345278417 ] ] ] } },
{ "type": "Feature", "properties": { "GEOID": "36043010201", "tract_name": "Census Tract 102.01; Herkimer County; New York", "median_age": 40.0, "median_income": 54842.0, "population_density": 1698.4256556024193, "county": "Herkimer" }, "geometry": { "type": "Polygon", "coordinates": [ [ [ -75.08583311145911, 43.040979038696783 ], [ -75.079226111735622, 43.049099047907902 ], [ -75.075175105428997, 43.045642052140956 ], [ -75.069977100363374, 43.045132058226677 ], [ -75.070026097354443, 43.041333057576466 ], [ -75.061832091760522, 43.043571067661468 ], [ -75.049637066904992, 43.027603080000269 ], [ -75.05192806656828, 43.024676076838873 ], [ -75.05101006499936, 43.02388107783937 ], [ -75.052071064820751, 43.022484076365302 ], [ -75.076060090691399, 43.025850047883054 ], [ -75.078741095005768, 43.028100045019215 ], [ -75.08583311145911, 43.040979038696783 ] ] ] } },
{ "type": "Feature", "properties": { "GEOID": "36055014501", "tract_name": "Census Tract 145.01; Monroe County; New York", "median_age": 46.2, "median_income": 87847.0, "population_density": 1997.4110807237655, "county": "Monroe" }, "geometry": { "type": "Polygon", "coordinates": [ [ [ -77.788937462033829, 43.117989076138421 ], [ -77.785492458792547, 43.117928074325988 ], [ -77.785051447654723, 43.125762072993169 ], [ -77.788561449892825, 43.126444074634072 ], [ -77.745631419055769, 43.125413047958851 ], [ -77.745050439447937, 43.107690047387678 ], [ -77.748649438859999, 43.105904053338286 ], [ -77.750843437374868, 43.107153056037639 ], [ -77.783212470525655, 43.107636074488958 ], [ -77.787690470610471, 43.110936076543716 ], [ -77.777504455720745, 43.114391070490953 ], [ -77.780815455969758, 43.11666107200881 ], [ -77.788974463610771, 43.116885076330277 ], [ -77.788937462033829, 43.117989076138421 ] ] ] } },
{ "type": "Feature", "properties": { "GEOID": "36055014503", "tract_name": "Census Tract 145.03; Monroe County; New York", "median_age": 45.2, "median_income": 90625.0, "population_density": 2294.9244317734456, "county": "Monroe" }, "geometry": { "type": "Polygon", "coordinates": [ [ [ -77.745050439447937, 43.107690047387678 ], [ -77.745631419055769, 43.125413047958851 ], [ -77.702963446345791, 43.125837973670123 ], [ -77.745050439447937, 43.107690047387678 ] ] ] } },
{ "type": "Feature", "properties": { "GEOID": "36055014504", "tract_name": "Census Tract 145.04; Monroe County; New York", "median_age": 46.9, "median_income": 104017.0, "population_density": 2111.4302383663703, "county": "Monroe" }, "geometry": { "type": "Polygon", "coordinates": [ [ [ -77.745050439447937, 43.107690047387678 ], [ -77.702963446345791, 43.125837973670123 ], [ -77.677565462879357, 43.125834929456587 ], [ -77.683033468590665, 43.118998941266547 ], [ -77.683191472475784, 43.116053942520843 ], [ -77.69092747939159, 43.106840958333045 ], [ -77.728301453391225, 43.106068019927143 ], [ -77.745050439447937, 43.107690047387678 ] ] ] } },
{ "type": "Feature", "properties": { "GEOID": "36065021402", "tract_name": "Census Tract 214.02; Oneida County; New York", "median_age": 40.8, "median_income": 62500.0, "population_density": 6346.0356328123225, "county": "Oneida" }, "geometry": { "type": "Polygon", "coordinates": [ [ [ -75.268142287922856, 43.112698867977088 ], [ -75.266603287704072, 43.11488986864719 ], [ -75.249860277372434, 43.110335867083037 ], [ -75.250886277498552, 43.108477866308434 ], [ -75.255826280498852, 43.109904866883078 ], [ -75.256997280741203, 43.108400866406441 ], [ -75.254945279465943, 43.107685866125777 ], [ -75.255882279673784, 43.106544865766367 ], [ -75.258014280443533, 43.105170865363853 ], [ -75.259789281571045, 43.105908865650072 ], [ -75.263616282256109, 43.101066864193605 ], [ -75.267062284492098, 43.102699864818312 ], [ -75.26137228343309, 43.109727866924977 ], [ -75.268142287922856, 43.112698867977088 ] ] ] } },
{ "type": "Feature", "properties": { "GEOID": "36065021500", "tract_name": "Census Tract 215; Oneida County; New York", "median_age": 31.3, "median_income": 30563.0, "population_density": 10652.604169476033, "county": "Oneida" }, "geometry": { "type": "Polygon", "coordinates": [ [ [ -75.24378026653234, 43.084683865273547 ], [ -75.234132262397836, 43.096201880079114 ], [ -75.230060259012618, 43.094927884285902 ], [ -75.240179263229251, 43.082759868760121 ], [ -75.24378026653234, 43.084683865273547 ] ] ] } },
{ "type": "Feature", "properties": { "GEOID": "36065021601", "tract_name": "Census Tract 216.01; Oneida County; New York", "median_age": 41.1, "median_income": 74587.0, "population_density": 3105.3574350716085, "county": "Oneida" }, "geometry": { "type": "Polygon", "coordinates": [ [ [ -75.212272252976007, 43.114925910538254 ], [ -75.204526251208932, 43.124063921866686 ], [ -75.160906218053896, 43.114767967736938 ], [ -75.170016219529913, 43.105157955091208 ], [ -75.182907230435276, 43.109088941668269 ], [ -75.204134246217833, 43.111690918653153 ], [ -75.212272252976007, 43.114925910538254 ] ] ] } },
{ "type": "Feature", "properties": { "GEOID": "36065021602", "tract_name": "Census Tract 216.02; Oneida County; New York", "median_age": 43.6, "median_income": 76752.0, "population_density": 2710.2920170170146, "county": "Oneida" }, "geometry": { "type": "Polygon", "coordinates": [ [ [ -75.233685269885498, 43.123149889352796 ], [ -75.226973268395724, 43.132436899731722 ], [ -75.204526251208932, 43.124063921866686 ], [ -75.212388253023633, 43.114838910382602 ], [ -75.233685269885498, 43.123149889352796 ] ] ] } },
{ "type": "Feature", "properties": { "GEOID": "36065026300", "tract_name": "Census Tract 263; Oneida County; New York", "median_age": 39.6, "median_income": 24297.0, "population_density": 5664.8657305652405, "county": "Oneida" }, "geometry": { "type": "Polygon", "coordinates": [ [ [ -75.467605478704456, 43.21310686945862 ], [ -75.45584847951217, 43.226279871319214 ], [ -75.453987474152612, 43.221435871587829 ], [ -75.447586467062465, 43.219143872586912 ], [ -75.45482746545396, 43.209435871342009 ], [ -75.461828470726104, 43.209006870334754 ], [ -75.467605478704456, 43.21310686945862 ] ] ] } },
{ "type": "Feature", "properties": { "GEOID": "36001014503", "tract_name": "Census Tract 145.03; Albany County; New York", "median_age": 38.2, "median_income": 102885.0, "population_density": 1325.702393391676, "county": "Albany" }, "geometry": { "type": "Polygon", "coordinates": [ [ [ -73.950318127796066, 42.641776935634425 ], [ -73.950331137028812, 42.662672925985405 ], [ -73.939218127974016, 42.659682931496484 ], [ -73.939338129148126, 42.662304930159706 ], [ -73.927374121205403, 42.663482933897193 ], [ -73.9265841192083, 42.659754936155011 ], [ -73.916271111693604, 42.658830940502789 ], [ -73.918614111974179, 42.655172941644807 ], [ -73.92260511379159, 42.652736941426525 ], [ -73.92230411229923, 42.649315943396331 ], [ -73.916773108043373, 42.647832946441987 ], [ -73.9192281068471, 42.640148949673524 ], [ -73.92186810828828, 42.639411948945089 ], [ -73.924670109978834, 42.639076947920735 ], [ -73.927625113897179, 42.64422894393784 ], [ -73.932081116257422, 42.642771942833313 ], [ -73.935878119079618, 42.643576940834215 ], [ -73.937611119503075, 42.641833940978032 ], [ -73.950318127796066, 42.641776935634425 ] ] ] } },
{ "type": "Feature", "properties": { "GEOID": "36001014606", "tract_name": "Census Tract 146.06; Albany County; New York", "median_age": 41.8, "median_income": 129338.0, "population_density": 568.00044942794966, "county": "Albany" }, "geometry": { "type": "Polygon", "coordinates": [ [ [ -74.038374155763805, 42.747373880719998 ], [ -73.94268316275442, 42.759646886833409 ], [ -73.943878165844893, 42.756319886602299 ], [ -73.942061167575133, 42.748782887220628 ], [ -73.942610164867219, 42.741218890813066 ], [ -73.937499154119479, 42.726100899055474 ], [ -73.931941145772527, 42.717017904737652 ], [ -73.932338145113619, 42.714545905922471 ], [ -73.987832201962135, 42.735664886476322 ], [ -74.014772190608056, 42.739676883121405 ], [ -74.038374155763805, 42.747373880719998 ] ] ] } },
{ "type": "Feature", "properties": { "GEOID": "36043010400", "tract_name": "Census Tract 104; Herkimer County; New York", "median_age": 46.3, "median_income": 49343.0, "population_density": 860.79711325118774, "county": "Herkimer" }, "geometry": { "type": "Polygon", "coordinates": [ [ [ -75.063373051621241, 42.992019047708773 ], [ -75.059689050241758, 42.995573057537051 ], [ -75.054286044647881, 42.995697064527633 ], [ -75.046787040644887, 43.000740079893696 ], [ -75.043543042479257, 43.006601084644835 ], [ -75.030250042534831, 43.021239102627035 ], [ -75.018005025662106, 43.016101116935907 ], [ -75.020670021282925, 43.008784112927152 ], [ -75.01847801727537, 43.006929115420597 ], [ -75.02433201827418, 43.001696107674732 ], [ -75.02211801344194, 42.998878108883851 ], [ -75.023966008850167, 42.990927097011884 ], [ -75.022965005296086, 42.987904094681952 ], [ -75.047436031940549, 42.988358063218172 ], [ -75.063373051621241, 42.992019047708773 ] ] ] } },
{ "type": "Feature", "properties": { "GEOID": "36029012001", "tract_name": "Census Tract 120.01; Erie County; New York", "median_age": 43.4, "median_income": 77500.0, "population_density": 1865.3994933966255, "county": "Erie" }, "geometry": { "type": "Polygon", "coordinates": [ [ [ -78.800508818115588, 42.828094350814176 ], [ -78.800791802360024, 42.841542349536937 ], [ -78.80019680426328, 42.839266349577137 ], [ -78.776950781528896, 42.830865342510407 ], [ -78.774145785982896, 42.823574341909669 ], [ -78.769544785116778, 42.818609340470765 ], [ -78.777770796859528, 42.818652343472465 ], [ -78.77502979543911, 42.816481342581099 ], [ -78.77175979846669, 42.809760341667335 ], [ -78.773393801430799, 42.809243342317522 ], [ -78.772717802678599, 42.807308342146406 ], [ -78.775369810324946, 42.804029343342719 ], [ -78.793431836359659, 42.804304350445051 ], [ -78.799510820216369, 42.825163350760931 ], [ -78.79415381271447, 42.825066348883887 ], [ -78.794086808994834, 42.828113348589831 ], [ -78.800508818115588, 42.828094350814176 ] ] ] } },
{ "type": "Feature", "properties": { "GEOID": "36029012002", "tract_name": "Census Tract 120.02; Erie County; New York", "median_age": 47.6, "median_income": 104563.0, "population_density": 2303.2235352216935, "county": "Erie" }, "geometry": { "type": "Polygon", "coordinates": [ [ [ -78.777770796859528, 42.818652343472465 ], [ -78.769544785116778, 42.818609340470765 ], [ -78.774145785982896, 42.823574341909669 ], [ -78.776275782054483, 42.829588342348103 ], [ -78.7535847491623, 42.830309334557811 ], [ -78.751851767896483, 42.811301334036585 ], [ -78.7623787832798, 42.811164338039305 ], [ -78.769302801488479, 42.804013340949609 ], [ -78.775369810324946, 42.804029343342719 ], [ -78.772717802678599, 42.807308342146406 ], [ -78.773393801430799, 42.809243342317522 ], [ -78.77175979846669, 42.809760341667335 ], [ -78.77502979543911, 42.816481342581099 ], [ -78.777770796859528, 42.818652343472465 ] ] ] } },
{ "type": "Feature", "properties": { "GEOID": "36029012003", "tract_name": "Census Tract 120.03; Erie County; New York", "median_age": 44.9, "median_income": 106131.0, "population_density": 3404.8880966618394, "county": "Erie" }, "geometry": { "type": "Polygon", "coordinates": [ [ [ -78.769302801488479, 42.804013340949609 ], [ -78.7623787832798, 42.811164338039305 ], [ -78.751851767896483, 42.811301334036585 ], [ -78.752773759123372, 42.8203573343363 ], [ -78.732083775135564, 42.820293327735698 ], [ -78.721916796465536, 42.811263325686404 ], [ -78.738388778143332, 42.811281330170623 ], [ -78.738411786363329, 42.803860330559118 ], [ -78.769302801488479, 42.804013340949609 ] ] ] } },
{ "type": "Feature", "properties": { "GEOID": "36029012300", "tract_name": "Census Tract 123; Erie County; New York", "median_age": 36.5, "median_income": 38132.0, "population_density": 7250.3849158586927, "county": "Erie" }, "geometry": { "type": "Polygon", "coordinates": [ [ [ -78.838164873416034, 42.826554364120256 ], [ -78.823999852908059, 42.826877359125724 ], [ -78.824010865652468, 42.816634360655833 ], [ -78.833089878482056, 42.816807363978604 ], [ -78.833589882468146, 42.814213364599567 ], [ -78.837713890190116, 42.812810366389897 ], [ -78.838164873416034, 42.826554364120256 ] ] ] } },
{ "type": "Feature", "properties": { "GEOID": "36029012400", "tract_name": "Census Tract 124; Erie County; New York", "median_age": 36.5, "median_income": 34464.0, "population_density": 4722.0952914024874, "county": "Erie" }, "geometry": { "type": "Polygon", "coordinates": [ [ [ -78.840076903433854, 42.805076368683032 ], [ -78.837297896138807, 42.807638367142147 ], [ -78.837713890190116, 42.812810366389897 ], [ -78.833589882468146, 42.814213364599567 ], [ -78.833089878482056, 42.816807363978604 ], [ -78.824010865652468, 42.816634360655833 ], [ -78.823947880109984, 42.804926362375653 ], [ -78.840076903433854, 42.805076368683032 ] ] ] } },
{ "type": "Feature", "properties": { "GEOID": "36029012502", "tract_name": "Census Tract 125.02; Erie County; New York", "median_age": 43.0, "median_income": 58306.0, "population_density": 4659.4432816364424, "county": "Erie" }, "geometry": { "type": "Polygon", "coordinates": [ [ [ -78.810363846248833, 42.816463355638511 ], [ -78.797451826253422, 42.81766435075258 ], [ -78.793431836359659, 42.804304350445051 ], [ -78.80381985126607, 42.804511354515462 ], [ -78.810363846248833, 42.816463355638511 ] ] ] } },
{ "type": "Feature", "properties": { "GEOID": "36001014608", "tract_name": "Census Tract 146.08; Albany County; New York", "median_age": 24.1, "median_income": 77244.0, "population_density": 2732.2463868414752, "county": "Albany" }, "geometry": { "type": "Polygon", "coordinates": [ [ [ -73.887917103563794, 42.697764926221097 ], [ -73.883400101449553, 42.702757924153879 ], [ -73.82127104923083, 42.683275955779855 ], [ -73.82652905229358, 42.677538958849702 ], [ -73.887917103563794, 42.697764926221097 ] ] ] } },
{ "type": "Feature", "properties": { "GEOID": "36001014609", "tract_name": "Census Tract 146.09; Albany County; New York", "median_age": 36.2, "median_income": 84555.0, "population_density": 1848.074852380018, "county": "Albany" }, "geometry": { "type": "Polygon", "coordinates": [ [ [ -73.896711100656574, 42.666837942903229 ], [ -73.891605097992098, 42.670029942690128 ], [ -73.880453089903426, 42.66981894664648 ], [ -73.874572087138077, 42.675337944924706 ], [ -73.872224087515946, 42.683397940179646 ], [ -73.859616079135421, 42.688110940621719 ], [ -73.82652905229358, 42.677538958849702 ], [ -73.828847053757542, 42.676000959347995 ], [ -73.827866052132251, 42.670245964330874 ], [ -73.896711100656574, 42.666837942903229 ] ] ] } },
{ "type": "Feature", "properties": { "GEOID": "36001014612", "tract_name": "Census Tract 146.12; Albany County; New York", "median_age": 44.2, "median_income": 104350.0, "population_density": 1377.6076795394376, "county": "Albany" }, "geometry": { "type": "MultiPolygon", "coordinates": [ [ [ [ -74.022486159276156, 42.703836893535446 ], [ -74.022308159825016, 42.704348893394993 ], [ -74.022048160043937, 42.703979893517527 ], [ -74.022486159276156, 42.703836893535446 ] ] ], [ [ [ -74.049920119732832, 42.711917889921601 ], [ -74.03731514130375, 42.714857889683209 ], [ -74.037509141853732, 42.716584889199609 ], [ -74.031982150720907, 42.716606889413384 ], [ -74.029971151824029, 42.712450890674923 ], [ -74.036854140377926, 42.711525890622482 ], [ -74.030022151636089, 42.712241890732052 ], [ -74.029907150398685, 42.709455891529494 ], [ -74.024977156721263, 42.706515892620899 ], [ -74.024352158861745, 42.708730892008724 ], [ -74.026708155048595, 42.708600891930381 ], [ -74.025479157469306, 42.709503891729419 ], [ -74.027069155749956, 42.711079891199226 ], [ -74.029307151709546, 42.710152891359762 ], [ -74.026402157969713, 42.713323890582636 ], [ -74.023548162479869, 42.713230890734451 ], [ -74.021538163738441, 42.709499891920693 ], [ -74.022761161015268, 42.708008892298395 ], [ -74.021536162841926, 42.70777989242707 ], [ -74.023324160121206, 42.708009892269942 ], [ -74.023024159907379, 42.706683892672899 ], [ -74.025564155374411, 42.705711892823302 ], [ -74.020964159946118, 42.700518894598034 ], [ -74.024271153877208, 42.698874894881691 ], [ -74.023871152896859, 42.695774895809912 ], [ -74.031671139833776, 42.694161895761439 ], [ -74.034865136188373, 42.696870894794635 ], [ -74.040470127132977, 42.696370894575836 ], [ -74.042171125394233, 42.698271893954356 ], [ -74.039464130566856, 42.700114893618014 ], [ -74.03987713048879, 42.701273893277644 ], [ -74.043578126647674, 42.705367891965274 ], [ -74.04597912236099, 42.704374892101015 ], [ -74.043731126939562, 42.706461891664041 ], [ -74.049920119732832, 42.711917889921601 ] ] ] ] } },
{ "type": "Feature", "properties": { "GEOID": "36001014801", "tract_name": "Census Tract 148.01; Albany County; New York", "median_age": 45.0, "median_income": 75595.0, "population_density": 41.660180940186322, "county": "Albany" }, "geometry": { "type": "Polygon", "coordinates": [ [ [ -74.241018785996445, 42.551818886524053 ], [ -74.236958793010473, 42.560118887169054 ], [ -74.237620792670015, 42.563122886908289 ], [ -74.233994800019644, 42.575686887196674 ], [ -74.220273821060758, 42.585410889485104 ], [ -74.219638823226902, 42.591384889260794 ], [ -74.215165830857316, 42.597433889720456 ], [ -74.193494867047875, 42.618997891728007 ], [ -74.192023871456371, 42.62784789114972 ], [ -74.020709135080935, 42.652331908844289 ], [ -74.001036116505219, 42.565625938771795 ], [ -74.234418792205517, 42.537838888652132 ], [ -74.241018785996445, 42.551818886524053 ] ] ] } },
{ "type": "Feature", "properties": { "GEOID": "36001014802", "tract_name": "Census Tract 148.02; Albany County; New York", "median_age": 53.5, "median_income": 95673.0, "population_density": 29.074105739451067, "county": "Albany" }, "geometry": { "type": "Polygon", "coordinates": [ [ [ -74.264862814954469, 42.419861979062439 ], [ -74.252423801940822, 42.445357949875032 ], [ -74.244456791977726, 42.470263922508053 ], [ -74.241628794079574, 42.472034921366422 ], [ -74.236446791600514, 42.485457907029669 ], [ -74.228500795841597, 42.494379898763185 ], [ -74.226446795514548, 42.499231893500514 ], [ -74.224984798666512, 42.508548892559766 ], [ -74.225638801484806, 42.526401891456906 ], [ -74.229064797535344, 42.529028890420584 ], [ -74.234418792205517, 42.537838888652132 ], [ -74.119249949586404, 42.551214915375603 ], [ -74.090670972335218, 42.426833036766887 ], [ -74.263468823706489, 42.407125993997333 ], [ -74.264862814954469, 42.419861979062439 ] ] ] } },
{ "type": "Feature", "properties": { "GEOID": "36029005700", "tract_name": "Census Tract 57; Erie County; New York", "median_age": 28.7, "median_income": 39474.0, "population_density": 8887.6286164853736, "county": "Erie" }, "geometry": { "type": "Polygon", "coordinates": [ [ [ -78.907597806274012, 42.945652350577078 ], [ -78.895517773986768, 42.95857234547011 ], [ -78.893374772919017, 42.957495345602254 ], [ -78.895853793260827, 42.944798349542872 ], [ -78.900318801218305, 42.942942350600795 ], [ -78.901789799060694, 42.945796349897599 ], [ -78.906947808274822, 42.943648351139203 ], [ -78.907597806274012, 42.945652350577078 ] ] ] } },
{ "type": "Feature", "properties": { "GEOID": "36029005900", "tract_name": "Census Tract 59; Erie County; New York", "median_age": 29.3, "median_income": 35410.0, "population_density": 7195.4469117323388, "county": "Erie" }, "geometry": { "type": "Polygon", "coordinates": [ [ [ -78.914008818470265, 42.942477352326947 ], [ -78.901789799060694, 42.945796349897599 ], [ -78.900318801218305, 42.942942350600795 ], [ -78.895853793260827, 42.944798349542872 ], [ -78.898990809081681, 42.936057352513515 ], [ -78.896733806892186, 42.935638352346743 ], [ -78.897583818317415, 42.928078354703217 ], [ -78.899578820677604, 42.928159354967697 ], [ -78.909299818452268, 42.938392353091757 ], [ -78.912359823079029, 42.937755353679513 ], [ -78.914008818470265, 42.942477352326947 ] ] ] } },
{ "type": "Feature", "properties": { "GEOID": "36055014505", "tract_name": "Census Tract 145.05; Monroe County; New York", "median_age": 43.1, "median_income": 67404.0, "population_density": 2124.1336212737565, "county": "Monroe" }, "geometry": { "type": "Polygon", "coordinates": [ [ [ -77.818489507281498, 43.107612094606282 ], [ -77.818198475057926, 43.127442089024882 ], [ -77.785051447654723, 43.125762072993169 ], [ -77.785492458792547, 43.117928074325988 ], [ -77.788937462033829, 43.117989076138421 ], [ -77.788974463610771, 43.116885076330277 ], [ -77.780815455969758, 43.11666107200881 ], [ -77.777504455720745, 43.114391070490953 ], [ -77.801372488600421, 43.10819208472725 ], [ -77.818489507281498, 43.107612094606282 ] ] ] } },
{ "type": "Feature", "properties": { "GEOID": "36055014700", "tract_name": "Census Tract 147; Monroe County; New York", "median_age": 39.7, "median_income": 76311.0, "population_density": 159.1205621707139, "county": "Monroe" }, "geometry": { "type": "Polygon", "coordinates": [ [ [ -77.909832866003256, 42.98776019163018 ], [ -77.909414841191889, 43.002518213537954 ], [ -77.907540837034034, 43.002857211466925 ], [ -77.905663787237444, 43.023489196748493 ], [ -77.904561785410266, 43.023490195748302 ], [ -77.904121754326624, 43.037054186977926 ], [ -77.796793586360323, 43.037654095344458 ], [ -77.729327535965922, 43.035861028875161 ], [ -77.730634537099888, 43.033818030759946 ], [ -77.729352539364896, 43.032976029205543 ], [ -77.724022542561187, 43.034703022179158 ], [ -77.721873545779673, 43.033794019546093 ], [ -77.724485549901829, 43.028230023600536 ], [ -77.72867954876304, 43.025633029130184 ], [ -77.729908550653093, 43.022982030919962 ], [ -77.723086564943515, 43.01696002336638 ], [ -77.72128857300406, 43.011883021945486 ], [ -77.723232575010215, 43.008507024673349 ], [ -77.729175571879452, 43.005738031818332 ], [ -77.732876572916709, 43.001417036407155 ], [ -77.731545583055976, 42.997957031692863 ], [ -77.727771596208854, 42.995372023309429 ], [ -77.73095761660484, 42.988370015295068 ], [ -77.909832866003256, 42.98776019163018 ] ] ] } },
{ "type": "Feature", "properties": { "GEOID": "36065023502", "tract_name": "Census Tract 235.02; Oneida County; New York", "median_age": 47.2, "median_income": 112857.0, "population_density": 496.25271574350757, "county": "Oneida" }, "geometry": { "type": "Polygon", "coordinates": [ [ [ -75.377180341072119, 43.101802867957147 ], [ -75.372842342405193, 43.108120868722068 ], [ -75.368824340499103, 43.108544868701685 ], [ -75.369287343936833, 43.114283869561419 ], [ -75.365168342926097, 43.116580869872841 ], [ -75.364771345102682, 43.12098787055546 ], [ -75.360411342638031, 43.12100287055852 ], [ -75.359829344442247, 43.125023871216321 ], [ -75.351966340708884, 43.126612871549284 ], [ -75.345796339547491, 43.131536872524421 ], [ -75.345306342396526, 43.137917873727368 ], [ -75.339826340067617, 43.140064874300101 ], [ -75.339618341046872, 43.142386874762721 ], [ -75.333765337937848, 43.143563875209715 ], [ -75.332406338485882, 43.146621875896415 ], [ -75.334320340675418, 43.148724876247584 ], [ -75.332632340412573, 43.150510876695122 ], [ -75.323878333529848, 43.147681876488583 ], [ -75.32334333475977, 43.151303877319307 ], [ -75.320650333922615, 43.153429877935729 ], [ -75.32791634122745, 43.159164878787017 ], [ -75.323899339446285, 43.161242879498396 ], [ -75.326332341846665, 43.162963879714013 ], [ -75.323299339986448, 43.163420880023445 ], [ -75.32331734049923, 43.164574880279488 ], [ -75.320689338442349, 43.16396088032667 ], [ -75.313778331205299, 43.157769879334332 ], [ -75.311038327256426, 43.15246687821039 ], [ -75.314086327965327, 43.149351877312583 ], [ -75.310112324245154, 43.146424876781033 ], [ -75.3070703219839, 43.145578876696355 ], [ -75.303337320357514, 43.147508877339234 ], [ -75.298601316443083, 43.14507787690448 ], [ -75.303083317306275, 43.139904875404575 ], [ -75.314743323538508, 43.137552874486921 ], [ -75.307514316698757, 43.131370873145478 ], [ -75.310610316931275, 43.127348872112869 ], [ -75.341068334637228, 43.12717787176021 ], [ -75.337122331400167, 43.125191871402293 ], [ -75.31603031897869, 43.124650871422489 ], [ -75.305744311657634, 43.121065870583436 ], [ -75.315120314481604, 43.11500886914969 ], [ -75.310723309791484, 43.109346867729158 ], [ -75.31529131119693, 43.106815867217655 ], [ -75.319060311289775, 43.102311866268614 ], [ -75.319358309742171, 43.098290865355203 ], [ -75.370587332908372, 43.093291866509155 ], [ -75.377180341072119, 43.101802867957147 ] ] ] } },
{ "type": "Feature", "properties": { "GEOID": "36065024400", "tract_name": "Census Tract 244; Oneida County; New York", "median_age": 40.3, "median_income": 65846.0, "population_density": 33.944219429845482, "county": "Oneida" }, "geometry": { "type": "Polygon", "coordinates": [ [ [ -75.850555608809387, 43.403727814199868 ], [ -75.814627604616675, 43.48357684820764 ], [ -75.596470562950515, 43.434773748684847 ], [ -75.562363562017282, 43.4258127330924 ], [ -75.557182561359696, 43.422123732623803 ], [ -75.556269560220997, 43.417562735411401 ], [ -75.552747559529976, 43.413807736177574 ], [ -75.553135558815001, 43.411158738361166 ], [ -75.550851558587723, 43.409451738386394 ], [ -75.552983557921678, 43.407632740896553 ], [ -75.550591557831879, 43.406364740566879 ], [ -75.551674556766073, 43.402600743957663 ], [ -75.554555556473559, 43.402649745410585 ], [ -75.552400556293975, 43.401057745482511 ], [ -75.553958555588054, 43.398987747808007 ], [ -75.551819555473116, 43.397590747776732 ], [ -75.552072554596947, 43.39427575037665 ], [ -75.555972553323201, 43.391236754487132 ], [ -75.556932552441864, 43.388369757025899 ], [ -75.553176551476113, 43.382681759514313 ], [ -75.557143548658772, 43.374205767413464 ], [ -75.561666547852639, 43.373901769464325 ], [ -75.564737546264823, 43.369983773436935 ], [ -75.563520546020555, 43.368365774098315 ], [ -75.567666544119149, 43.364181778553522 ], [ -75.56658754331302, 43.360651780592164 ], [ -75.57234354180342, 43.359149783624659 ], [ -75.576555537930233, 43.348950791721137 ], [ -75.583155511218777, 43.268371844090908 ], [ -75.607964501416475, 43.266009845135464 ], [ -75.611804500868857, 43.268326843880743 ], [ -75.616962497635427, 43.264701845623328 ], [ -75.624497496392124, 43.268587843654309 ], [ -75.635298492579309, 43.268777843495549 ], [ -75.636700492658491, 43.270180842903613 ], [ -75.637510491709236, 43.268600843553997 ], [ -75.639557491040932, 43.26876484347288 ], [ -75.644404490672429, 43.271959842210094 ], [ -75.648566489357492, 43.272319842101794 ], [ -75.650030489768213, 43.274421841349003 ], [ -75.653898487647908, 43.272706842006016 ], [ -75.657854487056099, 43.274465841455815 ], [ -75.66059948516471, 43.27244384214972 ], [ -75.667714482141406, 43.271365842522101 ], [ -75.670308483526313, 43.276170841167186 ], [ -75.674649480733763, 43.273525841970283 ], [ -75.677759479647861, 43.273536842004852 ], [ -75.677059481797727, 43.277401841001165 ], [ -75.68431647821771, 43.275255841690075 ], [ -75.689800478705479, 43.279887840831137 ], [ -75.693213474908774, 43.274842841937442 ], [ -75.696839474478423, 43.276413841716689 ], [ -75.700331475334792, 43.280255841158457 ], [ -75.698052477311577, 43.282520840673811 ], [ -75.701752475666851, 43.281761840970582 ], [ -75.704366475631716, 43.283306840853363 ], [ -75.699131478598375, 43.285601840197344 ], [ -75.703091478944245, 43.288635839959603 ], [ -75.673134524068587, 43.361736817883362 ], [ -75.850555608809387, 43.403727814199868 ] ] ] } },
{ "type": "Feature", "properties": { "GEOID": "36065024302", "tract_name": "Census Tract 243.02; Oneida County; New York", "median_age": 49.7, "median_income": 83765.0, "population_density": 77.742946873338198, "county": "Oneida" }, "geometry": { "type": "Polygon", "coordinates": [ [ [ -75.583155511218777, 43.268371844090908 ], [ -75.576555537930233, 43.348950791721137 ], [ -75.57234354180342, 43.359149783624659 ], [ -75.56658754331302, 43.360651780592164 ], [ -75.567666544119149, 43.364181778553522 ], [ -75.563520546020555, 43.368365774098315 ], [ -75.564737546264823, 43.369983773436935 ], [ -75.561666547852639, 43.373901769464325 ], [ -75.557143548658772, 43.374205767413464 ], [ -75.554553551039831, 43.381765760793499 ], [ -75.466207523913383, 43.388853753297823 ], [ -75.4606485121937, 43.336970799453681 ], [ -75.455158503060417, 43.302772829518261 ], [ -75.466994514688324, 43.303914823960042 ], [ -75.491497538246435, 43.302101816010421 ], [ -75.490012535316836, 43.291842825983338 ], [ -75.491635536550604, 43.289654827429125 ], [ -75.491212535669547, 43.286400830569221 ], [ -75.497685541262953, 43.282703831895056 ], [ -75.498082540790833, 43.277210836950388 ], [ -75.505927539848884, 43.272986840442378 ], [ -75.583155511218777, 43.268371844090908 ] ] ] } },
{ "type": "Feature", "properties": { "GEOID": "36065024700", "tract_name": "Census Tract 247; Oneida County; New York", "median_age": 45.4, "median_income": 78013.0, "population_density": 85.590314198574902, "county": "Oneida" }, "geometry": { "type": "Polygon", "coordinates": [ [ [ -75.737774463414581, 43.164671776922795 ], [ -75.732128460256902, 43.180402790983614 ], [ -75.731354459013033, 43.18708279627306 ], [ -75.732744458076965, 43.191079798885994 ], [ -75.720580458145932, 43.200496809136418 ], [ -75.709022459614289, 43.204936815082306 ], [ -75.708087459626412, 43.206828816577065 ], [ -75.706300459968404, 43.206815816984296 ], [ -75.705796460210038, 43.204811815771727 ], [ -75.702391460755578, 43.206081817415949 ], [ -75.701404461127524, 43.2024678153061 ], [ -75.698566461627166, 43.20203081573154 ], [ -75.696868461860561, 43.203748817241355 ], [ -75.692939462559778, 43.203162817836329 ], [ -75.693539462439105, 43.20430981840034 ], [ -75.689889463096776, 43.205975820294142 ], [ -75.687221463587392, 43.205476820624753 ], [ -75.686982463671441, 43.207880822116849 ], [ -75.683648464330886, 43.208082822998577 ], [ -75.678970465471366, 43.212109826356709 ], [ -75.677103465706963, 43.209471825273503 ], [ -75.675956466016643, 43.210580826148579 ], [ -75.677007465879655, 43.211867826640933 ], [ -75.674089466589052, 43.21293282785529 ], [ -75.672830466782855, 43.211942827579591 ], [ -75.674362466302483, 43.209969826160865 ], [ -75.670859467040643, 43.210157827038699 ], [ -75.6702324670091, 43.208480826275348 ], [ -75.667211467767103, 43.209910827714531 ], [ -75.664442468200875, 43.20881682776281 ], [ -75.662026469074917, 43.211707829778938 ], [ -75.658035470101865, 43.212831831194848 ], [ -75.657168470049129, 43.211294830622641 ], [ -75.655489470475146, 43.211716831191801 ], [ -75.655243469716822, 43.206864828892684 ], [ -75.651842470551003, 43.20787183015981 ], [ -75.650929470522271, 43.206765829849637 ], [ -75.64544647210225, 43.209271832254878 ], [ -75.644760472696916, 43.211373833349626 ], [ -75.640423473505251, 43.210898834083871 ], [ -75.641298473624644, 43.212198834458903 ], [ -75.638059474821247, 43.214193835996994 ], [ -75.632735475583345, 43.212587836446659 ], [ -75.631091476694053, 43.215257837861962 ], [ -75.625335478149239, 43.215667839185265 ], [ -75.62509047907308, 43.218462840291394 ], [ -75.622137480052018, 43.219241841143493 ], [ -75.62055448009211, 43.218170841054629 ], [ -75.616318481725912, 43.219869842460149 ], [ -75.615479480469176, 43.215740841195924 ], [ -75.611490481590067, 43.216250842166794 ], [ -75.609460481522518, 43.214830842113187 ], [ -75.601081484446439, 43.217205844522248 ], [ -75.594522485948062, 43.217045845764709 ], [ -75.594241486590391, 43.218305846158842 ], [ -75.59713348641192, 43.219504845937969 ], [ -75.594234487250787, 43.219748846548256 ], [ -75.594263488227298, 43.221904847122879 ], [ -75.591991488664476, 43.221564847441719 ], [ -75.590173490484261, 43.224393848490202 ], [ -75.586414491055251, 43.223462848906813 ], [ -75.585714492123458, 43.225232849451189 ], [ -75.5839134914129, 43.222835849195945 ], [ -75.583866492177307, 43.224322849549587 ], [ -75.582433492069015, 43.223345849572439 ], [ -75.580015493300323, 43.224453850236124 ], [ -75.578071492064936, 43.22113584986473 ], [ -75.575399493128373, 43.221817850489302 ], [ -75.576245492182451, 43.220480850062799 ], [ -75.569899493758001, 43.220399851218374 ], [ -75.568358495296252, 43.22237685185371 ], [ -75.561786496836007, 43.222050852971442 ], [ -75.561189497756416, 43.223295853267516 ], [ -75.557515498463829, 43.222850853846637 ], [ -75.55712349938365, 43.224139854093075 ], [ -75.553425499903497, 43.223386854633425 ], [ -75.545882503831351, 43.226151856217648 ], [ -75.544809503982435, 43.225931856373307 ], [ -75.546144466240122, 43.171342850759295 ], [ -75.506068425259571, 43.123450867175499 ], [ -75.575384422742758, 43.092862824411178 ], [ -75.640561446184961, 43.095629784161943 ], [ -75.639729446405667, 43.097709785577045 ], [ -75.646101449224105, 43.10121178321868 ], [ -75.645028449062181, 43.102003784224635 ], [ -75.646303449634757, 43.102872783848866 ], [ -75.646025450179721, 43.105855785364589 ], [ -75.649147451251977, 43.106738783931789 ], [ -75.651178451585139, 43.105433782126099 ], [ -75.655782453609092, 43.109618781439856 ], [ -75.653103453681524, 43.114109785127766 ], [ -75.659873455298367, 43.11364178109698 ], [ -75.661224455944136, 43.115850781454775 ], [ -75.669701457917782, 43.115181776395019 ], [ -75.67378345915607, 43.118251775811146 ], [ -75.672699459201922, 43.121740778309942 ], [ -75.681249460988724, 43.121020773331118 ], [ -75.680476460938479, 43.123480775157809 ], [ -75.684670461795818, 43.123480772945086 ], [ -75.685329461963391, 43.124823773391391 ], [ -75.678279460720375, 43.127470778576331 ], [ -75.6865484622911, 43.129442775504756 ], [ -75.68738246250112, 43.133728777647384 ], [ -75.693621463477086, 43.133473774423685 ], [ -75.693649463455927, 43.135178775468106 ], [ -75.696453463824383, 43.136917775201326 ], [ -75.694503463499586, 43.139565777788896 ], [ -75.698195463982486, 43.139297775880479 ], [ -75.701704464579905, 43.136603772476732 ], [ -75.706771465267863, 43.137024770319485 ], [ -75.707752465148559, 43.1401617719524 ], [ -75.706497464944135, 43.140782772954104 ], [ -75.706420464640715, 43.144673775580742 ], [ -75.708843464711364, 43.146754775887473 ], [ -75.706661464165535, 43.15119577981973 ], [ -75.714935464919705, 43.149899775363735 ], [ -75.716286464894239, 43.150981775535406 ], [ -75.714434464540517, 43.152889777656817 ], [ -75.717498464855851, 43.151981775718909 ], [ -75.722595464622373, 43.155833776328883 ], [ -75.718878464071196, 43.158519779771289 ], [ -75.719899463757102, 43.161051781165781 ], [ -75.72439046360617, 43.162723780612851 ], [ -75.723371463970508, 43.160267779226452 ], [ -75.725723464553482, 43.157200776040114 ], [ -75.728207464000221, 43.160911777782815 ], [ -75.727166463771326, 43.162066779047976 ], [ -75.731536464138898, 43.160659776277114 ], [ -75.732151463779402, 43.162566777476862 ], [ -75.737774463414581, 43.164671776922795 ] ] ] } },
{ "type": "Feature", "properties": { "GEOID": "36065024303", "tract_name": "Census Tract 243.03; Oneida County; New York", "median_age": 43.9, "median_income": 81364.0, "population_density": 28.491671141543627, "county": "Oneida" }, "geometry": { "type": "Polygon", "coordinates": [ [ [ -75.562363562017282, 43.4258127330924 ], [ -75.533429562487839, 43.419813720426006 ], [ -75.392403448043083, 43.4857697467489 ], [ -75.385454438402604, 43.427188786683509 ], [ -75.368744419782061, 43.428584799514347 ], [ -75.363511413974223, 43.396232819558179 ], [ -75.326559374015844, 43.398240844890296 ], [ -75.313372366316187, 43.287048889633908 ], [ -75.450919496335189, 43.276667851626648 ], [ -75.4606485121937, 43.336970799453681 ], [ -75.466207523913383, 43.388853753297823 ], [ -75.55375455127249, 43.38221576011275 ], [ -75.554573552217363, 43.386301757461169 ], [ -75.556932552441864, 43.388369757025899 ], [ -75.555972553323201, 43.391236754487132 ], [ -75.552072554596947, 43.39427575037665 ], [ -75.551819555473116, 43.397590747776732 ], [ -75.553958555588054, 43.398987747808007 ], [ -75.552400556293975, 43.401057745482511 ], [ -75.554555556473559, 43.402649745410585 ], [ -75.551674556766073, 43.402600743957663 ], [ -75.550591557831879, 43.406364740566879 ], [ -75.552983557921678, 43.407632740896553 ], [ -75.550851558587723, 43.409451738386394 ], [ -75.553135558815001, 43.411158738361166 ], [ -75.552747559529976, 43.413807736177574 ], [ -75.556269560220997, 43.417562735411401 ], [ -75.557182561359696, 43.422123732623803 ], [ -75.562363562017282, 43.4258127330924 ] ] ] } },
{ "type": "Feature", "properties": { "GEOID": "36065021302", "tract_name": "Census Tract 213.02; Oneida County; New York", "median_age": 39.2, "median_income": 52639.0, "population_density": 7845.1521625950327, "county": "Oneida" }, "geometry": { "type": "Polygon", "coordinates": [ [ [ -75.226205254649656, 43.090123887135775 ], [ -75.222766253607588, 43.094927892564797 ], [ -75.196177230119986, 43.085646920085217 ], [ -75.198250230747448, 43.08323191701534 ], [ -75.202433234544444, 43.084632912627292 ], [ -75.20574623559358, 43.080627907644555 ], [ -75.226205254649656, 43.090123887135775 ] ] ] } },
{ "type": "Feature", "properties": { "GEOID": "36065024500", "tract_name": "Census Tract 245; Oneida County; New York", "median_age": 52.0, "median_income": 49432.0, "population_density": 88.310485620336635, "county": "Oneida" }, "geometry": { "type": "Polygon", "coordinates": [ [ [ -75.886756645123299, 43.325019758145935 ], [ -75.850555608809387, 43.403727814199868 ], [ -75.673134524068587, 43.361736817883362 ], [ -75.703091478944245, 43.288635839959603 ], [ -75.713985475632498, 43.288988840694394 ], [ -75.713213477289599, 43.291498840347018 ], [ -75.715004477961159, 43.293692840255083 ], [ -75.717843475515565, 43.290959840780943 ], [ -75.719092476523983, 43.293414840652531 ], [ -75.720797476062003, 43.293539840794836 ], [ -75.720021474998489, 43.291264840928328 ], [ -75.723490474671607, 43.292596841109578 ], [ -75.726746473004141, 43.291501841460736 ], [ -75.727556473617966, 43.292980841438677 ], [ -75.731296470108845, 43.289060841946075 ], [ -75.734246470395547, 43.291114842091261 ], [ -75.734092469388017, 43.289356842139355 ], [ -75.738120468396204, 43.289850842427938 ], [ -75.886756645123299, 43.325019758145935 ] ] ] } },
{ "type": "Feature", "properties": { "GEOID": "36065022200", "tract_name": "Census Tract 222; Oneida County; New York", "median_age": 49.0, "median_income": 82727.0, "population_density": 4452.4429760825942, "county": "Oneida" }, "geometry": { "type": "Polygon", "coordinates": [ [ [ -75.455625479273024, 43.226215871356942 ], [ -75.45538848761214, 43.23709787148595 ], [ -75.439603468812962, 43.230398874243107 ], [ -75.447586467062465, 43.219143872586912 ], [ -75.453987474152612, 43.221435871587829 ], [ -75.455625479273024, 43.226215871356942 ] ] ] } },
{ "type": "Feature", "properties": { "GEOID": "36043011400", "tract_name": "Census Tract 114; Herkimer County; New York", "median_age": 39.2, "median_income": 76964.0, "population_density": 41.010782549491374, "county": "Herkimer" }, "geometry": { "type": "Polygon", "coordinates": [ [ [ -75.115577223932462, 43.170236029516481 ], [ -75.069165246544273, 43.227332087423449 ], [ -75.062565240839348, 43.22303209337278 ], [ -75.00001822690146, 43.230136156660173 ], [ -75.010690252780975, 43.284804110003748 ], [ -74.8801229986355, 43.241400175953864 ], [ -74.856148788918816, 43.075010232774282 ], [ -74.929087936350783, 43.080870186960212 ], [ -74.990539048758137, 43.074003149548716 ], [ -74.991756053822073, 43.076651148951676 ], [ -74.990414053801828, 43.079186149919217 ], [ -74.983030037494274, 43.077256154333405 ], [ -74.981601036617633, 43.079123155268164 ], [ -74.982570041444603, 43.082018154779611 ], [ -74.989349057448521, 43.08479215086583 ], [ -74.990270062047202, 43.087545150475506 ], [ -74.986194062693215, 43.095966153231139 ], [ -74.981266056881864, 43.099695156106854 ], [ -74.983865074720455, 43.112245155156913 ], [ -74.978911067649292, 43.114815157768653 ], [ -75.027974148144963, 43.136489118326828 ], [ -75.072762187464576, 43.151547071808196 ], [ -75.115577223932462, 43.170236029516481 ] ] ] } },
{ "type": "Feature", "properties": { "GEOID": "36055014802", "tract_name": "Census Tract 148.02; Monroe County; New York", "median_age": 52.2, "median_income": 87500.0, "population_density": 210.54655831912504, "county": "Monroe" }, "geometry": { "type": "Polygon", "coordinates": [ [ [ -77.870972365029246, 43.206275076735984 ], [ -77.83257729451671, 43.287248026004455 ], [ -77.813995294812671, 43.287685024988605 ], [ -77.813550288175023, 43.27299703689183 ], [ -77.750244288661492, 43.273603034972147 ], [ -77.753133330615043, 43.203405056139985 ], [ -77.870972365029246, 43.206275076735984 ] ] ] } },
{ "type": "Feature", "properties": { "GEOID": "36055014803", "tract_name": "Census Tract 148.03; Monroe County; New York", "median_age": 39.9, "median_income": 105114.0, "population_density": 346.98581825618322, "county": "Monroe" }, "geometry": { "type": "Polygon", "coordinates": [ [ [ -77.83257729451671, 43.287248026004455 ], [ -77.807560320587783, 43.34451697831264 ], [ -77.748888321101717, 43.342877972364725 ], [ -77.749575295587817, 43.288346021174227 ], [ -77.769562295397776, 43.288442022742359 ], [ -77.77705529727595, 43.292639019465412 ], [ -77.774281300061617, 43.29868901421581 ], [ -77.774727305744577, 43.311115003691945 ], [ -77.794339305239816, 43.310380005447229 ], [ -77.793815301839544, 43.302895011632202 ], [ -77.81314530139349, 43.302230013149156 ], [ -77.812241294842877, 43.28773102488806 ], [ -77.83257729451671, 43.287248026004455 ] ] ] } },
{ "type": "Feature", "properties": { "GEOID": "36055014901", "tract_name": "Census Tract 149.01; Monroe County; New York", "median_age": 42.3, "median_income": 75109.0, "population_density": 1468.5410391459122, "county": "Monroe" }, "geometry": { "type": "Polygon", "coordinates": [ [ [ -77.854627410793526, 43.17909608526147 ], [ -77.854182393417403, 43.188251081315734 ], [ -77.823566381604579, 43.187033074104363 ], [ -77.823475366289586, 43.196299071355106 ], [ -77.773339348658297, 43.194698060723752 ], [ -77.773889366522667, 43.180977062158135 ], [ -77.80419838071532, 43.181708070376615 ], [ -77.804508387906452, 43.177047071478754 ], [ -77.810373390747358, 43.177232073147366 ], [ -77.854627410793526, 43.17909608526147 ] ] ] } },
{ "type": "Feature", "properties": { "GEOID": "36065021401", "tract_name": "Census Tract 214.01; Oneida County; New York", "median_age": 34.9, "median_income": 48690.0, "population_density": 9442.5405126079713, "county": "Oneida" }, "geometry": { "type": "Polygon", "coordinates": [ [ [ -75.271260283839837, 43.093122861996342 ], [ -75.265206282517568, 43.099075863612782 ], [ -75.261361280010362, 43.097029862813905 ], [ -75.250064276305963, 43.105324865213113 ], [ -75.248703275117634, 43.104353866338663 ], [ -75.255841276850504, 43.095532862101486 ], [ -75.26341427975963, 43.092351861394782 ], [ -75.271260283839837, 43.093122861996342 ] ] ] } },
{ "type": "Feature", "properties": { "GEOID": "36065023702", "tract_name": "Census Tract 237.02; Oneida County; New York", "median_age": 45.0, "median_income": 84221.0, "population_density": 107.29364997260568, "county": "Oneida" }, "geometry": { "type": "Polygon", "coordinates": [ [ [ -75.393093442093061, 43.281544866125479 ], [ -75.279152333455215, 43.289643900589539 ], [ -75.232511301554084, 43.291416924500012 ], [ -75.269935328383937, 43.255404909612238 ], [ -75.340713358760439, 43.177867881631279 ], [ -75.34683836699412, 43.185593882490672 ], [ -75.349970368379672, 43.183753881830611 ], [ -75.355033375070207, 43.189495882296974 ], [ -75.361776379259112, 43.187885881286327 ], [ -75.359527379122895, 43.190789882007806 ], [ -75.366277384266169, 43.190904881258028 ], [ -75.365474385004234, 43.193364881729259 ], [ -75.366673386489083, 43.194410881747373 ], [ -75.378501395680942, 43.194713880373385 ], [ -75.381423399172249, 43.196858880298038 ], [ -75.388213436726986, 43.254357883206701 ], [ -75.393093442093061, 43.281544866125479 ] ] ] } },
{ "type": "Feature", "properties": { "GEOID": "36065023200", "tract_name": "Census Tract 232; Oneida County; New York", "median_age": 36.8, "median_income": 67328.0, "population_density": 1307.0764485549851, "county": "Oneida" }, "geometry": { "type": "Polygon", "coordinates": [ [ [ -75.341068334637228, 43.12717787176021 ], [ -75.310610316931275, 43.127348872112869 ], [ -75.307514316698757, 43.131370873145478 ], [ -75.314743323538508, 43.137552874486921 ], [ -75.303083317306275, 43.139904875404575 ], [ -75.299187313748789, 43.136787874707693 ], [ -75.296284313051061, 43.139745875572309 ], [ -75.290743309874742, 43.140443875934778 ], [ -75.28229030199256, 43.132278873838118 ], [ -75.267225291096395, 43.125602872019336 ], [ -75.268909291568676, 43.123861871464193 ], [ -75.263759289004497, 43.125298871948608 ], [ -75.263615287859693, 43.121439870714468 ], [ -75.258558285269842, 43.122525871075439 ], [ -75.258084284124479, 43.119166869971338 ], [ -75.255758282474986, 43.117822869517411 ], [ -75.25786128328366, 43.116412869063446 ], [ -75.254011280254943, 43.112837867835218 ], [ -75.255143280474869, 43.111263867324581 ], [ -75.259176282876084, 43.112092867659129 ], [ -75.280084296836719, 43.12023987034808 ], [ -75.288760299956394, 43.115023868901254 ], [ -75.294044302461373, 43.113877868641673 ], [ -75.297815305661388, 43.116972869503208 ], [ -75.300200306774812, 43.116398869368879 ], [ -75.30280230911255, 43.118755869992114 ], [ -75.301111308467867, 43.119567870196583 ], [ -75.30232630960171, 43.12075687050492 ], [ -75.308676313483701, 43.12147787068433 ], [ -75.31514431839426, 43.124472871385841 ], [ -75.337122331400167, 43.125191871402293 ], [ -75.341068334637228, 43.12717787176021 ] ] ] } },
{ "type": "Feature", "properties": { "GEOID": "36065020802", "tract_name": "Census Tract 208.02; Oneida County; New York", "median_age": 29.8, "median_income": 38628.0, "population_density": 4957.6879916306298, "county": "Oneida" }, "geometry": { "type": "Polygon", "coordinates": [ [ [ -75.21416124649258, 43.092825901690389 ], [ -75.209459245025215, 43.098419908717069 ], [ -75.211735246957133, 43.09917290636983 ], [ -75.210759246832296, 43.100789907961001 ], [ -75.180598221834074, 43.093775940115272 ], [ -75.185530223154245, 43.088443933042676 ], [ -75.197381233148818, 43.090848920203868 ], [ -75.200164233895308, 43.08742991603971 ], [ -75.21416124649258, 43.092825901690389 ] ] ] } },
{ "type": "Feature", "properties": { "GEOID": "36065022702", "tract_name": "Census Tract 227.02; Oneida County; New York", "median_age": 51.3, "median_income": 88426.0, "population_density": 143.9174146591732, "county": "Oneida" }, "geometry": { "type": "Polygon", "coordinates": [ [ [ -75.612745497023553, 43.258867848687949 ], [ -75.607964501416475, 43.266009845135464 ], [ -75.593396507273539, 43.267618844447838 ], [ -75.393414442396107, 43.281521866037323 ], [ -75.39091743978328, 43.273368871561672 ], [ -75.384816419522906, 43.226567883530684 ], [ -75.392421426575524, 43.227548882331952 ], [ -75.394317429254016, 43.229261882187117 ], [ -75.394288431187832, 43.232408882530578 ], [ -75.39199542922195, 43.232430882948947 ], [ -75.392676432839139, 43.237331883365172 ], [ -75.396244435842902, 43.237135882668959 ], [ -75.397535441461898, 43.244248883152039 ], [ -75.402327445495757, 43.243854882153336 ], [ -75.402876447085802, 43.245558882202936 ], [ -75.414171456703599, 43.244777879853864 ], [ -75.414827460867656, 43.250715879634235 ], [ -75.427650472275104, 43.249689877399284 ], [ -75.432246473431917, 43.245511876245217 ], [ -75.439083481848982, 43.248582874965749 ], [ -75.457754497884139, 43.247463871083063 ], [ -75.458556500490772, 43.249836870925002 ], [ -75.463320505115306, 43.251405868763186 ], [ -75.49098951083522, 43.22805386520713 ], [ -75.494184514404239, 43.229008864597731 ], [ -75.507756514334673, 43.225844862495606 ], [ -75.539158505152955, 43.225346857263197 ], [ -75.580294502966908, 43.243098854283367 ], [ -75.607101499024651, 43.258488849144989 ], [ -75.610068498149261, 43.259173848650278 ], [ -75.611532497029529, 43.25763684937538 ], [ -75.612745497023553, 43.258867848687949 ] ] ] } },
{ "type": "Feature", "properties": { "GEOID": "36065025900", "tract_name": "Census Tract 259; Oneida County; New York", "median_age": 41.2, "median_income": null, "population_density": 1519.55167794869, "county": "Oneida" }, "geometry": { "type": "Polygon", "coordinates": [ [ [ -75.494172482522174, 43.193110866572944 ], [ -75.487533480085489, 43.196099867220759 ], [ -75.482676473177406, 43.192385867949568 ], [ -75.485819473455379, 43.189958867684517 ], [ -75.473716457101716, 43.181234869233322 ], [ -75.476416457326792, 43.179166869022268 ], [ -75.469747448154436, 43.173869869735043 ], [ -75.483638456199571, 43.171793868616689 ], [ -75.486509465996718, 43.18076386799779 ], [ -75.490203467569614, 43.179499867699398 ], [ -75.491298471874686, 43.18349186739426 ], [ -75.48837246976062, 43.183527867690536 ], [ -75.489582475006046, 43.18850486733087 ], [ -75.494172482522174, 43.193110866572944 ] ] ] } },
{ "type": "Feature", "properties": { "GEOID": "36065020900", "tract_name": "Census Tract 209; Oneida County; New York", "median_age": 36.0, "median_income": 28177.0, "population_density": 7635.4101641659336, "county": "Oneida" }, "geometry": { "type": "Polygon", "coordinates": [ [ [ -75.256113277021569, 43.095670862158563 ], [ -75.248703275117634, 43.104353866338663 ], [ -75.253108278326707, 43.107028865864777 ], [ -75.239091268148115, 43.103873876995905 ], [ -75.242479269791104, 43.100930872197566 ], [ -75.256113277021569, 43.095670862158563 ] ] ] } },
{ "type": "Feature", "properties": { "GEOID": "36065020803", "tract_name": "Census Tract 208.03; Oneida County; New York", "median_age": 26.7, "median_income": 30094.0, "population_density": 10990.726432225345, "county": "Oneida" }, "geometry": { "type": "Polygon", "coordinates": [ [ [ -75.223175254017278, 43.095257892204337 ], [ -75.220905253650656, 43.099234896021265 ], [ -75.217841251106577, 43.098307899198971 ], [ -75.21647425093218, 43.100702901482236 ], [ -75.222191255174266, 43.101037895132464 ], [ -75.220610255044562, 43.104092897869457 ], [ -75.210759246832296, 43.100789907961001 ], [ -75.211735246957133, 43.09917290636983 ], [ -75.209459245025215, 43.098419908717069 ], [ -75.214498246604052, 43.092424901184664 ], [ -75.223175254017278, 43.095257892204337 ] ] ] } },
{ "type": "Feature", "properties": { "GEOID": "36065021701", "tract_name": "Census Tract 217.01; Oneida County; New York", "median_age": 46.7, "median_income": 79538.0, "population_density": 3882.0814382481935, "county": "Oneida" }, "geometry": { "type": "Polygon", "coordinates": [ [ [ -75.285219284567987, 43.074612857352975 ], [ -75.265209278483027, 43.084625859025273 ], [ -75.25778527409129, 43.081162857445939 ], [ -75.262400275400736, 43.078148856773595 ], [ -75.25951327375401, 43.076868856154583 ], [ -75.260753273956908, 43.075541855812482 ], [ -75.263652275547472, 43.076619856371359 ], [ -75.271008276924547, 43.070080854886875 ], [ -75.27190627564525, 43.064469853240844 ], [ -75.275112277097065, 43.064846853648746 ], [ -75.275992278819587, 43.069245855048436 ], [ -75.283208282607248, 43.071347856260566 ], [ -75.285219284567987, 43.074612857352975 ] ] ] } },
{ "type": "Feature", "properties": { "GEOID": "36065021702", "tract_name": "Census Tract 217.02; Oneida County; New York", "median_age": 35.9, "median_income": 64625.0, "population_density": 2769.296608984509, "county": "Oneida" }, "geometry": { "type": "Polygon", "coordinates": [ [ [ -75.295296291214768, 43.080663859736667 ], [ -75.292208290112882, 43.081570859782666 ], [ -75.293392292168548, 43.085828861015059 ], [ -75.291629291810239, 43.087192861288898 ], [ -75.288795289958585, 43.085733860726279 ], [ -75.289310291244192, 43.08876786160004 ], [ -75.287310290281226, 43.088767861495491 ], [ -75.28711029075869, 43.0904678619642 ], [ -75.289851292330113, 43.09116186229241 ], [ -75.289351293219667, 43.094461863186311 ], [ -75.287481292460583, 43.094962863246785 ], [ -75.279605288351064, 43.094371862740694 ], [ -75.283610287908928, 43.086967860784505 ], [ -75.287510290005059, 43.087667861196621 ], [ -75.287110289104177, 43.085565860582534 ], [ -75.272457283482652, 43.089949861080463 ], [ -75.275687283852534, 43.08605786007378 ], [ -75.265651279275801, 43.0867108597118 ], [ -75.267475279880131, 43.085785859522993 ], [ -75.265975278735652, 43.084242858949352 ], [ -75.285430284627353, 43.07450985733955 ], [ -75.288204286938694, 43.077684858438126 ], [ -75.290126287497912, 43.076788858325095 ], [ -75.295296291214768, 43.080663859736667 ] ] ] } },
{ "type": "Feature", "properties": { "GEOID": "36065022500", "tract_name": "Census Tract 225; Oneida County; New York", "median_age": 32.5, "median_income": 41505.0, "population_density": 1974.7631927996208, "county": "Oneida" }, "geometry": { "type": "Polygon", "coordinates": [ [ [ -75.455215463419364, 43.206444871260992 ], [ -75.452264462459979, 43.208227871695172 ], [ -75.454950465608263, 43.209506871324919 ], [ -75.449978466351311, 43.215649872145512 ], [ -75.439635454240985, 43.210746873574166 ], [ -75.432740451442839, 43.214551874752964 ], [ -75.431395452862603, 43.218042875122457 ], [ -75.43295845976921, 43.225788875221035 ], [ -75.420143448357138, 43.224956877353044 ], [ -75.418192441387589, 43.217194877150575 ], [ -75.41152543255761, 43.212189877797108 ], [ -75.411536428906032, 43.206711877360213 ], [ -75.41576643249698, 43.207047876794149 ], [ -75.417153429646106, 43.201258876192696 ], [ -75.416067427822341, 43.199823876231214 ], [ -75.452901457417568, 43.201093871517863 ], [ -75.455215463419364, 43.206444871260992 ] ] ] } },
{ "type": "Feature", "properties": { "GEOID": "36055014903", "tract_name": "Census Tract 149.03; Monroe County; New York", "median_age": 45.0, "median_income": 110089.0, "population_density": 269.02348382265302, "county": "Monroe" }, "geometry": { "type": "Polygon", "coordinates": [ [ [ -77.907834549672486, 43.129959131424613 ], [ -77.870972365029246, 43.206275076735984 ], [ -77.796903344215067, 43.20430606413732 ], [ -77.799638358204746, 43.19543506640106 ], [ -77.823475366289586, 43.196299071355106 ], [ -77.823566381604579, 43.187033074104363 ], [ -77.854182393417403, 43.188251081315734 ], [ -77.854627410793526, 43.17909608526147 ], [ -77.804508387906452, 43.177047071478754 ], [ -77.807176465738593, 43.127078083698976 ], [ -77.907834549672486, 43.129959131424613 ] ] ] } },
{ "type": "Feature", "properties": { "GEOID": "36055015000", "tract_name": "Census Tract 150; Monroe County; New York", "median_age": 43.8, "median_income": 91250.0, "population_density": 158.28505779612033, "county": "Monroe" }, "geometry": { "type": "Polygon", "coordinates": [ [ [ -77.951044820957591, 43.039542224987215 ], [ -77.908122551344491, 43.129333131959427 ], [ -77.818198475057926, 43.127442089024882 ], [ -77.820079622438115, 43.037699115132391 ], [ -77.878964716148744, 43.036573165774378 ], [ -77.951044820957591, 43.039542224987215 ] ] ] } },
{ "type": "Feature", "properties": { "GEOID": "36065021900", "tract_name": "Census Tract 219; Oneida County; New York", "median_age": 37.2, "median_income": 40294.0, "population_density": 1440.2744526436504, "county": "Oneida" }, "geometry": { "type": "Polygon", "coordinates": [ [ [ -75.485770484774136, 43.203078867148207 ], [ -75.479975492464092, 43.217477867463955 ], [ -75.467234478276694, 43.212951869515997 ], [ -75.462101471011408, 43.209089870295394 ], [ -75.452264462459979, 43.208227871695172 ], [ -75.455215463419364, 43.206444871260992 ], [ -75.452901457417568, 43.201093871517863 ], [ -75.485770484774136, 43.203078867148207 ] ] ] } },
{ "type": "Feature", "properties": { "GEOID": "36065022000", "tract_name": "Census Tract 220; Oneida County; New York", "median_age": 32.8, "median_income": 45104.0, "population_density": 2742.1705827620044, "county": "Oneida" }, "geometry": { "type": "Polygon", "coordinates": [ [ [ -75.491166510950777, 43.228013865178291 ], [ -75.479351509256915, 43.237875866932605 ], [ -75.463084479130572, 43.218194870114367 ], [ -75.467605478704456, 43.21310686945862 ], [ -75.477083488476666, 43.21557186797007 ], [ -75.483398499836099, 43.222776866727827 ], [ -75.491166510950777, 43.228013865178291 ] ] ] } },
{ "type": "Feature", "properties": { "GEOID": "36065022100", "tract_name": "Census Tract 221; Oneida County; New York", "median_age": 42.6, "median_income": 54828.0, "population_density": 3236.1935612777029, "county": "Oneida" }, "geometry": { "type": "Polygon", "coordinates": [ [ [ -75.479351509256915, 43.237875866932605 ], [ -75.474556508233704, 43.241687867757108 ], [ -75.455388482163528, 43.230154871429548 ], [ -75.455625479273024, 43.226215871356942 ], [ -75.463084479130572, 43.218194870114367 ], [ -75.479351509256915, 43.237875866932605 ] ] ] } },
{ "type": "Feature", "properties": { "GEOID": "36065022701", "tract_name": "Census Tract 227.01; Oneida County; New York", "median_age": 51.1, "median_income": 71853.0, "population_density": 1034.0788737702915, "county": "Oneida" }, "geometry": { "type": "Polygon", "coordinates": [ [ [ -75.474683508381588, 43.241729867731181 ], [ -75.463320505115306, 43.251405868763186 ], [ -75.458556500490772, 43.249836870925002 ], [ -75.457754497884139, 43.247463871083063 ], [ -75.439083481848982, 43.248582874965749 ], [ -75.432246473431917, 43.245511876245217 ], [ -75.43223947081546, 43.241902876081411 ], [ -75.428809467273069, 43.241209876720944 ], [ -75.427219454925222, 43.225801876200919 ], [ -75.43295845976921, 43.225788875221035 ], [ -75.433219460988681, 43.227164875237307 ], [ -75.454640486957118, 43.237097871627334 ], [ -75.455388482163528, 43.230154871429548 ], [ -75.474683508381588, 43.241729867731181 ] ] ] } },
{ "type": "Feature", "properties": { "GEOID": "36065980100", "tract_name": "Census Tract 9801; Oneida County; New York", "median_age": null, "median_income": null, "population_density": 0.86475876213374003, "county": "Oneida" }, "geometry": { "type": "Polygon", "coordinates": [ [ [ -75.432230473782766, 43.246016876271582 ], [ -75.427650472275104, 43.249689877399284 ], [ -75.414827460867656, 43.250715879634235 ], [ -75.414171456703599, 43.244777879853864 ], [ -75.402876447085802, 43.245558882202936 ], [ -75.402327445495757, 43.243854882153336 ], [ -75.397535441461898, 43.244248883152039 ], [ -75.396244435842902, 43.237135882668959 ], [ -75.392676432839139, 43.237331883365172 ], [ -75.39199542922195, 43.232430882948947 ], [ -75.394288431187832, 43.232408882530578 ], [ -75.394317429254016, 43.229261882187117 ], [ -75.392421426575524, 43.227548882331952 ], [ -75.384816419522906, 43.226567883530684 ], [ -75.383416410264758, 43.212967882068618 ], [ -75.392190412931669, 43.205746879953608 ], [ -75.400006421482701, 43.209444879238056 ], [ -75.405363423075158, 43.20529487809506 ], [ -75.411536428906032, 43.206711877360213 ], [ -75.411747433278364, 43.212998877828149 ], [ -75.418192441387589, 43.217194877150575 ], [ -75.420052448225135, 43.224876877363201 ], [ -75.427219454925222, 43.225801876200919 ], [ -75.427486463114079, 43.237007876755001 ], [ -75.428809467273069, 43.241209876720944 ], [ -75.43223947081546, 43.241902876081411 ], [ -75.432230473782766, 43.246016876271582 ] ] ] } },
{ "type": "Feature", "properties": { "GEOID": "36029016400", "tract_name": "Census Tract 164; Erie County; New York", "median_age": 36.7, "median_income": 41125.0, "population_density": 3170.4943833061566, "county": "Erie" }, "geometry": { "type": "Polygon", "coordinates": [ [ [ -78.872812862725837, 42.871589365083949 ], [ -78.869132844578445, 42.881581361735947 ], [ -78.855141829462411, 42.878981358950689 ], [ -78.853911825681308, 42.880640358303943 ], [ -78.844081814860516, 42.878929356265807 ], [ -78.845995830801328, 42.868473358753178 ], [ -78.864544851462412, 42.871733362913211 ], [ -78.866215860457359, 42.866605364544576 ], [ -78.868976865961471, 42.865258365608746 ], [ -78.872812862725837, 42.871589365083949 ] ] ] } },
{ "type": "Feature", "properties": { "GEOID": "36029010202", "tract_name": "Census Tract 102.02; Erie County; New York", "median_age": 26.5, "median_income": 59143.0, "population_density": 4127.0347150059151, "county": "Erie" }, "geometry": { "type": "Polygon", "coordinates": [ [ [ -78.799146707862448, 42.918478341399542 ], [ -78.798824678179926, 42.942919338944172 ], [ -78.789000663903053, 42.944922337657928 ], [ -78.790334669607262, 42.941463338086749 ], [ -78.784088661983304, 42.941492337348656 ], [ -78.784266684844354, 42.922171338702569 ], [ -78.799146707862448, 42.918478341399542 ] ] ] } },
{ "type": "Feature", "properties": { "GEOID": "36029010201", "tract_name": "Census Tract 102.01; Erie County; New York", "median_age": 38.9, "median_income": 82118.0, "population_density": 5812.8103509158509, "county": "Erie" }, "geometry": { "type": "Polygon", "coordinates": [ [ [ -78.798824678179926, 42.942919338944172 ], [ -78.798255669906425, 42.949255338263221 ], [ -78.774847641903719, 42.9491533358769 ], [ -78.774789646655776, 42.944979336079285 ], [ -78.783809657721889, 42.94484133708783 ], [ -78.784088661983304, 42.941492337348656 ], [ -78.790334669607262, 42.941463338086749 ], [ -78.789000663903053, 42.944922337657928 ], [ -78.798824678179926, 42.942919338944172 ] ] ] } },
{ "type": "Feature", "properties": { "GEOID": "36029016700", "tract_name": "Census Tract 167; Erie County; New York", "median_age": 36.6, "median_income": 39659.0, "population_density": 2911.6787477298694, "county": "Erie" }, "geometry": { "type": "Polygon", "coordinates": [ [ [ -78.819980791384779, 42.872057351359352 ], [ -78.814193773635736, 42.880221348813564 ], [ -78.814177768021494, 42.884786348219869 ], [ -78.79954974901905, 42.884580344847308 ], [ -78.799904764905349, 42.871729346220974 ], [ -78.819980791384779, 42.872057351359352 ] ] ] } },
{ "type": "Feature", "properties": { "GEOID": "36029013300", "tract_name": "Census Tract 133; Erie County; New York", "median_age": 45.6, "median_income": 76488.0, "population_density": 3998.9345533665141, "county": "Erie" }, "geometry": { "type": "Polygon", "coordinates": [ [ [ -78.829520886409227, 42.713954380326506 ], [ -78.82921289497979, 42.7185203792652 ], [ -78.825744897207159, 42.721885376634603 ], [ -78.825762903242733, 42.725018376067844 ], [ -78.812825899021874, 42.732011367702498 ], [ -78.81323386817138, 42.714422370629592 ], [ -78.808644860836282, 42.713306368082009 ], [ -78.811872857136194, 42.70909537062812 ], [ -78.814469858897112, 42.708458372293357 ], [ -78.817999868072619, 42.711316373954148 ], [ -78.819956868507788, 42.710346375288175 ], [ -78.823967875933079, 42.711863377420912 ], [ -78.827496886371961, 42.71515837890356 ], [ -78.829520886409227, 42.713954380326506 ] ] ] } },
{ "type": "Feature", "properties": { "GEOID": "36067002400", "tract_name": "Census Tract 24; Onondaga County; New York", "median_age": 37.8, "median_income": 59444.0, "population_density": 10598.748152196658, "county": "Onondaga" }, "geometry": { "type": "Polygon", "coordinates": [ [ [ -76.142105524569743, 43.05149458503017 ], [ -76.142039526683305, 43.05330858434408 ], [ -76.130532529804555, 43.057879585066289 ], [ -76.130081522623854, 43.052058587223968 ], [ -76.142105524569743, 43.05149458503017 ] ] ] } },
{ "type": "Feature", "properties": { "GEOID": "36067002700", "tract_name": "Census Tract 27; Onondaga County; New York", "median_age": 36.2, "median_income": 52361.0, "population_density": 7844.3222168193124, "county": "Onondaga" }, "geometry": { "type": "Polygon", "coordinates": [ [ [ -76.197681537922449, 43.052723573313592 ], [ -76.195594536829248, 43.05205757408649 ], [ -76.188593537930629, 43.054686574154509 ], [ -76.184224530856682, 43.048595578085987 ], [ -76.192381529688419, 43.045495578130868 ], [ -76.197681537922449, 43.052723573313592 ] ] ] } },
{ "type": "Feature", "properties": { "GEOID": "36067003000", "tract_name": "Census Tract 30; Onondaga County; New York", "median_age": 30.5, "median_income": 22104.0, "population_density": 6221.7153473524922, "county": "Onondaga" }, "geometry": { "type": "Polygon", "coordinates": [ [ [ -76.171146522083006, 43.043169583097061 ], [ -76.170824527253487, 43.048105580876978 ], [ -76.157670527096187, 43.050702582269814 ], [ -76.157119521799586, 43.046065584350032 ], [ -76.153920518306734, 43.043648585948368 ], [ -76.171146522083006, 43.043169583097061 ] ] ] } },
{ "type": "Feature", "properties": { "GEOID": "36067003200", "tract_name": "Census Tract 32; Onondaga County; New York", "median_age": 33.0, "median_income": 56420.0, "population_density": 7036.3784022274585, "county": "Onondaga" }, "geometry": { "type": "Polygon", "coordinates": [ [ [ -76.158127528892393, 43.052226581527734 ], [ -76.156443530765159, 43.054226581019343 ], [ -76.154022530065021, 43.054053581590821 ], [ -76.144622524160056, 43.050668584853163 ], [ -76.142807521281952, 43.048553586030032 ], [ -76.142549514379425, 43.042710588339503 ], [ -76.154174517044524, 43.042472586393977 ], [ -76.154185518985756, 43.044192585673997 ], [ -76.157119521799586, 43.046065584350032 ], [ -76.158127528892393, 43.052226581527734 ] ] ] } },
{ "type": "Feature", "properties": { "GEOID": "36067003400", "tract_name": "Census Tract 34; Onondaga County; New York", "median_age": 27.0, "median_income": 24350.0, "population_density": 4477.1243332744416, "county": "Onondaga" }, "geometry": { "type": "Polygon", "coordinates": [ [ [ -76.145606524945649, 43.051157584466353 ], [ -76.127580521591568, 43.051659587864123 ], [ -76.127650518571926, 43.049187588709273 ], [ -76.125541518061951, 43.049163589124461 ], [ -76.12543751332494, 43.045350590447455 ], [ -76.137774516338084, 43.045370588184014 ], [ -76.137747518231009, 43.046967587591432 ], [ -76.142647519920956, 43.047422586498413 ], [ -76.145606524945649, 43.051157584466353 ] ] ] } },
{ "type": "Feature", "properties": { "GEOID": "36067012000", "tract_name": "Census Tract 120; Onondaga County; New York", "median_age": 47.4, "median_income": 59810.0, "population_density": 142.89543841495805, "county": "Onondaga" }, "geometry": { "type": "Polygon", "coordinates": [ [ [ -76.499312921335459, 43.097947331732563 ], [ -76.497829925197109, 43.102655333630182 ], [ -76.49123292069055, 43.106293339302567 ], [ -76.473594893795408, 43.104027352857315 ], [ -76.471774892449744, 43.104981354346251 ], [ -76.471862894780756, 43.106829354395025 ], [ -76.457908881, 43.111415365298406 ], [ -76.435821833713632, 43.096502382923354 ], [ -76.424711820001178, 43.097683391811032 ], [ -76.421556819588105, 43.101197393992614 ], [ -76.421186809996485, 43.092915395147358 ], [ -76.397729779456697, 43.093867414247846 ], [ -76.396703764698501, 43.081122417444206 ], [ -76.377174739798988, 43.082022434027081 ], [ -76.3710206601978, 43.010526458596722 ], [ -76.491941796479395, 43.004962325576521 ], [ -76.499312921335459, 43.097947331732563 ] ] ] } },
{ "type": "Feature", "properties": { "GEOID": "36067012200", "tract_name": "Census Tract 122; Onondaga County; New York", "median_age": 40.8, "median_income": 52672.0, "population_density": 3202.7110012965077, "county": "Onondaga" }, "geometry": { "type": "Polygon", "coordinates": [ [ [ -76.317780622618884, 43.038944504174481 ], [ -76.312874619722194, 43.042537507420683 ], [ -76.310209616457087, 43.042601510024177 ], [ -76.31011661745076, 43.04386150952233 ], [ -76.300052603073595, 43.04176152048322 ], [ -76.301757602423294, 43.038553520394252 ], [ -76.30723760726282, 43.036327515976694 ], [ -76.311460608992249, 43.032384513557183 ], [ -76.313622613221028, 43.034161510531298 ], [ -76.315363613882724, 43.032500509516453 ], [ -76.316842616816928, 43.033753507443215 ], [ -76.315342615912073, 43.034807508490672 ], [ -76.315906620394514, 43.039054505998948 ], [ -76.317780622618884, 43.038944504174481 ] ] ] } },
{ "type": "Feature", "properties": { "GEOID": "36067012500", "tract_name": "Census Tract 125; Onondaga County; New York", "median_age": 39.8, "median_income": 72672.0, "population_density": 4481.3101301882571, "county": "Onondaga" }, "geometry": { "type": "Polygon", "coordinates": [ [ [ -76.265315559543637, 43.041397555125812 ], [ -76.265502568504871, 43.052396548134787 ], [ -76.242867547064677, 43.052037564619496 ], [ -76.238742542100027, 43.04698856867951 ], [ -76.255105547323069, 43.042020564847206 ], [ -76.265315559543637, 43.041397555125812 ] ] ] } },
{ "type": "Feature", "properties": { "GEOID": "36067011800", "tract_name": "Census Tract 118; Onondaga County; New York", "median_age": 42.5, "median_income": 59645.0, "population_density": 1917.8316479613545, "county": "Onondaga" }, "geometry": { "type": "Polygon", "coordinates": [ [ [ -76.327292734516448, 43.148456449277354 ], [ -76.323805728382837, 43.147280452002931 ], [ -76.322682729035577, 43.149801451640577 ], [ -76.315894717895503, 43.14838945657943 ], [ -76.30966570270499, 43.141409463854338 ], [ -76.303717694514219, 43.141835467577934 ], [ -76.297379683067888, 43.139125473151395 ], [ -76.28892266338714, 43.130133483675145 ], [ -76.279401645234486, 43.124456493577952 ], [ -76.269793622644372, 43.11313450731496 ], [ -76.277413632062164, 43.111752502364162 ], [ -76.288647648041021, 43.112301493535895 ], [ -76.319322705437003, 43.128982462945778 ], [ -76.327292734516448, 43.148456449277354 ] ] ] } },
{ "type": "Feature", "properties": { "GEOID": "36067011700", "tract_name": "Census Tract 117; Onondaga County; New York", "median_age": 40.4, "median_income": 70079.0, "population_density": 1891.5313648168283, "county": "Onondaga" }, "geometry": { "type": "Polygon", "coordinates": [ [ [ -76.362806799121898, 43.161679422692792 ], [ -76.349184779071564, 43.161777430754327 ], [ -76.34353376971788, 43.160724434490511 ], [ -76.337582757843904, 43.157422439301833 ], [ -76.326405739814319, 43.155675446830365 ], [ -76.322693728056819, 43.148702452105773 ], [ -76.323805728382837, 43.147280452002931 ], [ -76.327292734516448, 43.148456449277354 ], [ -76.319322705437003, 43.128982462945778 ], [ -76.353334770913634, 43.146962433153377 ], [ -76.362806799121898, 43.161679422692792 ] ] ] } },
{ "type": "Feature", "properties": { "GEOID": "36067013300", "tract_name": "Census Tract 133; Onondaga County; New York", "median_age": 44.2, "median_income": 70556.0, "population_density": 3086.2429047087921, "county": "Onondaga" }, "geometry": { "type": "Polygon", "coordinates": [ [ [ -76.222649591023924, 43.107789535337943 ], [ -76.215234594075028, 43.111241535917543 ], [ -76.214513595764444, 43.11311653509371 ], [ -76.210320595537198, 43.11279953678855 ], [ -76.20992459758223, 43.115027535673931 ], [ -76.205060597564852, 43.114893537530492 ], [ -76.2045365957147, 43.112904538816657 ], [ -76.201235595412214, 43.112536540207259 ], [ -76.203888594219663, 43.11130153992972 ], [ -76.204716590107452, 43.106911542051741 ], [ -76.198204585380097, 43.102045546895049 ], [ -76.204060580712579, 43.096898547774494 ], [ -76.222649591023924, 43.107789535337943 ] ] ] } },
{ "type": "Feature", "properties": { "GEOID": "36067013400", "tract_name": "Census Tract 134; Onondaga County; New York", "median_age": 41.0, "median_income": 88302.0, "population_density": 1898.8400131186888, "county": "Onondaga" }, "geometry": { "type": "Polygon", "coordinates": [ [ [ -76.254229612936413, 43.12847150900113 ], [ -76.25271461220926, 43.130312508850842 ], [ -76.245410609412289, 43.13118651203731 ], [ -76.237768615835222, 43.138330510607375 ], [ -76.205060597564852, 43.114893537530492 ], [ -76.20992459758223, 43.115027535673931 ], [ -76.210320595537198, 43.11279953678855 ], [ -76.214513595764444, 43.11311653509371 ], [ -76.215234594075028, 43.111241535917543 ], [ -76.222700590999921, 43.107761535336969 ], [ -76.217425588111709, 43.104537539052529 ], [ -76.220301582594288, 43.098181541839004 ], [ -76.242773597149437, 43.115400523392012 ], [ -76.243075599098205, 43.117877521666642 ], [ -76.251344604289642, 43.122508515001087 ], [ -76.250821604912446, 43.124281514196525 ], [ -76.254229612936413, 43.12847150900113 ] ] ] } },
{ "type": "Feature", "properties": { "GEOID": "36067013500", "tract_name": "Census Tract 135; Onondaga County; New York", "median_age": 49.3, "median_income": 69750.0, "population_density": 2626.6589807065925, "county": "Onondaga" }, "geometry": { "type": "Polygon", "coordinates": [ [ [ -76.2045365957147, 43.112904538816657 ], [ -76.204945598172785, 43.115541537215393 ], [ -76.159097601105657, 43.117190553370968 ], [ -76.160826588995093, 43.106246557487822 ], [ -76.169663577504323, 43.095397559425329 ], [ -76.202038594129533, 43.111190540649908 ], [ -76.201235595412214, 43.112536540207259 ], [ -76.2045365957147, 43.112904538816657 ] ] ] } },
{ "type": "Feature", "properties": { "GEOID": "36067013600", "tract_name": "Census Tract 136; Onondaga County; New York", "median_age": 35.7, "median_income": 62316.0, "population_density": 4590.0564411867063, "county": "Onondaga" }, "geometry": { "type": "Polygon", "coordinates": [ [ [ -76.204635590179706, 43.106989542036764 ], [ -76.203888594219663, 43.11130153992972 ], [ -76.202038594129533, 43.111190540649908 ], [ -76.186016587256134, 43.104238549845427 ], [ -76.187672584534553, 43.101485550677872 ], [ -76.180413581205968, 43.09845255455506 ], [ -76.184323578400395, 43.095524554747797 ], [ -76.189048578871279, 43.095751553143337 ], [ -76.194212576570223, 43.093121552888491 ], [ -76.200140584205698, 43.100757546945445 ], [ -76.198204585380097, 43.102045546895049 ], [ -76.204635590179706, 43.106989542036764 ] ] ] } },
{ "type": "Feature", "properties": { "GEOID": "36067013800", "tract_name": "Census Tract 138; Onondaga County; New York", "median_age": 45.6, "median_income": 76994.0, "population_density": 2024.73377099697, "county": "Onondaga" }, "geometry": { "type": "Polygon", "coordinates": [ [ [ -76.169638577540411, 43.095432559417155 ], [ -76.160826588995093, 43.106246557487822 ], [ -76.159097601105657, 43.117190553370968 ], [ -76.131011603448016, 43.118416563387612 ], [ -76.145598595399846, 43.111916560477688 ], [ -76.163826574783471, 43.093182562243584 ], [ -76.169638577540411, 43.095432559417155 ] ] ] } },
{ "type": "Feature", "properties": { "GEOID": "36055013508", "tract_name": "Census Tract 135.08; Monroe County; New York", "median_age": 42.8, "median_income": 106310.0, "population_density": 1046.3398597325101, "county": "Monroe" }, "geometry": { "type": "Polygon", "coordinates": [ [ [ -77.751486284097879, 43.244365055588943 ], [ -77.74999529124868, 43.279209030065786 ], [ -77.715051295532149, 43.269605958868212 ], [ -77.715653285524567, 43.249195974558056 ], [ -77.717101291076304, 43.244452978753635 ], [ -77.720090290364382, 43.24450498572358 ], [ -77.720866291866827, 43.243132987735379 ], [ -77.72319229009949, 43.244167993011132 ], [ -77.723816296361164, 43.23886699516158 ], [ -77.733352293928718, 43.239011017144527 ], [ -77.733229288818976, 43.243394016492879 ], [ -77.751486284097879, 43.244365055588943 ] ] ] } },
{ "type": "Feature", "properties": { "GEOID": "36067005200", "tract_name": "Census Tract 52; Onondaga County; New York", "median_age": 32.6, "median_income": 39670.0, "population_density": 6939.2818936295107, "county": "Onondaga" }, "geometry": { "type": "Polygon", "coordinates": [ [ [ -76.164334505943813, 43.029910590193502 ], [ -76.16433951196781, 43.035443587734846 ], [ -76.154660510309483, 43.03637758886093 ], [ -76.152837501843464, 43.029344592062287 ], [ -76.158298501297921, 43.027364592142121 ], [ -76.161765503027027, 43.027958591412641 ], [ -76.160900504643934, 43.029668590787018 ], [ -76.164334505943813, 43.029910590193502 ] ] ] } },
{ "type": "Feature", "properties": { "GEOID": "36067005500", "tract_name": "Census Tract 55; Onondaga County; New York", "median_age": 30.2, "median_income": 39259.0, "population_density": 3164.7921193303978, "county": "Onondaga" }, "geometry": { "type": "Polygon", "coordinates": [ [ [ -76.142667503481704, 43.033376591932111 ], [ -76.132486500951131, 43.033706593353635 ], [ -76.129443498468902, 43.032387594281332 ], [ -76.127902477468979, 43.015635600343586 ], [ -76.122533468564768, 43.010024602779275 ], [ -76.124242466440109, 43.007793603381202 ], [ -76.135856472522846, 43.009141601909405 ], [ -76.13999748299544, 43.016678598682688 ], [ -76.140178493633329, 43.025638595253461 ], [ -76.142667503481704, 43.033376591932111 ] ] ] } },
{ "type": "Feature", "properties": { "GEOID": "36067005601", "tract_name": "Census Tract 56.01; Onondaga County; New York", "median_age": 32.6, "median_income": 87143.0, "population_density": 2598.9152378841522, "county": "Onondaga" }, "geometry": { "type": "Polygon", "coordinates": [ [ [ -76.129222495484498, 43.029997595154711 ], [ -76.111681491147323, 43.03072359743075 ], [ -76.110985480243045, 43.022437600046977 ], [ -76.124559484323456, 43.022123598491099 ], [ -76.122635472951842, 43.013512601603999 ], [ -76.125267473762946, 43.013395601383479 ], [ -76.122533468564768, 43.010024602779275 ], [ -76.127902477468979, 43.015635600343586 ], [ -76.129222495484498, 43.029997595154711 ] ] ] } },
{ "type": "Feature", "properties": { "GEOID": "36067005700", "tract_name": "Census Tract 57; Onondaga County; New York", "median_age": 41.0, "median_income": 56378.0, "population_density": 3570.4369279293601, "county": "Onondaga" }, "geometry": { "type": "Polygon", "coordinates": [ [ [ -76.175517496728233, 43.01788359430077 ], [ -76.175494498422296, 43.019510593532715 ], [ -76.154279490993716, 43.019326596044181 ], [ -76.156986487326506, 43.015214597481851 ], [ -76.149958479360478, 43.010438600149449 ], [ -76.164558485924815, 43.011442598376462 ], [ -76.167309485189634, 43.009812598856122 ], [ -76.167660487279022, 43.011631598000832 ], [ -76.170492486395574, 43.009817598569903 ], [ -76.170991493615915, 43.016431595471254 ], [ -76.175517496728233, 43.01788359430077 ] ] ] } },
{ "type": "Feature", "properties": { "GEOID": "36067005800", "tract_name": "Census Tract 58; Onondaga County; New York", "median_age": 28.7, "median_income": 24022.0, "population_density": 6145.4116210954435, "county": "Onondaga" }, "geometry": { "type": "Polygon", "coordinates": [ [ [ -76.158239501452982, 43.02752059208332 ], [ -76.152837501843464, 43.029344592062287 ], [ -76.147884481424725, 43.012907599348125 ], [ -76.153539483146844, 43.012602598924396 ], [ -76.156932487221269, 43.01513759752013 ], [ -76.15696948907437, 43.016785596816227 ], [ -76.154102490368558, 43.018825596273444 ], [ -76.15479249690803, 43.024429593847024 ], [ -76.158239501452982, 43.02752059208332 ] ] ] } },
{ "type": "Feature", "properties": { "GEOID": "36067005900", "tract_name": "Census Tract 59; Onondaga County; New York", "median_age": 29.9, "median_income": 50994.0, "population_density": 9091.4932261158119, "county": "Onondaga" }, "geometry": { "type": "Polygon", "coordinates": [ [ [ -76.149278490077279, 43.020015596336933 ], [ -76.1405424872666, 43.020139597303775 ], [ -76.13999748299544, 43.016678598682688 ], [ -76.141225483352557, 43.016615598575065 ], [ -76.141734479711502, 43.013362599771838 ], [ -76.147900481615878, 43.013068599282015 ], [ -76.149278490077279, 43.020015596336933 ] ] ] } },
{ "type": "Feature", "properties": { "GEOID": "36067006000", "tract_name": "Census Tract 60; Onondaga County; New York", "median_age": 37.4, "median_income": 43443.0, "population_density": 2277.6635630563019, "county": "Onondaga" }, "geometry": { "type": "Polygon", "coordinates": [ [ [ -76.165619479912195, 43.005530600923528 ], [ -76.160080475657267, 43.003651602168723 ], [ -76.161223483787481, 43.010624599044938 ], [ -76.149958479360478, 43.010438600149449 ], [ -76.153539483146844, 43.012602598924396 ], [ -76.147884481424725, 43.012907599348125 ], [ -76.146879467555138, 43.001214604102344 ], [ -76.148571468509246, 43.00144160389835 ], [ -76.148025460072432, 42.989900597484727 ], [ -76.150012457508893, 42.984705593614315 ], [ -76.163675462709222, 42.984164591454416 ], [ -76.165619479912195, 43.005530600923528 ] ] ] } },
{ "type": "Feature", "properties": { "GEOID": "36067006101", "tract_name": "Census Tract 61.01; Onondaga County; New York", "median_age": 41.3, "median_income": 31519.0, "population_density": 7876.5715385662415, "county": "Onondaga" }, "geometry": { "type": "Polygon", "coordinates": [ [ [ -76.147900481615878, 43.013068599282015 ], [ -76.141734479711502, 43.013362599771838 ], [ -76.141225483352557, 43.016615598575065 ], [ -76.13999748299544, 43.016678598682688 ], [ -76.135005470183998, 43.007461602600245 ], [ -76.13501146393547, 43.002251604511507 ], [ -76.138574463082705, 43.00031360499402 ], [ -76.146879467555138, 43.001214604102344 ], [ -76.147900481615878, 43.013068599282015 ] ] ] } },
{ "type": "Feature", "properties": { "GEOID": "36067006102", "tract_name": "Census Tract 61.02; Onondaga County; New York", "median_age": 57.3, "median_income": 22642.0, "population_density": 2823.0155199324608, "county": "Onondaga" }, "geometry": { "type": "Polygon", "coordinates": [ [ [ -76.13578347252384, 43.009165601906929 ], [ -76.124242466440109, 43.007793603381202 ], [ -76.126158463357712, 43.004696604284639 ], [ -76.124867449502801, 42.988187598913825 ], [ -76.133871452951638, 42.98783159766802 ], [ -76.13578347252384, 43.009165601906929 ] ] ] } },
{ "type": "Feature", "properties": { "GEOID": "36067006103", "tract_name": "Census Tract 61.03; Onondaga County; New York", "median_age": 51.0, "median_income": 61215.0, "population_density": 2891.4072747964588, "county": "Onondaga" }, "geometry": { "type": "Polygon", "coordinates": [ [ [ -76.149838457714353, 42.985130593935658 ], [ -76.148025460072432, 42.989900597484727 ], [ -76.148571468509246, 43.00144160389835 ], [ -76.138698463122083, 43.000303604989824 ], [ -76.13501146393547, 43.002251604511507 ], [ -76.133871452951638, 42.98783159766802 ], [ -76.13560145361096, 42.987758597422591 ], [ -76.135358451604787, 42.984790595543238 ], [ -76.149838457714353, 42.985130593935658 ] ] ] } },
{ "type": "Feature", "properties": { "GEOID": "36067013900", "tract_name": "Census Tract 139; Onondaga County; New York", "median_age": 35.2, "median_income": 73773.0, "population_density": 1496.8922965180682, "county": "Onondaga" }, "geometry": { "type": "Polygon", "coordinates": [ [ [ -76.145159578996896, 43.097787566197361 ], [ -76.145140595765753, 43.112227560519365 ], [ -76.131011603448016, 43.118416563387612 ], [ -76.118984604522183, 43.118934567734719 ], [ -76.117228578561054, 43.098397574969695 ], [ -76.145159578996896, 43.097787566197361 ] ] ] } },
{ "type": "Feature", "properties": { "GEOID": "36067014000", "tract_name": "Census Tract 140; Onondaga County; New York", "median_age": 37.2, "median_income": 67658.0, "population_density": 2753.0345774801349, "county": "Onondaga" }, "geometry": { "type": "Polygon", "coordinates": [ [ [ -76.163717574912127, 43.093306562222374 ], [ -76.145235595690352, 43.112163560510453 ], [ -76.145159578996896, 43.097787566197361 ], [ -76.117228578561054, 43.098397574969695 ], [ -76.116761571531697, 43.092873576881658 ], [ -76.15507057278846, 43.091880565495117 ], [ -76.163717574912127, 43.093306562222374 ] ] ] } },
{ "type": "Feature", "properties": { "GEOID": "36067014200", "tract_name": "Census Tract 142; Onondaga County; New York", "median_age": 38.2, "median_income": 57679.0, "population_density": 1890.6125657468758, "county": "Onondaga" }, "geometry": { "type": "Polygon", "coordinates": [ [ [ -76.173018561933659, 43.08047956533764 ], [ -76.171918565344725, 43.083811564093885 ], [ -76.163826574783471, 43.093182562243584 ], [ -76.15507057278846, 43.091880565495117 ], [ -76.116761571531697, 43.092873576881658 ], [ -76.115260546980181, 43.073686583385836 ], [ -76.123224548479001, 43.074028581219906 ], [ -76.124486547267622, 43.072915581271282 ], [ -76.125778547998706, 43.073363580787678 ], [ -76.126292555637221, 43.079502578544165 ], [ -76.136649556217037, 43.079010575900689 ], [ -76.139522560908958, 43.082699573722962 ], [ -76.142261559417776, 43.081192573534274 ], [ -76.147386564114825, 43.084794570673779 ], [ -76.156069561465202, 43.081710569486148 ], [ -76.16245556694102, 43.086100565778032 ], [ -76.171274557956011, 43.076913567467336 ], [ -76.173018561933659, 43.08047956533764 ] ] ] } },
{ "type": "Feature", "properties": { "GEOID": "36067014300", "tract_name": "Census Tract 143; Onondaga County; New York", "median_age": 43.8, "median_income": 52794.0, "population_density": 1935.4743134746086, "county": "Onondaga" }, "geometry": { "type": "Polygon", "coordinates": [ [ [ -76.090160534992691, 43.067405591412452 ], [ -76.084858533125896, 43.066667592863411 ], [ -76.085163537574019, 43.069834592044479 ], [ -76.052302534802664, 43.071246599963636 ], [ -76.051551522363383, 43.063115601347292 ], [ -76.057131523705579, 43.063360600026051 ], [ -76.056603513489918, 43.056599601231405 ], [ -76.083271517507782, 43.055664595779817 ], [ -76.084231522839815, 43.059353594718239 ], [ -76.090160534992691, 43.067405591412452 ] ] ] } },
{ "type": "Feature", "properties": { "GEOID": "36067014400", "tract_name": "Census Tract 144; Onondaga County; New York", "median_age": 37.7, "median_income": 54191.0, "population_density": 321.6725463044977, "county": "Onondaga" }, "geometry": { "type": "Polygon", "coordinates": [ [ [ -76.118984604522183, 43.118934567734719 ], [ -76.07844960831558, 43.120556582654764 ], [ -76.076840582790553, 43.102539587116823 ], [ -76.079346579412231, 43.100100586818002 ], [ -76.079213561747551, 43.087589589612456 ], [ -76.077011536911485, 43.070225593977504 ], [ -76.085163537574019, 43.069834592044479 ], [ -76.084858533125896, 43.066667592863411 ], [ -76.090240534980722, 43.067387591397647 ], [ -76.099297540186086, 43.070209588445564 ], [ -76.100373546841794, 43.075089586833137 ], [ -76.102573548854252, 43.076395585890836 ], [ -76.115450549663393, 43.075772582679022 ], [ -76.118984604522183, 43.118934567734719 ] ] ] } },
{ "type": "Feature", "properties": { "GEOID": "36067014500", "tract_name": "Census Tract 145; Onondaga County; New York", "median_age": 45.8, "median_income": 71701.0, "population_density": 578.14586913136918, "county": "Onondaga" }, "geometry": { "type": "Polygon", "coordinates": [ [ [ -76.079346579412231, 43.100100586818002 ], [ -76.076840582790553, 43.102539587116823 ], [ -76.07844960831558, 43.120556582654764 ], [ -76.042492612048932, 43.121963596183718 ], [ -76.039072532675235, 43.071104603302047 ], [ -76.052038529788817, 43.067961600516966 ], [ -76.052302534802664, 43.071246599963636 ], [ -76.077011536911485, 43.070225593977504 ], [ -76.079346579412231, 43.100100586818002 ] ] ] } },
{ "type": "Feature", "properties": { "GEOID": "36067000400", "tract_name": "Census Tract 4; Onondaga County; New York", "median_age": 42.1, "median_income": 66044.0, "population_density": 6746.7055039478028, "county": "Onondaga" }, "geometry": { "type": "Polygon", "coordinates": [ [ [ -76.153369553502287, 43.074913573061558 ], [ -76.139159560446217, 43.082339573961107 ], [ -76.136649556217037, 43.079010575900689 ], [ -76.126292555637221, 43.079502578544165 ], [ -76.125778547998706, 43.073363580787678 ], [ -76.124493547356607, 43.072986581245409 ], [ -76.14194654875746, 43.072136577110165 ], [ -76.153369553502287, 43.074913573061558 ] ] ] } },
{ "type": "Feature", "properties": { "GEOID": "36067000700", "tract_name": "Census Tract 7; Onondaga County; New York", "median_age": 33.5, "median_income": 44549.0, "population_density": 12358.428907345728, "county": "Onondaga" }, "geometry": { "type": "Polygon", "coordinates": [ [ [ -76.149846545294622, 43.068136576731995 ], [ -76.146027550641065, 43.073267575627959 ], [ -76.142565549248559, 43.072481576819804 ], [ -76.143342540670375, 43.065045579513999 ], [ -76.149846545294622, 43.068136576731995 ] ] ] } },
{ "type": "Feature", "properties": { "GEOID": "36067011012", "tract_name": "Census Tract 110.12; Onondaga County; New York", "median_age": 39.0, "median_income": 72179.0, "population_density": 5111.0129702359964, "county": "Onondaga" }, "geometry": { "type": "Polygon", "coordinates": [ [ [ -76.187554624830213, 43.141770530356055 ], [ -76.178289625772962, 43.141574534498957 ], [ -76.170964621763957, 43.136957539827719 ], [ -76.185549601685395, 43.118562542839356 ], [ -76.187554624830213, 43.141770530356055 ] ] ] } },
{ "type": "Feature", "properties": { "GEOID": "36067011021", "tract_name": "Census Tract 110.21; Onondaga County; New York", "median_age": 43.6, "median_income": 110129.0, "population_density": 764.66760175701188, "county": "Onondaga" }, "geometry": { "type": "Polygon", "coordinates": [ [ [ -76.1890546354268, 43.152610524178968 ], [ -76.181058653518789, 43.168975519910497 ], [ -76.17271165271093, 43.166418525348796 ], [ -76.159270647365901, 43.158957535310172 ], [ -76.148371646635823, 43.156530541542544 ], [ -76.130165640773242, 43.14903255286201 ], [ -76.129813635758197, 43.144876554490629 ], [ -76.149638630040641, 43.142226546739742 ], [ -76.157033626159929, 43.139580544623868 ], [ -76.167707624213392, 43.138915540322465 ], [ -76.170964621763957, 43.136957539827719 ], [ -76.178289625772962, 43.141574534498957 ], [ -76.187554624830213, 43.141770530356055 ], [ -76.1890546354268, 43.152610524178968 ] ] ] } },
{ "type": "Feature", "properties": { "GEOID": "36067011022", "tract_name": "Census Tract 110.22; Onondaga County; New York", "median_age": 47.9, "median_income": 98281.0, "population_density": 3692.2328134165577, "county": "Onondaga" }, "geometry": { "type": "Polygon", "coordinates": [ [ [ -76.170774621959538, 43.137122539832241 ], [ -76.167707624213392, 43.138915540322465 ], [ -76.157033626159929, 43.139580544623868 ], [ -76.149638630040641, 43.142226546739742 ], [ -76.129813635758197, 43.144876554490629 ], [ -76.129499632071486, 43.141821555707033 ], [ -76.148610626258915, 43.138820548562066 ], [ -76.148370622587009, 43.135601549959596 ], [ -76.146672622668248, 43.135524550704595 ], [ -76.148096621374648, 43.134523550507602 ], [ -76.155942620028696, 43.133995547451775 ], [ -76.155941606663148, 43.122065552487875 ], [ -76.159539606299177, 43.12189555117584 ], [ -76.160677613428433, 43.128412547905981 ], [ -76.170774621959538, 43.137122539832241 ] ] ] } },
{ "type": "Feature", "properties": { "GEOID": "36067011101", "tract_name": "Census Tract 111.01; Onondaga County; New York", "median_age": 40.6, "median_income": 96103.0, "population_density": 3141.5258390728623, "county": "Onondaga" }, "geometry": { "type": "Polygon", "coordinates": [ [ [ -76.239479619047003, 43.142564507155839 ], [ -76.23720162205953, 43.145919506021364 ], [ -76.237042625066877, 43.149593503756471 ], [ -76.207508630405016, 43.150468516782958 ], [ -76.206754621920808, 43.141193522286841 ], [ -76.20918862156914, 43.141132521261234 ], [ -76.208291616982123, 43.136037524505269 ], [ -76.214374612579363, 43.131827524364439 ], [ -76.227911611124838, 43.131483519014203 ], [ -76.237768615835222, 43.138330510607375 ], [ -76.239479619047003, 43.142564507155839 ] ] ] } },
{ "type": "Feature", "properties": { "GEOID": "36067011102", "tract_name": "Census Tract 111.02; Onondaga County; New York", "median_age": 28.4, "median_income": 49565.0, "population_density": 1177.7637118555094, "county": "Onondaga" }, "geometry": { "type": "Polygon", "coordinates": [ [ [ -76.227911611124838, 43.131483519014203 ], [ -76.215823612176223, 43.131515523950156 ], [ -76.209418615327934, 43.134359524974613 ], [ -76.208036618198278, 43.137327523891223 ], [ -76.20918862156914, 43.141132521261234 ], [ -76.206754621920808, 43.141193522286841 ], [ -76.207508630405016, 43.150468516782958 ], [ -76.194223633125063, 43.151123522550236 ], [ -76.188080632120034, 43.149137526392558 ], [ -76.185273599143414, 43.116033544206083 ], [ -76.204810598096586, 43.115456537311871 ], [ -76.227911611124838, 43.131483519014203 ] ] ] } },
{ "type": "Feature", "properties": { "GEOID": "36067011201", "tract_name": "Census Tract 112.01; Onondaga County; New York", "median_age": 37.1, "median_income": 65038.0, "population_density": 2324.1392821289292, "county": "Onondaga" }, "geometry": { "type": "Polygon", "coordinates": [ [ [ -76.27655568317013, 43.175904465666939 ], [ -76.26116766336186, 43.180202471366705 ], [ -76.250032642679173, 43.175206480648612 ], [ -76.228069633420361, 43.157835502816766 ], [ -76.227302631220795, 43.155079504866059 ], [ -76.22966862637756, 43.149807506998897 ], [ -76.237042625066877, 43.149593503756471 ], [ -76.246850632069282, 43.160565492008189 ], [ -76.264736658402626, 43.167115477594976 ], [ -76.269521670207297, 43.172952471303418 ], [ -76.27655568317013, 43.175904465666939 ] ] ] } },
{ "type": "Feature", "properties": { "GEOID": "36029009110", "tract_name": "Census Tract 91.10; Erie County; New York", "median_age": 19.2, "median_income": null, "population_density": 3014.1119022398675, "county": "Erie" }, "geometry": { "type": "Polygon", "coordinates": [ [ [ -78.802001620031064, 42.994434333915898 ], [ -78.798733611274784, 42.998686333462096 ], [ -78.798969603885382, 43.012307332505863 ], [ -78.784515588880552, 43.012760332335219 ], [ -78.778130584398326, 43.006902332759886 ], [ -78.765481571223958, 43.005853332790736 ], [ -78.762445568516952, 43.003597332991518 ], [ -78.761749568498431, 43.000471333288196 ], [ -78.763479573313177, 42.997548333399855 ], [ -78.760823570969947, 42.997000333398695 ], [ -78.761724573462104, 42.995687333435129 ], [ -78.769477582168037, 42.995659333503511 ], [ -78.769491578282398, 42.999064333370022 ], [ -78.773157582410192, 42.999022333378868 ], [ -78.773241586137289, 42.995869333526578 ], [ -78.784272597056756, 42.997079333534785 ], [ -78.788658608797078, 42.991278334012065 ], [ -78.798171619891519, 42.990963334209624 ], [ -78.802001620031064, 42.994434333915898 ] ] ] } },
{ "type": "Feature", "properties": { "GEOID": "36029013201", "tract_name": "Census Tract 132.01; Erie County; New York", "median_age": 45.3, "median_income": 82176.0, "population_density": 694.78869204216676, "county": "Erie" }, "geometry": { "type": "Polygon", "coordinates": [ [ [ -78.935963956574483, 42.696347451190121 ], [ -78.893140989743742, 42.724883414120193 ], [ -78.87718299985417, 42.737307401272233 ], [ -78.851510989513528, 42.751333384153853 ], [ -78.816025934289513, 42.75142236637663 ], [ -78.829043941298167, 42.742327374592385 ], [ -78.835513929783318, 42.731923380132521 ], [ -78.846401962771566, 42.74040738410293 ], [ -78.863251969654399, 42.732816395066983 ], [ -78.854836943163249, 42.726113392188303 ], [ -78.847643930465836, 42.724561388518573 ], [ -78.847548920835806, 42.720142389512844 ], [ -78.841958915066883, 42.720690386170958 ], [ -78.846271905072541, 42.713508390330055 ], [ -78.86757789039639, 42.696797407720865 ], [ -78.935963956574483, 42.696347451190121 ] ] ] } },
{ "type": "Feature", "properties": { "GEOID": "36067014600", "tract_name": "Census Tract 146; Onondaga County; New York", "median_age": 25.4, "median_income": 76491.0, "population_density": 1349.6884337361616, "county": "Onondaga" }, "geometry": { "type": "Polygon", "coordinates": [ [ [ -76.092678509336565, 43.048253595696465 ], [ -76.089436512106502, 43.050817595681252 ], [ -76.089743517345426, 43.054587594687106 ], [ -76.056603513489918, 43.056599601231405 ], [ -76.057131523705579, 43.063360600026051 ], [ -76.051551522363383, 43.063115601347292 ], [ -76.052038529788817, 43.067961600516966 ], [ -76.039072532675235, 43.071104603302047 ], [ -76.037176489866255, 43.044031606730854 ], [ -76.044782488113782, 43.041675605670704 ], [ -76.05185649248908, 43.043366604195768 ], [ -76.059706479784438, 43.033494604464479 ], [ -76.074256488310283, 43.036532601630192 ], [ -76.074602495519585, 43.041510600540882 ], [ -76.076912492741172, 43.039136600649449 ], [ -76.079636494625888, 43.039959600014072 ], [ -76.081776496965745, 43.041227599365776 ], [ -76.082124501729012, 43.044564598546579 ], [ -76.092678509336565, 43.048253595696465 ] ] ] } },
{ "type": "Feature", "properties": { "GEOID": "36067014700", "tract_name": "Census Tract 147; Onondaga County; New York", "median_age": 48.8, "median_income": 141213.0, "population_density": 1457.8177537722083, "county": "Onondaga" }, "geometry": { "type": "Polygon", "coordinates": [ [ [ -76.111572489246186, 43.029273597888967 ], [ -76.107548488279875, 43.029468598396861 ], [ -76.107936492699579, 43.032771597365844 ], [ -76.093004489314524, 43.033467599422949 ], [ -76.09333049431055, 43.037077598445464 ], [ -76.083831492262632, 43.037473599883462 ], [ -76.082308490208874, 43.03630260039737 ], [ -76.077578490954664, 43.03775160083714 ], [ -76.059706479784438, 43.033494604464479 ], [ -76.062453474559376, 43.029417604764362 ], [ -76.062716463299594, 43.021725606084203 ], [ -76.065689458123401, 43.017512606501867 ], [ -76.095085449983785, 43.003919606840689 ], [ -76.109484457796185, 43.005507605304096 ], [ -76.111572489246186, 43.029273597888967 ] ] ] } },
{ "type": "Feature", "properties": { "GEOID": "36067014800", "tract_name": "Census Tract 148; Onondaga County; New York", "median_age": 47.0, "median_income": 143125.0, "population_density": 547.82577213927254, "county": "Onondaga" }, "geometry": { "type": "Polygon", "coordinates": [ [ [ -76.074968438989075, 43.001848608754862 ], [ -76.075271454049698, 43.012319606540608 ], [ -76.063783460579785, 43.019634606330271 ], [ -76.061952476246645, 43.030662604617817 ], [ -76.05185649248908, 43.043366604195768 ], [ -76.044782488113782, 43.041675605670704 ], [ -76.037176489866255, 43.044031606730854 ], [ -76.03570245821814, 43.024190609082659 ], [ -76.026065448609089, 43.020161610628989 ], [ -76.023570410243806, 42.991794610996322 ], [ -76.043499418975358, 42.99272760928153 ], [ -76.067649427085314, 42.989751605948967 ], [ -76.069411428734767, 42.991276606316518 ], [ -76.069644431279386, 42.99529860776186 ], [ -76.072629433267537, 42.996540607982766 ], [ -76.071984434487618, 42.998976608946641 ], [ -76.074968438989075, 43.001848608754862 ] ] ] } },
{ "type": "Feature", "properties": { "GEOID": "36067014900", "tract_name": "Census Tract 149; Onondaga County; New York", "median_age": 38.7, "median_income": 119022.0, "population_density": 478.30143842421643, "county": "Onondaga" }, "geometry": { "type": "Polygon", "coordinates": [ [ [ -76.109484457796185, 43.005507605304096 ], [ -76.093467449563988, 43.004086606916893 ], [ -76.084073453826889, 43.009836606275094 ], [ -76.075271454049698, 43.012319606540608 ], [ -76.074968438989075, 43.001848608754862 ], [ -76.072000434519879, 42.999018608961315 ], [ -76.072533433132094, 42.996383607931001 ], [ -76.069412430939678, 42.994897607635124 ], [ -76.068141427413138, 42.989959605971158 ], [ -76.043499418975358, 42.99272760928153 ], [ -76.025607411207915, 42.992013610836004 ], [ -76.023570410243806, 42.991794610996322 ], [ -76.023072406209849, 42.985249609942102 ], [ -76.107521438014885, 42.981178597197086 ], [ -76.109484457796185, 43.005507605304096 ] ] ] } },
{ "type": "Feature", "properties": { "GEOID": "36067016300", "tract_name": "Census Tract 163; Onondaga County; New York", "median_age": 44.0, "median_income": 114331.0, "population_density": 1020.8080186443549, "county": "Onondaga" }, "geometry": { "type": "Polygon", "coordinates": [ [ [ -76.227291509840654, 43.012197592050597 ], [ -76.202557500821825, 43.012289594362173 ], [ -76.202397502693472, 43.014334593263904 ], [ -76.182308497898219, 43.016723594120826 ], [ -76.175811498127899, 43.019125593679007 ], [ -76.174844497026612, 43.018390594135859 ], [ -76.175990496495345, 43.017503594429009 ], [ -76.170991493615915, 43.016431595471254 ], [ -76.170492486395574, 43.009817598569903 ], [ -76.167660487279022, 43.011631598000832 ], [ -76.167309485189634, 43.009812598856122 ], [ -76.165003486048647, 43.011404598351803 ], [ -76.161390484334888, 43.011065598837199 ], [ -76.160080475657267, 43.003651602168723 ], [ -76.165619479912195, 43.005530600923528 ], [ -76.163675462709222, 42.984164591454416 ], [ -76.157376460316328, 42.984419592462046 ], [ -76.160666452414404, 42.970323581472627 ], [ -76.166210447588966, 42.959630572162389 ], [ -76.17078144919418, 42.959335570860105 ], [ -76.171612456665898, 42.970143579264679 ], [ -76.176170458365988, 42.969963578254756 ], [ -76.17672646323085, 42.97695958386678 ], [ -76.191236468627977, 42.976295580952979 ], [ -76.187847470587769, 42.981260585797749 ], [ -76.20638547747005, 42.98034258229179 ], [ -76.209271489416395, 42.99618759699672 ], [ -76.225754494752735, 42.99406359351196 ], [ -76.227291509840654, 43.012197592050597 ] ] ] } },
{ "type": "Feature", "properties": { "GEOID": "36067000800", "tract_name": "Census Tract 8; Onondaga County; New York", "median_age": 33.1, "median_income": 32264.0, "population_density": 12698.882741577585, "county": "Onondaga" }, "geometry": { "type": "Polygon", "coordinates": [ [ [ -76.143353539486583, 43.064030579906181 ], [ -76.142565549248559, 43.072481576819804 ], [ -76.134473548137905, 43.072495578873017 ], [ -76.133940538342614, 43.064420581948873 ], [ -76.139492537692874, 43.063073581164751 ], [ -76.139584538965892, 43.064136580740765 ], [ -76.143353539486583, 43.064030579906181 ] ] ] } },
{ "type": "Feature", "properties": { "GEOID": "36067000900", "tract_name": "Census Tract 9; Onondaga County; New York", "median_age": 39.1, "median_income": 90764.0, "population_density": 7078.967541012059, "county": "Onondaga" }, "geometry": { "type": "Polygon", "coordinates": [ [ [ -76.134473548137905, 43.072495578873017 ], [ -76.124830547343464, 43.072938581175563 ], [ -76.11476454020719, 43.068433585160811 ], [ -76.131347533456264, 43.060757583862078 ], [ -76.133853537212772, 43.063494582306106 ], [ -76.134473548137905, 43.072495578873017 ] ] ] } },
{ "type": "Feature", "properties": { "GEOID": "36067001000", "tract_name": "Census Tract 10; Onondaga County; New York", "median_age": 45.1, "median_income": 38516.0, "population_density": 8178.5460006402254, "county": "Onondaga" }, "geometry": { "type": "Polygon", "coordinates": [ [ [ -76.124999547390246, 43.072957581125898 ], [ -76.115260546980181, 43.073686583385836 ], [ -76.115450549663393, 43.075772582679022 ], [ -76.102573548854252, 43.076395585890836 ], [ -76.100373546841794, 43.075089586833137 ], [ -76.100064541097694, 43.070808588090429 ], [ -76.09651253856137, 43.06930858937649 ], [ -76.11476454020719, 43.068433585160811 ], [ -76.124999547390246, 43.072957581125898 ] ] ] } },
{ "type": "Feature", "properties": { "GEOID": "36067001500", "tract_name": "Census Tract 15; Onondaga County; New York", "median_age": 29.0, "median_income": 45417.0, "population_density": 11874.637780674298, "county": "Onondaga" }, "geometry": { "type": "Polygon", "coordinates": [ [ [ -76.146472535431911, 43.06006158075855 ], [ -76.143353539425831, 43.063978579926399 ], [ -76.13849253757121, 43.063118581377395 ], [ -76.138518538911725, 43.064244580947843 ], [ -76.133940538342614, 43.064420581948873 ], [ -76.132777535599203, 43.062313582980721 ], [ -76.141501530820889, 43.056926583064275 ], [ -76.146472535431911, 43.06006158075855 ] ] ] } },
{ "type": "Feature", "properties": { "GEOID": "36067011241", "tract_name": "Census Tract 112.41; Onondaga County; New York", "median_age": 45.3, "median_income": 125417.0, "population_density": 756.39493973240917, "county": "Onondaga" }, "geometry": { "type": "Polygon", "coordinates": [ [ [ -76.199877666092448, 43.186639500836186 ], [ -76.162740675625813, 43.185375522012173 ], [ -76.151271673126729, 43.18026553043601 ], [ -76.150393648547322, 43.158523539768197 ], [ -76.158000650642961, 43.161687534755508 ], [ -76.156850647592933, 43.158751536564722 ], [ -76.152933647067854, 43.157636538913486 ], [ -76.158460647170102, 43.158643535835438 ], [ -76.17271165271093, 43.166418525348796 ], [ -76.188413654689541, 43.171823514723258 ], [ -76.19797465178732, 43.171168510137022 ], [ -76.199520653964697, 43.173829507912821 ], [ -76.199877666092448, 43.186639500836186 ] ] ] } },
{ "type": "Feature", "properties": { "GEOID": "36067011401", "tract_name": "Census Tract 114.01; Onondaga County; New York", "median_age": 46.0, "median_income": 106250.0, "population_density": 918.80546898837872, "county": "Onondaga" }, "geometry": { "type": "Polygon", "coordinates": [ [ [ -76.324226794438076, 43.219343421137673 ], [ -76.314279779268858, 43.220085424812737 ], [ -76.308040772268257, 43.223435425713845 ], [ -76.303473769592443, 43.228769424864602 ], [ -76.289524738950362, 43.21902643531395 ], [ -76.287076728090213, 43.210690440867644 ], [ -76.282915718281799, 43.206754444874761 ], [ -76.279905708773882, 43.200922449545594 ], [ -76.282730709016093, 43.195903451052928 ], [ -76.276404694324484, 43.189872457610548 ], [ -76.279119694688987, 43.185239458908235 ], [ -76.277009688640945, 43.181770462012167 ], [ -76.278153687215749, 43.177906463637505 ], [ -76.276684683335134, 43.175868465617292 ], [ -76.320112736088092, 43.161792448014765 ], [ -76.324226794438076, 43.219343421137673 ] ] ] } },
{ "type": "Feature", "properties": { "GEOID": "36067011500", "tract_name": "Census Tract 115; Onondaga County; New York", "median_age": 42.9, "median_income": 101387.0, "population_density": 638.28446009156949, "county": "Onondaga" }, "geometry": { "type": "Polygon", "coordinates": [ [ [ -76.321660737816757, 43.161171447364346 ], [ -76.276684683335134, 43.175868465617292 ], [ -76.269521670207297, 43.172952471303418 ], [ -76.266358661485654, 43.167954476143485 ], [ -76.245838631685388, 43.159819492992185 ], [ -76.237042625066877, 43.149593503756471 ], [ -76.23720162205953, 43.145919506021364 ], [ -76.239479619047003, 43.142564507155839 ], [ -76.237688615982592, 43.138501510532585 ], [ -76.246293608952968, 43.130690512003554 ], [ -76.253762613214761, 43.129689508529019 ], [ -76.25394961146182, 43.127072510117337 ], [ -76.250732604515065, 43.123925514498083 ], [ -76.254193606851501, 43.1206505141581 ], [ -76.257839611953656, 43.120653511494844 ], [ -76.261685619909372, 43.123930506618592 ], [ -76.265436624413567, 43.122964504519203 ], [ -76.272115635383543, 43.124945498512687 ], [ -76.277922642726239, 43.123932494941613 ], [ -76.28892266338714, 43.130133483675145 ], [ -76.297379683067888, 43.139125473151395 ], [ -76.303303693846033, 43.141752467892104 ], [ -76.308405700530969, 43.140998464883552 ], [ -76.310876705265628, 43.142336462619028 ], [ -76.314448714834469, 43.147309457995732 ], [ -76.312667713735834, 43.148986458362657 ], [ -76.321374733416391, 43.15676444944738 ], [ -76.319358730208236, 43.15649045079892 ], [ -76.319059730897081, 43.157746450427027 ], [ -76.321660737816757, 43.161171447364346 ] ] ] } },
{ "type": "Feature", "properties": { "GEOID": "36067011600", "tract_name": "Census Tract 116; Onondaga County; New York", "median_age": 41.5, "median_income": 98828.0, "population_density": 1643.237097285773, "county": "Onondaga" }, "geometry": { "type": "Polygon", "coordinates": [ [ [ -76.364585806133519, 43.166118420343381 ], [ -76.360741808697568, 43.174574420002223 ], [ -76.360384818929347, 43.185577416843273 ], [ -76.354728809924183, 43.185187419883718 ], [ -76.345124790702783, 43.180362426559554 ], [ -76.334730774870692, 43.180273432128907 ], [ -76.321364752285319, 43.177686440372852 ], [ -76.320112736088092, 43.161792448014765 ], [ -76.321660737816757, 43.161171447364346 ], [ -76.31905773076123, 43.157598450493609 ], [ -76.321374733416391, 43.15676444944738 ], [ -76.312667713735834, 43.148986458362657 ], [ -76.314448714834469, 43.147309457995732 ], [ -76.321607726997613, 43.149277452548645 ], [ -76.32789374288518, 43.156645445516503 ], [ -76.337582757843904, 43.157422439301833 ], [ -76.34353376971788, 43.160724434490511 ], [ -76.354706787719408, 43.162274427313676 ], [ -76.362915799227991, 43.161623422644624 ], [ -76.364585806133519, 43.166118420343381 ] ] ] } },
{ "type": "Feature", "properties": { "GEOID": "36067015100", "tract_name": "Census Tract 151; Onondaga County; New York", "median_age": 48.0, "median_income": 104954.0, "population_density": 1917.3181199024127, "county": "Onondaga" }, "geometry": { "type": "Polygon", "coordinates": [ [ [ -76.035924464990359, 43.028442608604621 ], [ -76.00518445758658, 43.029634612826413 ], [ -75.976743452058756, 43.024259617665791 ], [ -75.975276419015827, 43.002230616355149 ], [ -75.979256415848056, 43.001214615895378 ], [ -75.984475421136537, 43.005888615576474 ], [ -75.994763424322969, 43.010086614441256 ], [ -76.003924429702593, 43.013430613352249 ], [ -76.014042435304475, 43.014590612297432 ], [ -76.03570245821814, 43.024190609082659 ], [ -76.035924464990359, 43.028442608604621 ] ] ] } },
{ "type": "Feature", "properties": { "GEOID": "36067015201", "tract_name": "Census Tract 152.01; Onondaga County; New York", "median_age": 45.4, "median_income": 98839.0, "population_density": 1146.860255748029, "county": "Onondaga" }, "geometry": { "type": "Polygon", "coordinates": [ [ [ -76.026065448609089, 43.020161610628989 ], [ -76.013681434944061, 43.014451612340743 ], [ -76.003426429322786, 43.013313613403774 ], [ -75.987800422228645, 43.007330615243497 ], [ -75.979256415848056, 43.001214615895378 ], [ -75.990727406275326, 42.995051614386512 ], [ -75.993460403362548, 42.991980613910748 ], [ -76.001845401764669, 42.992549613184345 ], [ -76.012289405054673, 42.990826611982484 ], [ -76.023570410243806, 42.991794610996322 ], [ -76.026065448609089, 43.020161610628989 ] ] ] } },
{ "type": "Feature", "properties": { "GEOID": "36067015203", "tract_name": "Census Tract 152.03; Onondaga County; New York", "median_age": 47.4, "median_income": 132054.0, "population_density": 1441.1038984331556, "county": "Onondaga" }, "geometry": { "type": "Polygon", "coordinates": [ [ [ -76.023570410243806, 42.991794610996322 ], [ -76.012289405054673, 42.990826611982484 ], [ -76.001845401764669, 42.992549613184345 ], [ -75.993460403362548, 42.991980613910748 ], [ -75.99041740651441, 42.995241614429062 ], [ -75.976535418018301, 43.001907616206694 ], [ -75.964277418569068, 42.997268616994688 ], [ -75.951569418067621, 42.98803561735501 ], [ -75.962536413979066, 42.988622616426959 ], [ -76.023072406209849, 42.985249609942102 ], [ -76.023570410243806, 42.991794610996322 ] ] ] } },
{ "type": "Feature", "properties": { "GEOID": "36067015202", "tract_name": "Census Tract 152.02; Onondaga County; New York", "median_age": 39.9, "median_income": 123864.0, "population_density": 1390.0374112910981, "county": "Onondaga" }, "geometry": { "type": "Polygon", "coordinates": [ [ [ -75.976743452058756, 43.024259617665791 ], [ -75.956574450820938, 43.020025620610731 ], [ -75.94604844326706, 43.012004620944438 ], [ -75.942713445799384, 43.013163621596654 ], [ -75.936553433283009, 43.001182620047217 ], [ -75.935566424897715, 42.988559618830521 ], [ -75.951569418067621, 42.98803561735501 ], [ -75.964277418569068, 42.997268616994688 ], [ -75.976535418018301, 43.001907616206694 ], [ -75.975276419015827, 43.002230616355149 ], [ -75.976743452058756, 43.024259617665791 ] ] ] } },
{ "type": "Feature", "properties": { "GEOID": "36067016400", "tract_name": "Census Tract 164; Onondaga County; New York", "median_age": 41.1, "median_income": 78810.0, "population_density": 804.43445457181861, "county": "Onondaga" }, "geometry": { "type": "Polygon", "coordinates": [ [ [ -76.273968558944844, 43.027369554829058 ], [ -76.273511559839719, 43.029162554241687 ], [ -76.194176517073984, 43.032115584797985 ], [ -76.195808516913786, 43.031457584903364 ], [ -76.195507512492242, 43.026991587298198 ], [ -76.196983514265511, 43.028352586378013 ], [ -76.2036375147798, 43.026726586350087 ], [ -76.2033465108114, 43.022603588644458 ], [ -76.194205507665856, 43.022458589843815 ], [ -76.193714510522085, 43.025547588292582 ], [ -76.185305508183376, 43.025875589227553 ], [ -76.181148504920941, 43.023974590703041 ], [ -76.17764049822793, 43.018619593713495 ], [ -76.191412499537947, 43.015145593956532 ], [ -76.202397502693472, 43.014334593263904 ], [ -76.202557500821825, 43.012289594362173 ], [ -76.234639512485785, 43.012124591394937 ], [ -76.259343532187117, 43.015901577344664 ], [ -76.270041545028604, 43.01598156578207 ], [ -76.270389548969163, 43.020370562762885 ], [ -76.273968558944844, 43.027369554829058 ] ] ] } },
{ "type": "Feature", "properties": { "GEOID": "36067016501", "tract_name": "Census Tract 165.01; Onondaga County; New York", "median_age": 46.8, "median_income": 87692.0, "population_density": 83.667393983086868, "county": "Onondaga" }, "geometry": { "type": "Polygon", "coordinates": [ [ [ -76.365188604341611, 42.95344541740652 ], [ -76.352749588820998, 42.951372428987909 ], [ -76.343798581733267, 42.954909442815129 ], [ -76.336370577444328, 42.959911456573636 ], [ -76.335426578147775, 42.962124460054973 ], [ -76.337075587204538, 42.971166468132687 ], [ -76.331418585641771, 42.977284481185478 ], [ -76.331480590077433, 42.982803487180156 ], [ -76.288064541239365, 42.983942537204939 ], [ -76.280858469447168, 42.897512448835037 ], [ -76.360943550655449, 42.893977357388223 ], [ -76.365188604341611, 42.95344541740652 ] ] ] } },
{ "type": "Feature", "properties": { "GEOID": "36067940000", "tract_name": "Census Tract 9400; Onondaga County; New York", "median_age": 53.1, "median_income": 45401.0, "population_density": 44.39978465499054, "county": "Onondaga" }, "geometry": { "type": "Polygon", "coordinates": [ [ [ -76.183985461302711, 42.969690576537268 ], [ -76.171612456665898, 42.970143579264679 ], [ -76.17078144919418, 42.959335570860105 ], [ -76.158464444573795, 42.959684574013188 ], [ -76.15904645190308, 42.970530581931918 ], [ -76.136381443245241, 42.971143586583942 ], [ -76.131834404317601, 42.913223551066984 ], [ -76.179557420522954, 42.911033528743573 ], [ -76.183985461302711, 42.969690576537268 ] ] ] } },
{ "type": "Feature", "properties": { "GEOID": "36067004000", "tract_name": "Census Tract 40; Onondaga County; New York", "median_age": 35.5, "median_income": 31161.0, "population_density": 6803.7238519189641, "county": "Onondaga" }, "geometry": { "type": "Polygon", "coordinates": [ [ [ -76.172029519929382, 43.040927583982089 ], [ -76.171283521754106, 43.042827583230981 ], [ -76.153891518148342, 43.043514586009387 ], [ -76.156053512882778, 43.038331587813786 ], [ -76.161312517014053, 43.04080158587184 ], [ -76.172029519929382, 43.040927583982089 ] ] ] } },
{ "type": "Feature", "properties": { "GEOID": "36067011242", "tract_name": "Census Tract 112.42; Onondaga County; New York", "median_age": 38.3, "median_income": 113580.0, "population_density": 3906.70562447975, "county": "Onondaga" }, "geometry": { "type": "Polygon", "coordinates": [ [ [ -76.158000650642961, 43.161687534755508 ], [ -76.150393648547322, 43.158523539768197 ], [ -76.151271673126729, 43.18026553043601 ], [ -76.144303670872461, 43.176715535577415 ], [ -76.132265671825365, 43.17495354258029 ], [ -76.130165640773242, 43.14903255286201 ], [ -76.156422647410608, 43.158516536870401 ], [ -76.158000650642961, 43.161687534755508 ] ] ] } },
{ "type": "Feature", "properties": { "GEOID": "36067012100", "tract_name": "Census Tract 121; Onondaga County; New York", "median_age": 43.0, "median_income": 116458.0, "population_density": 236.56477847879864, "county": "Onondaga" }, "geometry": { "type": "Polygon", "coordinates": [ [ [ -76.377174739798988, 43.082022434027081 ], [ -76.319730666222881, 43.084739482100744 ], [ -76.319945668875917, 43.087370480764015 ], [ -76.297081638880925, 43.087956499667897 ], [ -76.297572644931847, 43.094258496025404 ], [ -76.278491619950628, 43.095144511108302 ], [ -76.278788624209497, 43.099852508160268 ], [ -76.259239598489415, 43.100915523094415 ], [ -76.238106565563086, 43.076195550145428 ], [ -76.252369573386162, 43.08039554214502 ], [ -76.257841579183037, 43.078562538603038 ], [ -76.261242584093551, 43.079113535298532 ], [ -76.265244587320836, 43.076533533426215 ], [ -76.270241594349855, 43.077118528696985 ], [ -76.272584595265883, 43.074440528243755 ], [ -76.272006591733557, 43.070997530810253 ], [ -76.27441259239157, 43.067946530456894 ], [ -76.280621597242657, 43.06406452705054 ], [ -76.288333600397024, 43.055973524373705 ], [ -76.294688605554853, 43.052529520174431 ], [ -76.295752602540631, 43.047414521811334 ], [ -76.298681607848096, 43.049312517997926 ], [ -76.30356661321126, 43.048402513728391 ], [ -76.302550609560882, 43.045662516072404 ], [ -76.304838612408176, 43.045641513845247 ], [ -76.305514611726807, 43.043888514036865 ], [ -76.31011661745076, 43.04386150952233 ], [ -76.310209616457087, 43.042601510024177 ], [ -76.312874619722194, 43.042537507420683 ], [ -76.317780622618884, 43.038944504174481 ], [ -76.315906620394514, 43.039054505998948 ], [ -76.315342615912073, 43.034807508490672 ], [ -76.318749616671425, 43.030979506731235 ], [ -76.341323636060679, 43.022231486779759 ], [ -76.340323630463388, 43.017558489570369 ], [ -76.335930620245762, 43.012234496328801 ], [ -76.3710206601978, 43.010526458596722 ], [ -76.377174739798988, 43.082022434027081 ] ] ] } },
{ "type": "Feature", "properties": { "GEOID": "36067015500", "tract_name": "Census Tract 155; Onondaga County; New York", "median_age": 49.9, "median_income": 94188.0, "population_density": 1502.0263584021336, "county": "Onondaga" }, "geometry": { "type": "Polygon", "coordinates": [ [ [ -76.038494519162228, 43.062529604412212 ], [ -76.010889509200425, 43.059493610830806 ], [ -76.000497496718211, 43.053341613194867 ], [ -76.005829492501036, 43.05017761219132 ], [ -76.008511484557673, 43.045091611837364 ], [ -76.011788482110035, 43.043145611322444 ], [ -76.037176489866255, 43.044031606730854 ], [ -76.038494519162228, 43.062529604412212 ] ] ] } },
{ "type": "Feature", "properties": { "GEOID": "36067012300", "tract_name": "Census Tract 123; Onondaga County; New York", "median_age": 45.3, "median_income": 94762.0, "population_density": 941.57676686880291, "county": "Onondaga" }, "geometry": { "type": "Polygon", "coordinates": [ [ [ -76.34179063576849, 43.021323486619664 ], [ -76.336649632948223, 43.024942490672942 ], [ -76.323203620022582, 43.028662503150997 ], [ -76.313622613221028, 43.034161510531298 ], [ -76.311460608992249, 43.032384513557183 ], [ -76.30723760726282, 43.036327515976694 ], [ -76.299222600644782, 43.040137522129328 ], [ -76.274485570672269, 43.041052546232429 ], [ -76.273511559839719, 43.029162554241687 ], [ -76.291745581416208, 43.028365535839903 ], [ -76.290565568122787, 43.014293544601998 ], [ -76.335930620245762, 43.012234496328801 ], [ -76.34179063576849, 43.021323486619664 ] ] ] } },
{ "type": "Feature", "properties": { "GEOID": "36067012400", "tract_name": "Census Tract 124; Onondaga County; New York", "median_age": 55.2, "median_income": 65089.0, "population_density": 1784.4387737760458, "county": "Onondaga" }, "geometry": { "type": "Polygon", "coordinates": [ [ [ -76.305615610507672, 43.042345514687554 ], [ -76.304920612449067, 43.045570513799724 ], [ -76.302312609731871, 43.04620451603575 ], [ -76.303651613268698, 43.048345513674121 ], [ -76.298681607848096, 43.049312517997926 ], [ -76.295886602627888, 43.047319521730309 ], [ -76.294688605554853, 43.052529520174431 ], [ -76.288333600397024, 43.055973524373705 ], [ -76.273221592433075, 43.069906530371092 ], [ -76.266237575166329, 43.059605542989424 ], [ -76.265315559543637, 43.041397555125812 ], [ -76.300838601970767, 43.039348520915524 ], [ -76.300052603073595, 43.04176152048322 ], [ -76.305615610507672, 43.042345514687554 ] ] ] } },
{ "type": "Feature", "properties": { "GEOID": "36067003900", "tract_name": "Census Tract 39; Onondaga County; New York", "median_age": 25.3, "median_income": 19948.0, "population_density": 9343.2728723385098, "county": "Onondaga" }, "geometry": { "type": "Polygon", "coordinates": [ [ [ -76.174953512882254, 43.033481586997553 ], [ -76.172396519054402, 43.040010584346085 ], [ -76.161312517014053, 43.04080158587184 ], [ -76.155154512797125, 43.03847058790317 ], [ -76.154697510834993, 43.036835588663223 ], [ -76.16433951196781, 43.035443587734846 ], [ -76.164776509666552, 43.033213588659542 ], [ -76.174953512882254, 43.033481586997553 ] ] ] } },
{ "type": "Feature", "properties": { "GEOID": "36067005400", "tract_name": "Census Tract 54; Onondaga County; New York", "median_age": 31.3, "median_income": 35386.0, "population_density": 8869.1041901675653, "county": "Onondaga" }, "geometry": { "type": "Polygon", "coordinates": [ [ [ -76.152059499395406, 43.027395592974472 ], [ -76.142133497419735, 43.028338593956121 ], [ -76.141493498789828, 43.029671593532555 ], [ -76.1405424872666, 43.020139597303775 ], [ -76.149278490077279, 43.020015596336933 ], [ -76.152059499395406, 43.027395592974472 ] ] ] } },
{ "type": "Feature", "properties": { "GEOID": "36067012800", "tract_name": "Census Tract 128; Onondaga County; New York", "median_age": 49.7, "median_income": 76941.0, "population_density": 369.45863254121144, "county": "Onondaga" }, "geometry": { "type": "Polygon", "coordinates": [ [ [ -76.279401645234486, 43.124456493577952 ], [ -76.270382632900834, 43.12489049978619 ], [ -76.265126623961905, 43.12294350475613 ], [ -76.261479619592407, 43.123895506788834 ], [ -76.256302609550147, 43.12032651282901 ], [ -76.251344604289642, 43.122508515001087 ], [ -76.245001600104899, 43.11924552004777 ], [ -76.242773597149437, 43.115400523392012 ], [ -76.185999554680407, 43.071865566080469 ], [ -76.199647548653786, 43.063525567112052 ], [ -76.219282553207947, 43.064833561810566 ], [ -76.231557558431234, 43.06862155658181 ], [ -76.279401645234486, 43.124456493577952 ] ] ] } },
{ "type": "Feature", "properties": { "GEOID": "36067010200", "tract_name": "Census Tract 102; Onondaga County; New York", "median_age": 41.3, "median_income": 77372.0, "population_density": 646.63096438172988, "county": "Onondaga" }, "geometry": { "type": "Polygon", "coordinates": [ [ [ -76.157647741581243, 43.243266500126801 ], [ -76.148526742051558, 43.239634508014454 ], [ -76.139838747203697, 43.240354513778449 ], [ -76.130494744762061, 43.234525522358901 ], [ -76.115967750443971, 43.2335595325642 ], [ -76.10696874674359, 43.227474540456676 ], [ -76.106380742867643, 43.224310541768681 ], [ -76.099254746816001, 43.224935546262351 ], [ -76.084514741926199, 43.216767557844371 ], [ -76.080303742293069, 43.215806560730918 ], [ -76.079984745583133, 43.218050560434584 ], [ -76.079064746727227, 43.218591560902816 ], [ -76.078737742436346, 43.215459561796649 ], [ -76.069414745092814, 43.214697567829134 ], [ -76.06807174251793, 43.212556569082025 ], [ -76.081266739813159, 43.214317560457658 ], [ -76.08532473591147, 43.212673558296437 ], [ -76.084899733865541, 43.21108155893549 ], [ -76.080230734104433, 43.209968562076369 ], [ -76.079673733136062, 43.209130562605161 ], [ -76.078400733947149, 43.209362563336917 ], [ -76.076897733218985, 43.20844756445706 ], [ -76.082042730421961, 43.20783456144401 ], [ -76.081803722574818, 43.202172562873677 ], [ -76.07867271977257, 43.199408565344115 ], [ -76.071695722792455, 43.199846569365164 ], [ -76.071431716793199, 43.195620570363481 ], [ -76.07452571361415, 43.194106568886539 ], [ -76.082599714602381, 43.196673563657328 ], [ -76.095091711557117, 43.197489556177395 ], [ -76.110342700757414, 43.193091548601231 ], [ -76.121937696092942, 43.192313542224774 ], [ -76.115805676768758, 43.175609551005017 ], [ -76.13685967088621, 43.175127540106338 ], [ -76.138474703025523, 43.202552528944992 ], [ -76.142530701416064, 43.202405526579696 ], [ -76.143556717777642, 43.216732520387588 ], [ -76.155426712371394, 43.216232513065876 ], [ -76.157647741581243, 43.243266500126801 ] ] ] } },
{ "type": "Feature", "properties": { "GEOID": "36093033102", "tract_name": "Census Tract 331.02; Schenectady County; New York", "median_age": 42.2, "median_income": 93267.0, "population_density": 83.17285805543284, "county": "Schenectady" }, "geometry": { "type": "Polygon", "coordinates": [ [ [ -74.306549788256376, 42.750640882075757 ], [ -74.301483792064815, 42.753463882163253 ], [ -74.28821679883329, 42.756542881894596 ], [ -74.269721805695951, 42.757366881159115 ], [ -74.263503806504829, 42.755611880791733 ], [ -74.258796809218111, 42.757133880673045 ], [ -74.252814815917162, 42.763488880695164 ], [ -74.25147981828492, 42.766094880739743 ], [ -74.25458482399344, 42.775272881325662 ], [ -74.24793983663055, 42.786350881490797 ], [ -74.253265835404775, 42.79017688190784 ], [ -74.254441838779016, 42.795295882234761 ], [ -74.26190183640044, 42.795449882868738 ], [ -74.264758838023809, 42.79894688330765 ], [ -74.258527842634876, 42.802384882933389 ], [ -74.255322846410564, 42.806062882812434 ], [ -74.254946849296786, 42.809813882950579 ], [ -74.25682885043733, 42.812212883253672 ], [ -74.125206009280049, 42.876578884431602 ], [ -74.113082025713553, 42.82229788248835 ], [ -74.103388046595882, 42.767431880591722 ], [ -74.060496111106403, 42.771722880691826 ], [ -74.054400128417001, 42.745469881155799 ], [ -74.180273916787669, 42.729977882107676 ], [ -74.184234905651735, 42.712498883770834 ], [ -74.202712875759389, 42.710824883076967 ], [ -74.239845818072084, 42.718922881066426 ], [ -74.241013815822839, 42.716855881091242 ], [ -74.272294794060571, 42.71426888151943 ], [ -74.270767795327671, 42.719540881361837 ], [ -74.277839793090351, 42.719470881596493 ], [ -74.305329787873063, 42.747394882012969 ], [ -74.306549788256376, 42.750640882075757 ] ] ] } },
{ "type": "Feature", "properties": { "GEOID": "36093020102", "tract_name": "Census Tract 201.02; Schenectady County; New York", "median_age": 30.0, "median_income": 45930.0, "population_density": 7608.8338993053694, "county": "Schenectady" }, "geometry": { "type": "Polygon", "coordinates": [ [ [ -73.925131113926568, 42.820288890552185 ], [ -73.915520098802418, 42.836982892115842 ], [ -73.907640097208528, 42.830411892827136 ], [ -73.909450100008485, 42.827113892528665 ], [ -73.915793102615467, 42.829987891887967 ], [ -73.922468112247259, 42.820095890849842 ], [ -73.925131113926568, 42.820288890552185 ] ] ] } },
{ "type": "Feature", "properties": { "GEOID": "36093032504", "tract_name": "Census Tract 325.04; Schenectady County; New York", "median_age": 44.3, "median_income": 108571.0, "population_density": 89.042414403526521, "county": "Schenectady" }, "geometry": { "type": "Polygon", "coordinates": [ [ [ -74.092980019171918, 42.955866886883179 ], [ -74.055458034898294, 42.953274886423628 ], [ -74.032911050080699, 42.943133885890283 ], [ -74.006531069278495, 42.934071885376511 ], [ -73.976842079187122, 42.91589788740886 ], [ -73.964788084457254, 42.902058888375123 ], [ -73.959256084157019, 42.899223888919877 ], [ -73.954472087650387, 42.89087488922322 ], [ -73.954553089748657, 42.887705889123772 ], [ -73.950963089041949, 42.886316889490722 ], [ -73.947121090410349, 42.881377889785398 ], [ -73.94919109352152, 42.877984889454417 ], [ -73.956127094208938, 42.881974888782239 ], [ -73.957419095739027, 42.8805648885957 ], [ -73.962795097376201, 42.881859888023669 ], [ -73.966861100759601, 42.879695887501221 ], [ -73.969585100727258, 42.881570887246269 ], [ -73.979413104448554, 42.882721886166053 ], [ -73.978936103223432, 42.884093886259457 ], [ -73.998340113127568, 42.882774884023824 ], [ -73.997910114167794, 42.88121988402763 ], [ -74.010803114196094, 42.870088883532731 ], [ -74.016451114395636, 42.862441883338832 ], [ -74.024427102854773, 42.868361883560766 ], [ -74.027412102770356, 42.864139883450406 ], [ -74.030910097994607, 42.866498883541645 ], [ -74.031873094618476, 42.870572883671166 ], [ -74.034872089762828, 42.874173883799024 ], [ -74.042867080849163, 42.877505883950796 ], [ -74.050911070739758, 42.883862884200411 ], [ -74.054917066800243, 42.885179884268211 ], [ -74.061330062754692, 42.882295884218628 ], [ -74.065384058634649, 42.88407788430203 ], [ -74.070425052281607, 42.889954884525089 ], [ -74.084844038905217, 42.896867884852128 ], [ -74.084297038301642, 42.90043288496588 ], [ -74.092980019171918, 42.955866886883179 ] ] ] } },
{ "type": "Feature", "properties": { "GEOID": "36065026502", "tract_name": "Census Tract 265.02; Oneida County; New York", "median_age": 54.1, "median_income": null, "population_density": 796.34930269777794, "county": "Oneida" }, "geometry": { "type": "Polygon", "coordinates": [ [ [ -75.265206282517568, 43.099075863612782 ], [ -75.259789281571045, 43.105908865650072 ], [ -75.258014280443533, 43.105170865363853 ], [ -75.254945279465943, 43.107685866125777 ], [ -75.250064276305963, 43.105324865213113 ], [ -75.261361280010362, 43.097029862813905 ], [ -75.265206282517568, 43.099075863612782 ] ] ] } },
{ "type": "Feature", "properties": { "GEOID": "36065026501", "tract_name": "Census Tract 265.01; Oneida County; New York", "median_age": 19.9, "median_income": null, "population_density": 3811.8652908632048, "county": "Oneida" }, "geometry": { "type": "Polygon", "coordinates": [ [ [ -75.275576287819803, 43.099157864005591 ], [ -75.273880287672966, 43.101527864664611 ], [ -75.270470285467013, 43.09999886408481 ], [ -75.270603285073392, 43.098426863604033 ], [ -75.267062284492098, 43.102699864818312 ], [ -75.263851282403962, 43.101164864232523 ], [ -75.271317283812976, 43.092936861941709 ], [ -75.275428286154494, 43.093969862439508 ], [ -75.274240286204545, 43.096074863024825 ], [ -75.275576287819803, 43.099157864005591 ] ] ] } },
{ "type": "Feature", "properties": { "GEOID": "36065021104", "tract_name": "Census Tract 211.04; Oneida County; New York", "median_age": 28.4, "median_income": 31290.0, "population_density": 11284.411527797369, "county": "Oneida" }, "geometry": { "type": "Polygon", "coordinates": [ [ [ -75.263398279753417, 43.092357861395968 ], [ -75.241880269443882, 43.101253872981552 ], [ -75.236988265169629, 43.09858587762497 ], [ -75.25601427532942, 43.089225860011922 ], [ -75.263398279753417, 43.092357861395968 ] ] ] } },
{ "type": "Feature", "properties": { "GEOID": "36029980500", "tract_name": "Census Tract 9805; Erie County; New York", "median_age": 19.4, "median_income": null, "population_density": 1797.4778550425369, "county": "Erie" }, "geometry": { "type": "Polygon", "coordinates": [ [ [ -78.824461697407827, 42.952456340460607 ], [ -78.818693684204675, 42.957570339201233 ], [ -78.808942667960849, 42.961414337912124 ], [ -78.807683672389743, 42.956541338380255 ], [ -78.803875668024972, 42.956408338061493 ], [ -78.803881670269703, 42.954554338263144 ], [ -78.80865967584549, 42.954652338688732 ], [ -78.80875767887234, 42.95225833898089 ], [ -78.813503688586451, 42.948959339858831 ], [ -78.820856696562643, 42.949655340515136 ], [ -78.824461697407827, 42.952456340460607 ] ] ] } },
{ "type": "Feature", "properties": { "GEOID": "36029004601", "tract_name": "Census Tract 46.01; Erie County; New York", "median_age": 27.3, "median_income": 67076.0, "population_density": 12176.538637176616, "county": "Erie" }, "geometry": { "type": "Polygon", "coordinates": [ [ [ -78.838347708401216, 42.956879341003024 ], [ -78.838287706388542, 42.958410340725685 ], [ -78.81888168463253, 42.95740433924032 ], [ -78.825604700053589, 42.951429340726349 ], [ -78.832427707934571, 42.951659341355366 ], [ -78.835682706327432, 42.956015340920715 ], [ -78.838347708401216, 42.956879341003024 ] ] ] } },
{ "type": "Feature", "properties": { "GEOID": "36055013300", "tract_name": "Census Tract 133; Monroe County; New York", "median_age": 52.5, "median_income": 111053.0, "population_density": 113.55557516770648, "county": "Monroe" }, "geometry": { "type": "Polygon", "coordinates": [ [ [ -77.760643757116569, 42.943081967952438 ], [ -77.753184739908335, 42.945645965534979 ], [ -77.747720744368081, 42.944128957936243 ], [ -77.742646749573154, 42.9447419543324 ], [ -77.737554746245877, 42.947866954875089 ], [ -77.732378762391036, 42.945282945819635 ], [ -77.730907753742628, 42.948414949613998 ], [ -77.734469727059533, 42.954768963439221 ], [ -77.732568725697163, 42.955928963542938 ], [ -77.728407741358453, 42.953030954833039 ], [ -77.725032724573538, 42.959220961681936 ], [ -77.726199699679952, 42.965965973777166 ], [ -77.724586683325029, 42.971290980806494 ], [ -77.717884687239305, 42.972613976151827 ], [ -77.720748660657847, 42.97919098962381 ], [ -77.732941636355477, 42.981910006760785 ], [ -77.727771596208854, 42.995372023309429 ], [ -77.733053573448274, 43.000797036657666 ], [ -77.730495571594588, 43.004762033418196 ], [ -77.722667574898608, 43.009103023939993 ], [ -77.721319572258366, 43.012469021897658 ], [ -77.723086564943515, 43.01696002336638 ], [ -77.595222698073499, 43.017560869975995 ], [ -77.637522918723036, 42.939961851778023 ], [ -77.759052763679449, 42.940459961978796 ], [ -77.760643757116569, 42.943081967952438 ] ] ] } },
{ "type": "Feature", "properties": { "GEOID": "36065026700", "tract_name": "Census Tract 267; Oneida County; New York", "median_age": 52.0, "median_income": 76891.0, "population_density": 55.104160591977696, "county": "Oneida" }, "geometry": { "type": "Polygon", "coordinates": [ [ [ -75.884275576491177, 43.155560682809444 ], [ -75.862934617530129, 43.319220770423257 ], [ -75.735257468975021, 43.289291842227428 ], [ -75.734052469418288, 43.289385842135395 ], [ -75.734246470395547, 43.291114842091261 ], [ -75.73122747014412, 43.289082841940051 ], [ -75.727556473617966, 43.292980841438677 ], [ -75.72684047299316, 43.291533841466475 ], [ -75.723490474671607, 43.292596841109578 ], [ -75.722138474212969, 43.291067841116636 ], [ -75.719958475063819, 43.291343840916113 ], [ -75.720974475979531, 43.293492840814856 ], [ -75.719144476522587, 43.293440840654789 ], [ -75.717682475584382, 43.29099084076497 ], [ -75.715004477961159, 43.293692840255083 ], [ -75.713213477289599, 43.291498840347018 ], [ -75.713985475632498, 43.288988840694394 ], [ -75.703992478823565, 43.288947839976203 ], [ -75.69920547875752, 43.285944840143117 ], [ -75.704366475631716, 43.283306840853363 ], [ -75.701752475666851, 43.281761840970582 ], [ -75.698260477333264, 43.282691840653776 ], [ -75.700294475294697, 43.280157841173363 ], [ -75.693482474810864, 43.274834841943594 ], [ -75.69002147864353, 43.279912840834122 ], [ -75.68431647821771, 43.275255841690075 ], [ -75.677059481797727, 43.277401841001165 ], [ -75.677759479647861, 43.273536842004852 ], [ -75.674649480733763, 43.273525841970283 ], [ -75.670308483526313, 43.276170841167186 ], [ -75.667842482103083, 43.271380842518155 ], [ -75.66059948516471, 43.27244384214972 ], [ -75.657854487056099, 43.274465841455815 ], [ -75.653898487647908, 43.272706842006016 ], [ -75.650469489642319, 43.274483841333407 ], [ -75.648566489357492, 43.272319842101794 ], [ -75.644404490672429, 43.271959842210094 ], [ -75.638941491190778, 43.268593843546476 ], [ -75.636700492658491, 43.270180842903613 ], [ -75.635298492579309, 43.268777843495549 ], [ -75.624497496392124, 43.268587843654309 ], [ -75.616962497635427, 43.264701845623328 ], [ -75.612344500640731, 43.268236843922203 ], [ -75.608205501571391, 43.266680844777795 ], [ -75.612729496800213, 43.258248849003806 ], [ -75.608860497977261, 43.257442849611024 ], [ -75.607200497240214, 43.253637851714913 ], [ -75.61073449604902, 43.254134851225601 ], [ -75.618577491987594, 43.251460852025211 ], [ -75.620497492806024, 43.255541849928925 ], [ -75.624032490851747, 43.254028850426145 ], [ -75.625212488836965, 43.250079852168 ], [ -75.621958488386994, 43.24475185053987 ], [ -75.623058486969754, 43.241594849260494 ], [ -75.625696486170298, 43.242046849142888 ], [ -75.625943487350625, 43.246191850695894 ], [ -75.628998486335263, 43.246664850595728 ], [ -75.633980484005519, 43.245030849469209 ], [ -75.632172483873632, 43.242121848472863 ], [ -75.633774482165904, 43.237905846576481 ], [ -75.64000148070582, 43.240603846974338 ], [ -75.645955478606254, 43.24055784627933 ], [ -75.645891479202049, 43.243268847511118 ], [ -75.647521478737673, 43.243898847630092 ], [ -75.651035476794519, 43.240398845628548 ], [ -75.655320475129713, 43.239409844660507 ], [ -75.667017467795844, 43.209810827704921 ], [ -75.6702324670091, 43.208480826275348 ], [ -75.670859467040643, 43.210157827038699 ], [ -75.674112466338059, 43.209765826103755 ], [ -75.674732466306963, 43.211048826676333 ], [ -75.672830466782855, 43.211942827579591 ], [ -75.674089466589052, 43.21293282785529 ], [ -75.677007465879655, 43.211867826640933 ], [ -75.675960466011887, 43.210523826115889 ], [ -75.677250465675371, 43.209444825225468 ], [ -75.678970465471366, 43.212109826356709 ], [ -75.683648464330886, 43.208082822998577 ], [ -75.686982463671441, 43.207880822116849 ], [ -75.687221463587392, 43.205476820624753 ], [ -75.689889463096776, 43.205975820294142 ], [ -75.693539462439105, 43.20430981840034 ], [ -75.692939462559778, 43.203162817836329 ], [ -75.696868461860561, 43.203748817241355 ], [ -75.698566461627166, 43.20203081573154 ], [ -75.701404461127524, 43.2024678153061 ], [ -75.702391460755578, 43.206081817415949 ], [ -75.705796460210038, 43.204811815771727 ], [ -75.706300459968404, 43.206815816984296 ], [ -75.708087459626412, 43.206828816577065 ], [ -75.709022459614289, 43.204936815082306 ], [ -75.716859458459652, 43.202772811685215 ], [ -75.729315457788815, 43.19480780265922 ], [ -75.732803458092405, 43.190968798784716 ], [ -75.731354459013033, 43.18708279627306 ], [ -75.732128460256902, 43.180402790983614 ], [ -75.737848462933272, 43.166817778561992 ], [ -75.737363463309038, 43.165129777434828 ], [ -75.747394465272279, 43.1581117679305 ], [ -75.753342467953715, 43.159046765562579 ], [ -75.753650467864702, 43.160432766490686 ], [ -75.757744471182932, 43.161370764670032 ], [ -75.761563473656622, 43.165808765733374 ], [ -75.768787479645823, 43.169893764171633 ], [ -75.775345485664033, 43.171434760989342 ], [ -75.776282486414047, 43.173350761771573 ], [ -75.778099488207843, 43.172625760028076 ], [ -75.777021487329947, 43.170298759048229 ], [ -75.778513488855083, 43.168050756434013 ], [ -75.78641049612385, 43.166760750383411 ], [ -75.793416502079097, 43.160045741308352 ], [ -75.795670504093863, 43.161031740557526 ], [ -75.798103505992387, 43.158983737676095 ], [ -75.816052521864364, 43.161537728047598 ], [ -75.828254531589707, 43.158940718902024 ], [ -75.839993542241999, 43.160511712421787 ], [ -75.853277551448741, 43.15637770212286 ], [ -75.856667550747645, 43.1502056971717 ], [ -75.863135553816292, 43.147025691926615 ], [ -75.869884559149483, 43.147387688150481 ], [ -75.873284563181826, 43.149467687020312 ], [ -75.874588566577629, 43.152821687611734 ], [ -75.884275576491177, 43.155560682809444 ] ] ] } },
{ "type": "Feature", "properties": { "GEOID": "36055009605", "tract_name": "Census Tract 96.05; Monroe County; New York", "median_age": 32.0, "median_income": 28226.0, "population_density": 6155.4220775995627, "county": "Monroe" }, "geometry": { "type": "Polygon", "coordinates": [ [ [ -77.654144421380906, 43.16465287006281 ], [ -77.636710430293192, 43.16462583634128 ], [ -77.636710438230367, 43.159422839291132 ], [ -77.627005443407398, 43.159388820785757 ], [ -77.624684447406395, 43.157621817463642 ], [ -77.649334434828674, 43.157216864500974 ], [ -77.64956042849488, 43.161418862817776 ], [ -77.654144421380906, 43.16465287006281 ] ] ] } },
{ "type": "Feature", "properties": { "GEOID": "36055001600", "tract_name": "Census Tract 16; Monroe County; New York", "median_age": 32.4, "median_income": 20893.0, "population_density": 7785.0080731262406, "county": "Monroe" }, "geometry": { "type": "Polygon", "coordinates": [ [ [ -77.601629440903537, 43.169005765207949 ], [ -77.598814431773889, 43.175325754917537 ], [ -77.576176441575939, 43.175802709486256 ], [ -77.577366444920571, 43.173563713789811 ], [ -77.585828441686488, 43.173098730924181 ], [ -77.586362445279704, 43.170847733823479 ], [ -77.594529441668541, 43.170633750047287 ], [ -77.599037445116892, 43.167240761469088 ], [ -77.598760442585672, 43.168844759715455 ], [ -77.601629440903537, 43.169005765207949 ] ] ] } },
{ "type": "Feature", "properties": { "GEOID": "36055011712", "tract_name": "Census Tract 117.12; Monroe County; New York", "median_age": 48.4, "median_income": 111944.0, "population_density": 2318.2508611704952, "county": "Monroe" }, "geometry": { "type": "Polygon", "coordinates": [ [ [ -77.472053757390029, 43.064224676871504 ], [ -77.460682756790732, 43.079032644898547 ], [ -77.442000796432708, 43.079075628668967 ], [ -77.440548801548076, 43.077482630233028 ], [ -77.442337804112171, 43.072599640323936 ], [ -77.442340827701926, 43.054399672261439 ], [ -77.457085800188679, 43.054921680990404 ], [ -77.469103782520378, 43.052349692763407 ], [ -77.471193773175884, 43.055725689010472 ], [ -77.472053757390029, 43.064224676871504 ] ] ] } },
{ "type": "Feature", "properties": { "GEOID": "36055011711", "tract_name": "Census Tract 117.11; Monroe County; New York", "median_age": 55.2, "median_income": 99643.0, "population_density": 2107.0784216455418, "county": "Monroe" }, "geometry": { "type": "Polygon", "coordinates": [ [ [ -77.442340827701926, 43.054399672261439 ], [ -77.442337804112171, 43.072599640323936 ], [ -77.440439802794216, 43.076683631555504 ], [ -77.442000796432708, 43.079075628668967 ], [ -77.432101817396713, 43.079140619985878 ], [ -77.43203284638669, 43.054406665552918 ], [ -77.438467836112594, 43.053287671734523 ], [ -77.442340827701926, 43.054399672261439 ] ] ] } }
]
}
